Date,Coca_Cola,Kraft_Heinz,McDonalds,Mondelez,Brent_Oil_Price
2000-01-04,,13.536967277526855,20.495433807373047,,23.95
2000-01-05,,13.65689468383789,20.825471878051758,,23.72
2000-01-06,,13.671883583068848,20.5284481048584,,23.55
2000-01-07,,14.571357727050781,21.05651092529297,,23.35
2000-01-10,,14.106622695922852,21.155519485473633,,22.77
2000-01-11,,14.586341857910156,21.650575637817383,,23.93
2000-01-12,,14.751238822937012,22.574676513671875,,24.62
2000-01-13,,14.526371002197266,22.34364891052246,,24.9
2000-01-14,,14.646310806274414,22.50041961669922,,25.5
2000-01-18,,15.59074878692627,21.914602279663086,,26.31
2000-01-19,,15.650707244873047,22.37666130065918,,26.17
2000-01-20,,15.80062198638916,22.47566795349121,,26.26
2000-01-21,,16.040481567382812,21.68358039855957,,27.18
2000-01-24,,15.560762405395508,20.858474731445312,,27.02
2000-01-25,,15.80062198638916,21.023502349853516,,27.24
2000-01-26,,15.126026153564453,18.878252029418945,,27.18
2000-01-27,,14.271523475646973,19.868364334106445,,26.91
2000-01-28,,13.65689468383789,19.406307220458984,,26.59
2000-01-31,,13.776813507080078,19.736345291137695,,27.08
2000-02-01,,13.941725730895996,19.340301513671875,,27.35
2000-02-02,,13.521974563598633,18.74623680114746,,27.15
2000-02-03,,13.252134323120117,18.48219871520996,,27.6
2000-02-04,,13.491994857788086,18.548208236694336,,27.48
2000-02-07,,13.641899108886719,18.44919204711914,,27.94
2000-02-08,,13.716856956481934,19.17528533935547,,27.61
2000-02-09,,13.671883583068848,18.944250106811523,,27.44
2000-02-10,,13.59692668914795,18.74623680114746,,27.32
2000-02-11,,13.327085494995117,18.44919204711914,,27.82
2000-02-14,,12.982297897338867,17.88812255859375,,28.03
2000-02-15,,13.357070922851562,17.822118759155273,,28.12
2000-02-16,,12.847372055053711,17.62409782409668,,28.11
2000-02-17,,12.54755973815918,17.822118759155273,,27.54
2000-02-18,,12.3226900100708,17.16204071044922,,27.26
2000-02-22,,12.412636756896973,17.063026428222656,,27.22
2000-02-23,,12.29270076751709,17.228046417236328,,27.92
2000-02-24,,11.947909355163574,16.56796646118164,,28.21
2000-02-25,,11.678065299987793,16.369949340820312,,28.53
2000-02-28,,11.827983856201172,16.435955047607422,,28.7
2000-02-29,,11.663081169128418,16.765993118286133,,29.01
2000-03-01,,12.232739448547363,16.5019588470459,,29.78
2000-03-02,,11.902928352355957,16.303937911987305,,30.12
2000-03-03,,12.022862434387207,17.063026428222656,,29.83
2000-03-06,,11.753023147583008,16.66698455810547,,30.08
2000-03-07,,11.303289413452148,15.775877952575684,,31.93
2000-03-08,,11.393237113952637,16.237932205200195,,31.41
2000-03-09,,11.21334457397461,16.89801597595215,,29.11
2000-03-10,,10.913520812988281,16.765993118286133,,28.97
2000-03-13,,10.53312873840332,17.1290340423584,,29.25
2000-03-14,,10.42779541015625,16.105911254882812,,28.83
2000-03-15,,11.451009750366211,17.16204071044922,,28.03
2000-03-16,,11.977669715881348,17.987136840820312,,27.97
2000-03-17,,11.827190399169922,17.855119705200195,,27.87
2000-03-20,,11.691766738891602,18.25116539001465,,25.59
2000-03-21,,11.902435302734375,18.614213943481445,,24.93
2000-03-22,,11.330632209777832,18.614213943481445,,25.77
2000-03-23,,11.31558895111084,18.581209182739258,,25.32
2000-03-24,,11.31558895111084,18.38318634033203,,25.74
2000-03-27,,10.89426040649414,18.35018539428711,,25.16
2000-03-28,,10.803982734680176,18.548208236694336,,24.8
2000-03-29,,11.285490989685059,19.439315795898438,,23.77
2000-03-30,,11.691766738891602,19.868364334106445,,23.94
2000-03-31,,11.300541877746582,19.736345291137695,,23.98
2000-04-03,,11.872340202331543,20.330429077148438,,24.62
2000-04-04,,12.609658241271973,20.346923828125,,23.26
2000-04-05,,11.466060638427734,20.363422393798828,,22.98
2000-04-06,,11.014636993408203,19.538320541381836,,22.9
2000-04-07,,11.119976043701172,19.538320541381836,,22.63
2000-04-10,,10.834075927734375,19.20828628540039,,21.08
2000-04-11,,11.360730171203613,19.901371002197266,,21.05
2000-04-12,,11.676725387573242,19.17528533935547,,21.4
2000-04-13,,11.375778198242188,18.0201416015625,,22.65
2000-04-14,,11.31558895111084,17.723108291625977,,22.13
2000-04-17,,11.676725387573242,17.789119720458984,,22.2
2000-04-18,,11.706823348999023,17.16204071044922,,22.67
2000-04-19,,11.842242240905762,17.45907974243164,,23.5
2000-04-20,,11.902435302734375,18.911243438720703,,23.57
2000-04-25,,12.158243179321289,20.462440490722656,,23.36
2000-04-26,,11.902435302734375,20.5284481048584,,22.9
2000-04-27,,11.616530418395996,20.495433807373047,,23.07
2000-04-28,,11.375778198242188,20.099390029907227,,23.79
2000-05-02,,11.13502311706543,20.693449020385742,,24.73
2000-05-03,,11.676725387573242,19.703340530395508,,25.13
2000-05-04,,11.676725387573242,18.878252029418945,,25.06
2000-05-05,,11.330632209777832,18.845237731933594,,24.93
2000-05-08,,11.676725387573242,18.911243438720703,,26.03
2000-05-09,,12.158243179321289,19.538320541381836,,26.69
2000-05-10,,12.714988708496094,20.39642333984375,,26.59
2000-05-11,,12.89555549621582,20.165395736694336,,27.22
2000-05-12,,12.57956314086914,19.835363388061523,,27.98
2000-05-15,,12.459187507629395,20.165395736694336,,28.26
2000-05-16,,11.782057762145996,20.693449020385742,,28.78
2000-05-17,,11.616530418395996,20.627443313598633,,28.4
2000-05-18,,11.902435302734375,20.39642333984375,,28.9
2000-05-19,,12.052911758422852,19.967378616333008,,29.01
2000-05-22,,12.203376770019531,20.5284481048584,,28.45
2000-05-23,,12.037864685058594,20.660451889038086,,28.12
2000-05-24,,12.68488883972168,20.462440490722656,,28.97
2000-05-25,,12.68488883972168,19.703340530395508,,29.62
2000-05-26,,13.136316299438477,19.93436622619629,,30.09
2000-05-30,,12.97079086303711,19.30729866027832,,29.89
2000-05-31,,12.850415229797363,18.911243438720703,,29.64
2000-06-01,,12.820313453674316,18.812236785888672,,29.69
2000-06-02,,12.654797554016113,19.076269149780273,,29.35
2000-06-05,,12.519377708435059,18.74623680114746,,28.27
2000-06-06,,12.474225997924805,18.548208236694336,,28.42
2000-06-07,,12.76012897491455,18.416189193725586,,28.32
2000-06-08,,12.714988708496094,18.713214874267578,,29.34
2000-06-09,,12.594615936279297,17.88812255859375,,29.0
2000-06-12,,12.669840812683105,17.228046417236328,,30.1
2000-06-13,,12.892061233520508,17.096031188964844,,30.4
2000-06-14,,12.801481246948242,16.765993118286133,,30.12
2000-06-15,,13.495904922485352,16.964017868041992,,29.77
2000-06-16,,13.40532398223877,16.53496551513672,,28.68
2000-06-19,,13.148699760437012,16.63397216796875,,27.69
2000-06-20,,12.786385536193848,16.63397216796875,,28.86
2000-06-21,,12.922256469726562,16.53496551513672,,30.71
2000-06-22,,13.55628776550293,16.600975036621094,,30.61
2000-06-23,,13.978972434997559,17.228046417236328,,31.02
2000-06-26,,14.250706672668457,17.657100677490234,,30.9
2000-06-27,,13.978972434997559,17.26104736328125,,30.47
2000-06-28,,14.503575325012207,17.01352882385254,,31.15
2000-06-29,,14.265804290771484,16.5019588470459,,31.05
2000-06-30,,13.873302459716797,17.393068313598633,,31.58
2000-07-03,,14.054460525512695,17.16204071044922,,32.15
2000-07-05,,14.19033145904541,16.798995971679688,,30.35
2000-07-06,,14.235610008239746,16.99702262878418,,30.67
2000-07-07,,14.19033145904541,17.16204071044922,,30.62
2000-07-10,,13.903497695922852,17.030017852783203,,30.58
2000-07-11,,13.571382522583008,17.195043563842773,,29.83
2000-07-12,,13.55628776550293,16.89801597595215,,30.27
2000-07-13,,13.994075775146484,16.63397216796875,,31.15
2000-07-14,,13.918596267700195,16.56796646118164,,30.82
2000-07-17,,13.850658416748047,16.53496551513672,,28.44
2000-07-18,,14.054460525512695,16.53496551513672,,28.46
2000-07-19,,14.613016128540039,16.56796646118164,,28.33
2000-07-20,,14.613016128540039,16.732990264892578,,27.85
2000-07-21,,14.69981861114502,16.303937911987305,,26.68
2000-07-24,,14.3110933303833,15.973896026611328,,26.84
2000-07-25,,14.3110933303833,16.53496551513672,,25.78
2000-07-26,,14.205413818359375,16.732990264892578,,25.92
2000-07-27,,14.597921371459961,16.99702262878418,,25.6
2000-07-28,,15.141373634338379,16.89801597595215,,25.96
2000-07-31,,14.809263229370117,16.732990264892578,,25.3
2000-08-01,,15.216861724853516,17.228046417236328,,25.24
2000-08-02,,15.201767921447754,17.657100677490234,,26.8
2000-08-03,,15.216861724853516,17.558095932006836,,27.04
2000-08-04,,15.005508422851562,17.62409782409668,,28.01
2000-08-07,,14.824358940124512,17.789119720458984,,27.56
2000-08-08,,14.718692779541016,17.690101623535156,,27.58
2000-08-09,,14.446958541870117,17.26104736328125,,28.13
2000-08-10,,14.733790397644043,17.32706069946289,,28.98
2000-08-11,,15.035698890686035,17.657100677490234,,29.44
2000-08-14,,15.231955528259277,17.591094970703125,,29.24
2000-08-15,,14.97531795501709,17.1290340423584,,30.0
2000-08-16,,14.658304214477539,17.096031188964844,,29.66
2000-08-17,,14.416763305664062,16.5019588470459,,30.71
2000-08-18,,14.567721366882324,16.66698455810547,,30.76
2000-08-21,,14.446958541870117,16.66698455810547,,31.34
2000-08-22,,14.009167671203613,16.53496551513672,,30.18
2000-08-23,,14.20164966583252,16.468961715698242,,32.38
2000-08-24,,13.994075775146484,16.03990364074707,,31.67
2000-08-25,,13.526097297668457,16.03990364074707,,33.26
2000-08-28,,13.767633438110352,16.03990364074707,,33.29
2000-08-29,,13.60157299041748,16.07291603088379,,34.03
2000-08-30,,13.103405952453613,16.03990364074707,,34.13
2000-08-31,,12.71468734741211,15.784128189086914,,35.08
2000-09-01,,13.103405952453613,15.610856056213379,,35.09
2000-09-05,,13.60157299041748,15.676873207092285,,35.72
2000-09-06,,13.118499755859375,15.907885551452637,,36.7
2000-09-07,,13.043023109436035,15.577851295471191,,37.43
2000-09-08,,13.178890228271484,15.181804656982422,,36.27
2000-09-11,,12.801481246948242,14.983782768249512,,36.87
2000-09-12,,12.922256469726562,15.313823699951172,,33.3
2000-09-13,,12.721139907836914,14.356711387634277,,31.08
2000-09-14,,12.35767650604248,14.38970947265625,,31.35
2000-09-15,,12.312244415283203,14.78575325012207,,33.68
2000-09-18,,12.872583389282227,15.049789428710938,,34.55
2000-09-19,,12.81200122833252,14.719743728637695,,33.48
2000-09-20,,12.175944328308105,14.620739936828613,,33.67
2000-09-21,,12.009358406066895,14.2576904296875,,32.18
2000-09-22,,12.81200122833252,15.148804664611816,,31.59
2000-09-25,,12.978583335876465,15.544853210449219,,30.01
2000-09-26,,13.31176471710205,15.775877952575684,,29.94
2000-09-27,,13.478343963623047,15.775877952575684,,29.78
2000-09-28,,13.432916641235352,15.775877952575684,,28.91
2000-09-29,,13.357198715209961,15.940897941589355,,28.42
2000-10-02,,13.811514854431152,15.87489128112793,,29.65
2000-10-03,,13.644933700561523,15.973896026611328,,30.64
2000-10-04,,13.872095108032227,15.841886520385742,,30.07
2000-10-05,,14.326423645019531,15.907885551452637,,29.19
2000-10-06,,14.159834861755371,15.775877952575684,,29.62
2000-10-09,,14.008395195007324,15.87489128112793,,29.99
2000-10-10,,14.099257469177246,15.808882713317871,,30.95
2000-10-11,,14.19012451171875,15.841886520385742,,31.25
2000-10-12,,13.872095108032227,14.983782768249512,,33.45
2000-10-13,,13.856959342956543,15.247812271118164,,33.5
2000-10-16,,14.205263137817383,15.313823699951172,,32.03
2000-10-17,,14.038688659667969,14.78575325012207,,30.38
2000-10-18,,14.099257469177246,14.818758010864258,,30.98
2000-10-19,,13.841811180114746,14.719743728637695,,31.29
2000-10-20,,13.281473159790039,14.917773246765137,,30.16
2000-10-23,,13.402624130249023,15.379827499389648,,30.98
2000-10-24,,13.599502563476562,15.379827499389648,,31.81
2000-10-25,,14.038688659667969,15.313823699951172,,31.17
2000-10-26,,14.220413208007812,15.280816078186035,,31.48
2000-10-27,,14.280994415283203,15.709877014160156,,31.31
2000-10-30,,14.508149147033691,16.468961715698242,,31.09
2000-10-31,,14.629316329956055,16.369949340820312,,30.15
2000-11-01,,14.750460624694824,16.699993133544922,,31.62
2000-11-02,,14.720175743103027,16.865013122558594,,30.81
2000-11-03,,14.37186336517334,17.096031188964844,,30.81
2000-11-06,,14.659595489501953,16.89801597595215,,31.0
2000-11-07,,14.553590774536133,16.765993118286133,,31.59
2000-11-08,,14.583878517150879,16.699993133544922,,31.3
2000-11-09,,15.098775863647461,16.765993118286133,,31.79
2000-11-10,,14.992766380310059,17.45907974243164,,32.26
2000-11-13,,14.795896530151367,17.5733585357666,,32.5
2000-11-14,,14.67474365234375,17.772672653198242,,33.05
2000-11-15,,14.856476783752441,17.706233978271484,,33.82
2000-11-16,,15.007912635803223,17.37403106689453,,34.16
2000-11-17,,14.886768341064453,17.772672653198242,,33.09
2000-11-20,,13.705509185791016,17.805892944335938,,34.23
2000-11-21,,13.38748836517334,18.038433074951172,,33.33
2000-11-22,,14.432429313659668,18.20453643798828,,33.11
2000-11-24,,14.296131134033203,17.90555763244629,,33.35
2000-11-27,,14.432429313659668,16.97539520263672,,33.47
2000-11-28,,14.644454002380371,16.60997772216797,,32.59
2000-11-29,,15.095807075500488,17.274368286132812,,32.45
2000-11-30,,15.217308044433594,16.942171096801758,,32.53
2000-12-01,,15.110991477966309,16.44386863708496,,31.59
2000-12-04,,15.247675895690918,16.709632873535156,,30.37
2000-12-05,,14.928760528564453,16.211328506469727,,28.88
2000-12-06,,14.792067527770996,15.746253967285156,,27.47
2000-12-07,,15.15655517578125,16.078449249267578,,27.85
2000-12-08,,14.792067527770996,15.679817199707031,,26.85
2000-12-11,,14.169410705566406,15.912354469299316,,27.28
2000-12-12,,14.093472480773926,16.410655975341797,,26.81
2000-12-13,,14.047908782958984,16.54353141784668,,26.84
2000-12-14,,13.850473403930664,16.776079177856445,,24.32
2000-12-15,,13.000006675720215,16.74285125732422,,24.44
2000-12-18,,13.334124565124512,17.174711227416992,,25.11
2000-12-19,,13.78973388671875,17.473691940307617,,24.36
2000-12-20,,13.66823673248291,16.67641830444336,,23.29
2000-12-21,,14.42758560180664,17.37403106689453,,22.4
2000-12-22,,14.3060884475708,17.37403106689453,,22.23
2000-12-27,,14.716136932373047,17.6065731048584,,22.58
2000-12-28,,14.837632179260254,18.005210876464844,,22.29
2000-12-29,,14.807256698608398,18.0716552734375,,22.58
2001-01-02,,14.77687931060791,17.805892944335938,,23.43
2001-01-03,,14.397204399108887,17.90555763244629,,23.44
2001-01-04,,13.987165451049805,17.54013442993164,,24.57
2001-01-05,,14.017539024353027,17.50691032409668,,24.77
2001-01-08,,14.245331764221191,17.54013442993164,,24.75
2001-01-09,,14.42758560180664,17.5733585357666,,24.13
2001-01-10,,14.36683464050293,17.639793395996094,,24.98
2001-01-11,,13.941600799560547,17.37403106689453,,25.6
2001-01-12,,13.759358406066895,17.872325897216797,,25.63
2001-01-16,,13.850473403930664,18.138090133666992,,25.52
2001-01-17,,14.078288078308105,18.437074661254883,,24.27
2001-01-18,,13.880853652954102,17.872325897216797,,24.74
2001-01-19,,13.56192398071289,17.44046974182129,,26.29
2001-01-22,,13.531556129455566,17.805892944335938,,27.69
2001-01-23,,13.820100784301758,17.473691940307617,,27.02
2001-01-24,,14.108660697937012,16.37742805480957,,27.04
2001-01-25,,14.245331764221191,15.71303653717041,,26.94
2001-01-26,,14.078288078308105,15.414055824279785,,27.04
2001-01-29,,13.879637718200684,15.690450668334961,,26.95
2001-01-30,,14.071602821350098,15.653236389160156,,26.32
2001-01-31,,14.093472480773926,15.600082397460938,,26.59
2001-02-01,,13.957396507263184,15.430000305175781,,27.17
2001-02-02,,14.030293464660645,15.64261245727539,,28.9
2001-02-05,,14.385059356689453,15.605405807495117,,29.25
2001-02-06,,14.438512802124023,15.96152114868164,,29.1
2001-02-07,,14.579449653625488,15.557560920715332,,29.54
2001-02-08,,14.727676391601562,15.594768524169922,,30.68
2001-02-09,,14.613473892211914,15.818010330200195,,29.53
2001-02-12,,14.778697967529297,15.855216979980469,,29.32
2001-02-13,,14.569733619689941,15.945574760437012,,28.0
2001-02-14,,14.457954406738281,15.546935081481934,,27.89
2001-02-15,,14.183379173278809,15.988102912902832,,26.33
2001-02-16,,14.423938751220703,16.06250762939453,,26.61
2001-02-20,,14.20767879486084,16.179439544677734,,26.45
2001-02-21,,13.345056533813477,15.775492668151855,,26.1
2001-02-22,,12.87608528137207,15.977461814880371,,25.75
2001-02-23,,12.63552474975586,16.00935935974121,,26.12
2001-02-26,,12.749732971191406,15.881793022155762,,25.84
2001-02-27,,12.63552474975586,15.972143173217773,,25.28
2001-02-28,,12.885811805725098,15.626666069030762,,25.16
2001-03-01,,12.805617332458496,15.525678634643555,,24.76
2001-03-02,,12.769169807434082,15.334327697753906,,25.28
2001-03-05,,12.198144912719727,15.180187225341797,,25.98
2001-03-06,,12.100945472717285,15.334327697753906,,25.59
2001-03-07,,12.254030227661133,15.09514331817627,,25.91
2001-03-08,,12.489731788635254,15.573500633239746,,26.37
2001-03-09,,12.514025688171387,15.387483596801758,,25.78
2001-03-12,,12.173840522766113,14.91442584991455,,25.34
2001-03-13,,11.888517379760742,14.776230812072754,,24.8
2001-03-14,,11.625141143798828,14.643357276916504,,24.31
2001-03-15,,11.620266914367676,14.478586196899414,,23.37
2001-03-16,,11.864130973815918,14.085254669189453,,23.84
2001-03-19,,11.80316162109375,14.02147102355957,,23.19
2001-03-20,,11.56661605834961,13.697247505187988,,23.63
2001-03-21,,11.034978866577148,13.633460998535156,,23.21
2001-03-22,,11.1496000289917,13.346441268920898,,23.45
2001-03-23,,11.095951080322266,13.287981033325195,,23.94
2001-03-26,,10.949630737304688,13.447429656982422,,24.01
2001-03-27,,11.366640090942383,13.463377952575684,,24.41
2001-03-28,,11.205690383911133,13.436800956726074,,24.5
2001-03-29,,10.856963157653809,14.079943656921387,,23.77
2001-03-30,,11.013035774230957,14.111832618713379,,23.5
2001-04-02,,11.181300163269043,14.15966510772705,,23.31
2001-04-03,,10.891101837158203,13.7078857421875,,23.47
2001-04-04,,11.034978866577148,13.867334365844727,,24.35
2001-04-05,,11.047173500061035,13.81949234008789,,24.87
2001-04-06,,10.974014282226562,13.952377319335938,,24.02
2001-04-09,,10.705763816833496,14.186246871948242,,24.37
2001-04-10,,10.64479923248291,14.351014137268066,,25.64
2001-04-11,,10.761853218078613,14.207502365112305,,26.08
2001-04-12,,10.869156837463379,14.292555809020996,,27.12
2001-04-16,,11.074005126953125,14.467951774597168,,26.8
2001-04-17,,11.144721984863281,14.441375732421875,,26.99
2001-04-18,,11.40078353881836,14.611459732055664,,26.11
2001-04-19,,11.583690643310547,14.600831031799316,,25.86
2001-04-20,,11.461753845214844,14.398852348327637,,25.57
2001-04-23,,11.571490287780762,14.329753875732422,,25.42
2001-04-24,,11.55686092376709,14.265971183776855,,25.76
2001-04-25,,11.754395484924316,14.351014137268066,,25.49
2001-04-26,,11.437363624572754,14.361650466918945,,26.71
2001-04-27,,11.461753845214844,14.4094820022583,,26.85
2001-04-30,,11.264219284057617,14.616777420043945,,27.21
2001-05-01,,11.61539077758789,14.76560115814209,,27.31
2001-05-02,,11.600751876831055,14.643357276916504,,26.82
2001-05-03,,11.40078353881836,14.297863960266113,,27.46
2001-05-04,,11.420293807983398,14.255340576171875,,27.59
2001-05-07,,11.417854309082031,14.228768348693848,,27.71
2001-05-08,,11.356886863708496,14.111832618713379,,27.45
2001-05-09,,11.159354209899902,14.457321166992188,,27.46
2001-05-10,,11.122777938842773,14.303177833557129,,28.27
2001-05-11,,11.044734954833984,14.744338035583496,,27.97
2001-05-14,,11.220322608947754,14.749650955200195,,27.77
2001-05-15,,11.193498611450195,14.616777420043945,,27.88
2001-05-16,,11.761706352233887,14.723081588745117,,28.19
2001-05-17,,11.737320899963379,15.148293495178223,,28.57
2001-05-18,,11.730009078979492,15.839269638061523,,29.3
2001-05-21,,11.776334762573242,15.871162414550781,,29.8
2001-05-22,,11.656842231750488,16.211328506469727,,29.72
2001-05-23,,11.876327514648438,16.07314109802246,,29.51
2001-05-24,,11.971428871154785,16.349531173706055,,28.85
2001-05-25,,11.747075080871582,16.216655731201172,,28.69
2001-05-29,,11.788534164428711,16.344213485717773,,29.11
2001-05-30,,11.676350593566895,16.312326431274414,,28.92
2001-05-31,,11.559293746948242,16.09440803527832,,28.55
2001-06-01,,11.659286499023438,15.791436195373535,,28.86
2001-06-04,,11.600751876831055,15.536300659179688,,28.95
2001-06-05,,11.612946510314941,15.631978988647461,,29.25
2001-06-06,,11.40078353881836,15.78612232208252,,28.73
2001-06-07,,11.247143745422363,15.887106895446777,,28.55
2001-06-08,,11.217887878417969,15.653236389160156,,28.88
2001-06-11,,11.200811386108398,15.897732734680176,,29.57
2001-06-12,,11.195937156677246,15.844584465026855,,29.03
2001-06-13,,11.225312232971191,15.945574760437012,11.149136543273926,29.13
2001-06-14,,11.022107124328613,15.924320220947266,10.756684303283691,28.5
2001-06-15,,10.836039543151855,15.238661766052246,10.917234420776367,28.13
2001-06-18,,10.716072082519531,15.148293495178223,10.817338943481445,27.61
2001-06-19,,10.711180686950684,14.988839149475098,10.845878601074219,26.68
2001-06-20,,10.755245208740234,14.99947452545166,10.810199737548828,26.24
2001-06-21,,10.67201042175293,15.222710609436035,10.703170776367188,26.7
2001-06-22,,10.49083137512207,14.946318626403809,10.703170776367188,26.86
2001-06-25,,10.67201042175293,14.776230812072754,10.756684303283691,27.36
2001-06-26,,10.76014518737793,14.63803482055664,10.717443466186523,27.66
2001-06-27,,10.816452026367188,14.622087478637695,10.68176555633545,26.25
2001-06-28,,11.102899551391602,14.712450981140137,10.849442481994629,25.68
2001-06-29,,11.01720905303955,14.382908821105957,11.059947967529297,26.21
2001-07-02,,11.164109230041504,14.56362247467041,10.870854377746582,25.73
2001-07-03,,11.247350692749023,14.478586196899414,10.902960777282715,25.56
2001-07-05,,11.075969696044922,14.382908821105957,11.0349702835083,25.69
2001-07-06,,10.919283866882324,14.111832618713379,10.935068130493164,26.55
2001-07-09,,11.07107162475586,14.122462272644043,10.838746070861816,25.59
2001-07-10,,10.936417579650879,14.297863960266113,10.828042030334473,24.69
2001-07-11,,11.142072677612305,14.15966510772705,10.810199737548828,24.44
2001-07-12,,11.137174606323242,14.351014137268066,11.024271011352539,23.62
2001-07-13,,11.26448917388916,14.696497917175293,10.963614463806152,24.02
2001-07-16,,11.501970291137695,14.685870170593262,10.95648193359375,23.58
2001-07-17,,11.53869342803955,14.733710289001465,11.22049331665039,23.9
2001-07-18,,11.315900802612305,14.723081588745117,11.234761238098145,23.1
2001-07-19,,11.433423042297363,14.707138061523438,11.174107551574707,23.35
2001-07-20,,11.288973808288574,14.627408981323242,11.131302833557129,23.43
2001-07-23,,10.889899253845215,14.760286331176758,11.059947967529297,24.44
2001-07-24,,10.821349143981934,15.089831352233887,11.084916114807129,24.37
2001-07-25,,11.012312889099121,15.573500633239746,10.95290756225586,24.9
2001-07-26,,11.01720905303955,15.376852035522461,11.102758407592773,24.94
2001-07-27,,10.965797424316406,15.222710609436035,11.027833938598633,24.82
2001-07-30,,10.836039543151855,15.360908508300781,10.917234420776367,24.46
2001-07-31,,10.919283866882324,15.488470077514648,11.042105674743652,24.35
2001-08-01,,10.791973114013672,15.6160306930542,10.981454849243164,24.23
2001-08-02,,10.750354766845703,15.493782997131348,11.042105674743652,25.49
2001-08-03,,10.943763732910156,15.419373512268066,10.95290756225586,25.6
2001-08-06,,10.921728134155273,15.30775260925293,10.828042030334473,25.39
2001-08-07,,10.987833976745605,15.30775260925293,10.88155460357666,25.94
2001-08-08,,11.139627456665039,15.105772972106934,10.70673656463623,25.61
2001-08-09,,11.166558265686035,15.03668212890625,10.835176467895508,25.28
2001-08-10,,11.18124771118164,14.930375099182129,10.988588333129883,25.78
2001-08-13,,11.213072776794434,14.893167495727539,11.095625877380371,25.88
2001-08-14,,11.271830558776855,14.877216339111328,11.095625877380371,25.71
2001-08-15,,11.648869514465332,15.14297866821289,11.052807807922363,25.61
2001-08-16,,11.680693626403809,15.78612232208252,11.1134614944458,25.18
2001-08-17,,11.639076232910156,15.945574760437012,11.184815406799316,24.68
2001-08-20,,11.88390064239502,15.972143173217773,11.316818237304688,24.35
2001-08-21,,11.827588081359863,15.945574760437012,11.445255279541016,25.36
2001-08-22,,11.812901496887207,16.078449249267578,11.737808227539062,25.71
2001-08-23,,12.106693267822266,16.392051696777344,11.734244346618652,25.66
2001-08-24,,12.047928810119629,16.206022262573242,11.541585922241211,26.33
2001-08-27,,11.876555442810059,16.089080810546875,11.5237455368042,26.22
2001-08-28,,11.719866752624512,15.887106895446777,11.381033897399902,26.46
2001-08-29,,11.678245544433594,15.945574760437012,11.520183563232422,26.67
2001-08-30,,11.945104598999023,15.956206321716309,11.64862060546875,26.7
2001-08-31,,11.915724754333496,15.96152114868164,11.505905151367188,26.8
2001-09-04,,12.118932723999023,16.36016273498535,11.791324615478516,26.27
2001-09-05,,12.351524353027344,16.344213485717773,11.89836311340332,26.27
2001-09-06,,12.121376037597656,16.158187866210938,12.130264282226562,26.61
2001-09-07,,12.175247192382812,15.924320220947266,12.130264282226562,27.54
2001-09-10,,12.229108810424805,15.371533393859863,12.041067123413086,27.59
2001-09-17,,12.424312591552734,15.084513664245605,11.737808227539062,28.32
2001-09-18,,12.24362564086914,14.887853622436523,11.737808227539062,27.54
2001-09-19,,12.251058578491211,15.148293495178223,11.55942440032959,25.44
2001-09-20,,11.966438293457031,14.547679901123047,11.60579776763916,25.57
2001-09-21,,11.582818031311035,14.393534660339355,11.416714668273926,25.17
2001-09-24,,11.887238502502441,14.202190399169922,11.951875686645508,20.63
2001-09-25,,11.879815101623535,14.000212669372559,11.880522727966309,20.13
2001-09-26,,11.605087280273438,13.952377319335938,11.880522727966309,20.67
2001-09-27,,11.619945526123047,14.351014137268066,11.955440521240234,21.47
2001-09-28,,11.595196723937988,14.425423622131348,12.262267112731934,21.87
2001-10-01,,11.407096862792969,14.526420593261719,12.101717948913574,21.22
2001-10-02,,11.426892280578613,14.680557250976562,12.183777809143066,21.29
2001-10-03,,11.335320472717285,15.228018760681152,12.380002975463867,20.63
2001-10-04,,11.176925659179688,15.376852035522461,12.130264282226562,20.94
2001-10-05,,11.261073112487793,15.355585098266602,12.033930778503418,21.46
2001-10-08,,11.421945571899414,15.073882102966309,12.094587326049805,20.91
2001-10-09,,11.429369926452637,15.30242919921875,12.112421035766602,20.65
2001-10-10,,11.421945571899414,15.653236389160156,12.119556427001953,21.02
2001-10-11,,11.397195816040039,15.972143173217773,11.773490905761719,21.38
2001-10-12,,11.087828636169434,15.674506187438965,11.916193962097168,20.57
2001-10-15,,11.013575553894043,15.68513011932373,11.89836311340332,20.36
2001-10-16,,11.023481369018555,15.78612232208252,11.987550735473633,20.47
2001-10-17,,10.959131240844727,15.626666069030762,12.130264282226562,19.47
2001-10-18,,11.414520263671875,15.541619300842285,12.13382625579834,19.21
2001-10-19,,12.025834083557129,15.190816879272461,12.315784454345703,19.91
2001-10-22,,12.122364044189453,15.09514331817627,12.579792022705078,20.38
2001-10-23,,12.095131874084473,14.70181941986084,12.626175880432129,20.56
2001-10-24,,12.070385932922363,14.877216339111328,12.522708892822266,20.37
2001-10-25,,12.23620319366455,15.06856632232666,12.451356887817383,20.67
2001-10-26,,12.16196060180664,15.387483596801758,12.237292289733887,20.31
2001-10-29,,12.030789375305176,14.499841690063477,11.962577819824219,20.55
2001-10-30,,11.919415473937988,13.814184188842773,12.023226737976074,20.41
2001-10-31,,11.850115776062012,13.856705665588379,12.041067123413086,19.63
2001-11-01,,12.025834083557129,13.92580509185791,12.041067123413086,19.39
2001-11-02,,12.097611427307129,14.23939323425293,12.308650970458984,18.63
2001-11-05,,12.201559066772461,14.23408031463623,12.201615333557129,18.78
2001-11-06,,12.33768367767334,14.351014137268066,12.372868537902832,18.64
2001-11-07,,12.226306915283203,14.361650466918945,12.255128860473633,18.86
2001-11-08,,12.144634246826172,13.978954315185547,12.4977388381958,19.54
2001-11-09,,12.181764602661133,14.127779006958008,12.294376373291016,20.72
2001-11-12,,12.20650863647461,14.223448753356934,12.280101776123047,19.48
2001-11-13,,12.288183212280273,14.719277381896973,12.094587326049805,20.47
2001-11-14,,12.37480354309082,14.762160301208496,12.112421035766602,18.78
2001-11-15,,12.37480354309082,15.201696395874023,12.14809799194336,16.51
2001-11-16,,12.357481002807617,15.01408576965332,12.130264282226562,16.86
2001-11-19,,12.24362564086914,14.933685302734375,11.880522727966309,16.55
2001-11-20,,12.127306938171387,14.590630531311035,11.873388290405273,18.82
2001-11-21,,12.067909240722656,14.569190979003906,12.094587326049805,18.44
2001-11-23,,12.164438247680664,14.75143814086914,12.0267972946167,19.4
2001-11-26,,11.95654010772705,14.68710994720459,11.86268138885498,18.66
2001-11-27,,11.877348899841309,14.483430862426758,11.723538398742676,19.09
2001-11-28,,11.614006042480469,14.3440580368042,11.755651473999023,18.81
2001-11-29,,11.695991516113281,14.36013412475586,12.062472343444824,18.54
2001-11-30,,11.66617488861084,14.386940002441406,11.816302299499512,18.92
2001-12-03,,11.559355735778809,14.322619438171387,11.987550735473633,20.0
2001-12-04,,11.564316749572754,14.403022766113281,11.766350746154785,19.28
2001-12-05,,11.7059326171875,14.72999382019043,11.773490905761719,19.27
2001-12-06,,11.534513473510742,14.80504322052002,11.5237455368042,18.57
2001-12-07,,11.576739311218262,14.419102668762207,11.416714668273926,17.81
2001-12-10,,11.335762023925781,14.483430862426758,11.416714668273926,18.03
2001-12-11,,11.34073543548584,14.20468807220459,11.495207786560059,17.61
2001-12-12,,11.42271614074707,13.743708610534668,11.5308837890625,18.13
2001-12-13,,11.484819412231445,13.743708610534668,11.59510612487793,17.8
2001-12-14,,11.489791870117188,14.365500450134277,11.70213508605957,18.54
2001-12-17,,11.464949607849121,13.968838691711426,11.873388290405273,18.58
2001-12-18,,11.551899909973145,14.151086807250977,12.058906555175781,18.51
2001-12-19,,11.797842025756836,14.02780532836914,12.123127937316895,19.03
2001-12-20,,11.864916801452637,13.749062538146973,12.194757461547852,18.87
2001-12-21,,12.118314743041992,13.883075714111328,12.527825355529785,18.73
2001-12-24,,12.016463279724121,13.85627555847168,12.420381546020508,18.65
2001-12-27,,11.90964412689209,14.327977180480957,12.055074691772461,18.87
2001-12-28,,11.718343734741211,14.258299827575684,12.105216026306152,19.77
2001-12-31,,11.713380813598633,14.18860912322998,12.18758773803711,19.35
2002-01-02,,11.792876243591309,14.199325561523438,12.445453643798828,20.13
2002-01-03,,11.6388521194458,14.36013412475586,12.20549488067627,20.47
2002-01-04,,11.534513473510742,14.4673490524292,11.822287559509277,21.2
2002-01-07,,11.233905792236328,14.579912185668945,11.872428894042969,21.08
2002-01-08,,11.092307090759277,14.66567325592041,11.994200706481934,21.03
2002-01-09,,11.069947242736816,14.408382415771484,12.033586502075195,20.21
2002-01-10,,11.124605178833008,14.370856285095215,12.0693998336792,19.71
2002-01-11,,11.253783226013184,14.118929862976074,12.155356407165527,20.08
2002-01-14,,11.055041313171387,13.947407722473145,12.173267364501953,18.89
2002-01-15,,11.017780303955078,14.0438871383667,12.29145622253418,18.86
2002-01-16,,10.968093872070312,13.968838691711426,12.252050399780273,18.5
2002-01-17,,11.191679000854492,14.193970680236816,12.391735076904297,18.2
2002-01-18,,11.288564682006836,14.167166709899902,12.38814926147461,18.17
2002-01-22,,11.402841567993164,14.365500450134277,12.409639358520508,18.7
2002-01-23,,11.124605178833008,14.68710994720459,12.32010269165039,18.89
2002-01-24,,10.985486030578613,14.18860912322998,12.076566696166992,18.91
2002-01-25,,11.216524124145508,13.732989311218262,12.176849365234375,19.04
2002-01-28,,11.231425285339355,14.140375137329102,12.076566696166992,19.74
2002-01-29,,10.930827140808105,14.076045989990234,12.191168785095215,19.26
2002-01-30,,10.893561363220215,14.4673490524292,12.714061737060547,18.71
2002-01-31,,10.868722915649414,14.569190979003906,13.272765159606934,19.07
2002-02-01,,11.09976577758789,14.274377822875977,13.197558403015137,19.7
2002-02-04,,11.09976577758789,14.258299827575684,13.430346488952637,20.26
2002-02-05,,11.365574836730957,14.579912185668945,13.287088394165039,19.9
2002-02-06,,11.551899909973145,14.574551582336426,13.365880966186523,19.97
2002-02-07,,11.397868156433105,14.504862785339355,13.340812683105469,19.42
2002-02-08,,11.39041805267334,14.322619438171387,13.333643913269043,20.01
2002-02-11,,11.462467193603516,14.472707748413086,13.143832206726074,20.08
2002-02-12,,11.455018043518066,14.392297744750977,13.430346488952637,21.75
2002-02-13,,11.522090911865234,14.435176849365234,13.523462295532227,21.41
2002-02-14,,11.673629760742188,14.397662162780762,13.537792205810547,20.97
2002-02-15,,11.6636962890625,14.338698387145996,13.66313648223877,20.76
2002-02-19,,11.499730110168457,14.0438871383667,13.738348007202148,20.18
2002-02-20,,11.646306037902832,14.456622123718262,13.609419822692871,19.44
2002-02-21,,11.427691459655762,14.215413093566895,13.641650199890137,20.21
2002-02-22,,11.750640869140625,14.445900917053223,13.80639934539795,20.14
2002-02-25,,11.768036842346191,14.376220703125,14.067839622497559,19.78
2002-02-26,,11.673629760742188,14.20468807220459,14.010541915893555,19.95
2002-02-27,,11.795357704162598,14.140375137329102,13.903093338012695,20.73
2002-02-28,,11.772997856140137,13.990277290344238,14.003376007080078,20.73
2002-03-01,,12.026398658752441,14.02780532836914,13.960394859313965,21.83
2002-03-04,,11.867399215698242,14.392297744750977,13.054295539855957,21.59
2002-03-05,,11.825167655944824,14.80504322052002,13.451837539672852,22.25
2002-03-06,,11.810272216796875,15.040888786315918,13.555691719055176,22.11
2002-03-07,,11.6636962890625,14.869366645812988,13.616585731506348,23.1
2002-03-08,,11.887279510498047,14.960489273071289,13.612997055053711,22.32
2002-03-11,,11.820205688476562,14.955122947692871,13.433917999267578,23.14
2002-03-12,,11.946898460388184,15.196342468261719,13.362299919128418,22.7
2002-03-13,,11.961869239807129,14.955122947692871,13.49527645111084,23.6
2002-03-14,,11.946895599365234,15.089137077331543,13.351516723632812,23.76
2002-03-15,,12.134000778198242,15.394673347473145,13.53121280670166,23.9
2002-03-18,,12.14148235321045,15.244585990905762,13.49527645111084,23.8
2002-03-19,,12.273698806762695,15.437552452087402,13.585127830505371,24.51
2002-03-20,,12.326088905334473,15.410752296447754,13.922954559326172,24.78
2002-03-21,,12.573057174682617,15.383951187133789,14.106243133544922,24.25
2002-03-22,,12.785103797912598,14.821126937866211,14.102657318115234,24.83
2002-03-25,,12.909832954406738,14.590630531311035,13.980450630187988,24.75
2002-03-26,,13.121877670288086,14.735356330871582,14.232037544250488,24.6
2002-03-27,,13.04454517364502,14.976566314697266,14.142183303833008,25.13
2002-03-28,,13.03705883026123,14.874720573425293,13.890615463256836,25.34
2002-04-01,,13.047045707702637,14.606712341308594,14.002018928527832,26.06
2002-04-02,,13.042052268981934,14.740713119506836,14.253602981567383,26.97
2002-04-03,,12.907344818115234,14.735356330871582,14.321879386901855,26.72
2002-04-04,,12.977187156677246,14.896167755126953,14.501581192016602,26.97
2002-04-05,,13.017109870910645,15.196342468261719,14.771127700805664,25.39
2002-04-08,,13.221670150756836,15.271387100219727,14.375794410705566,26.36
2002-04-09,,13.308979988098145,15.089137077331543,14.034367561340332,25.48
2002-04-10,,13.526017189025879,14.981925010681152,14.203285217285156,25.13
2002-04-11,,13.256593704223633,14.853281021118164,14.375794410705566,24.22
2002-04-12,,13.31147575378418,14.901533126831055,14.232037544250488,23.25
2002-04-15,,13.069487571716309,14.68710994720459,14.537515640258789,23.39
2002-04-16,,13.44119930267334,14.740713119506836,14.343437194824219,24.03
2002-04-17,,13.45117473602295,14.558470726013184,13.922954559326172,25.26
2002-04-18,,13.39879322052002,15.341069221496582,13.96249008178711,25.9
2002-04-19,,13.698147773742676,15.330348014831543,14.390167236328125,25.86
2002-04-22,,13.795440673828125,15.276737213134766,14.027174949645996,25.96
2002-04-23,,13.600852966308594,15.421473503112793,14.415324211120605,26.26
2002-04-24,,13.715619087219238,15.276737213134766,14.37938117980957,26.2
2002-04-25,,13.715619087219238,15.185620307922363,14.483613967895508,26.47
2002-04-26,,13.583392143249512,15.132015228271484,14.519546508789062,26.32
2002-04-29,,13.630797386169434,15.121293067932129,14.501581192016602,26.85
2002-04-30,,13.847826957702637,15.223138809204102,14.749561309814453,26.98
2002-05-01,,14.374197006225586,15.26602840423584,14.825028419494629,26.67
2002-05-02,,14.379193305969238,15.276737213134766,15.076616287231445,25.73
2002-05-03,,14.184602737426758,15.700204849243164,14.501581192016602,25.8
2002-05-07,,14.132221221923828,15.657322883605957,14.343437194824219,25.53
2002-05-08,,14.094804763793945,15.480428695678711,14.102657318115234,26.09
2002-05-09,,14.094804763793945,15.694840431213379,14.29672622680664,26.09
2002-05-10,,14.059873580932617,15.978935241699219,14.275158882141113,26.89
2002-05-13,,14.192093849182129,16.300554275512695,14.591425895690918,26.3
2002-05-14,,14.132221221923828,16.070064544677734,14.763936042785645,27.12
2002-05-15,,14.142189025878906,16.112939834594727,14.810656547546387,27.17
2002-05-16,,14.232004165649414,16.064699172973633,14.7747163772583,25.71
2002-05-17,,14.219528198242188,16.086139678955078,14.767538070678711,25.45
2002-05-20,,14.0199613571167,16.150463104248047,14.706433296203613,25.97
2002-05-21,,13.835352897644043,16.295198440551758,14.580650329589844,24.99
2002-05-22,,14.0199613571167,16.42919158935547,14.914885520935059,24.32
2002-05-23,,14.142189025878906,16.295198440551758,14.943638801574707,24.01
2002-05-24,,14.0199613571167,16.220157623291016,14.986763000488281,23.76
2002-05-28,,13.630797386169434,16.16118812561035,14.990352630615234,24.71
2002-05-29,,13.50855827331543,16.086139678955078,15.184432029724121,24.18
2002-05-30,,13.5684232711792,15.95749568939209,15.28506088256836,23.72
2002-05-31,,13.860299110412598,16.048620223999023,15.457564353942871,23.87
2002-06-05,,13.820380210876465,16.075424194335938,14.986763000488281,23.19
2002-06-06,,13.50855827331543,16.080787658691406,14.979576110839844,22.79
2002-06-07,,13.483612060546875,16.04326057434082,15.026291847229004,22.99
2002-06-10,,13.403777122497559,16.246957778930664,15.130518913269043,22.83
2002-06-11,,13.471138000488281,15.973572731018066,15.662425994873047,22.37
2002-06-12,,13.641392707824707,15.946778297424316,15.741487503051758,23.09
2002-06-13,,13.646407127380371,15.978935241699219,15.615700721740723,23.72
2002-06-14,,13.734037399291992,15.609079360961914,15.43601131439209,23.97
2002-06-17,,13.834203720092773,15.98430061340332,15.615700721740723,24.69
2002-06-18,,13.846721649169922,15.973572731018066,15.755865097045898,24.64
2002-06-19,,13.791643142700195,16.070064544677734,15.231144905090332,24.85
2002-06-20,,13.951889038085938,15.823488235473633,15.191614151000977,24.42
2002-06-21,,14.02199935913086,15.544754028320312,15.069415092468262,24.14
2002-06-24,,14.259873390197754,15.630521774291992,14.850192070007324,24.99
2002-06-25,,13.884281158447266,15.571557998657227,14.598613739013672,25.32
2002-06-26,,13.906815528869629,15.426830291748047,14.23807144165039,24.75
2002-06-27,,14.04453182220459,15.367867469787598,14.234461784362793,25.39
2002-06-28,,14.02199935913086,15.249942779541016,14.764472007751465,25.33
2002-07-01,,14.109635353088379,15.062331199645996,14.82937240600586,25.65
2002-07-02,,14.192261695861816,14.853281021118164,14.652697563171387,25.64
2002-07-03,,14.174742698669434,14.703193664550781,14.259700775146484,25.59
2002-07-05,,14.13968563079834,14.92296314239502,14.5156888961792,25.75
2002-07-08,,14.342501640319824,14.955122947692871,14.400310516357422,25.08
2002-07-09,,14.132168769836426,14.901533126831055,13.949630737304688,24.9
2002-07-10,,13.696488380432129,15.056976318359375,13.635957717895508,25.82
2002-07-11,,13.298360824584961,14.681757926940918,13.333086967468262,25.83
2002-07-12,,12.782551765441895,14.537026405334473,12.976153373718262,26.11
2002-07-15,,13.020429611206055,14.231487274169922,13.037439346313477,26.16
2002-07-16,,12.612283706665039,13.963480949401855,12.979759216308594,25.94
2002-07-17,,12.519637107849121,13.775869369506836,13.67922306060791,26.19
2002-07-18,,12.001322746276855,13.459607124328613,12.666074752807617,26.72
2002-07-19,,11.29021167755127,12.955753326416016,12.550700187683105,26.37
2002-07-22,,11.490525245666504,12.489407539367676,12.788665771484375,25.7
2002-07-23,,11.16251277923584,12.778861999511719,12.655261993408203,25.65
2002-07-24,,11.730901718139648,12.741340637207031,13.412413597106934,25.43
2002-07-25,,11.908684730529785,11.712173461914062,13.325878143310547,25.36
2002-07-26,,11.881139755249023,12.591249465942383,13.351122856140137,25.1
2002-07-29,,12.37691593170166,13.229127883911133,13.408806800842285,25.2
2002-07-30,,12.056412696838379,13.132638931274414,13.325878143310547,25.95
2002-07-31,,12.504612922668457,13.266643524169922,13.340300559997559,26.28
2002-08-01,,12.502116203308105,13.046876907348633,13.55663013458252,25.79
2002-08-02,,12.544681549072266,12.75742244720459,13.412413597106934,25.17
2002-08-05,,12.108996391296387,12.778861999511719,13.646760940551758,25.2
2002-08-06,,11.986308097839355,12.317882537841797,13.538604736328125,25.69
2002-08-07,,12.271748542785645,12.52156925201416,13.711666107177734,25.7
2002-08-08,,12.72496509552002,12.060582160949707,13.873909950256348,25.51
2002-08-09,,12.795080184936523,12.199953079223633,14.032560348510742,25.49
2002-08-12,,12.722457885742188,12.285717010498047,13.917181968688965,25.63
2002-08-13,,12.584747314453125,12.146352767944336,13.819829940795898,26.11
2002-08-14,,13.007906913757324,12.328600883483887,13.953235626220703,26.47
2002-08-15,,12.872694969177246,12.95039176940918,14.24167537689209,26.66
2002-08-16,,13.068002700805664,12.75742244720459,14.252497673034668,27.33
2002-08-19,,12.94530963897705,13.191595077514648,14.465213775634766,27.44
2002-08-20,,12.927783966064453,13.06295394897461,14.479637145996094,27.63
2002-08-21,,13.205710411071777,13.14336109161377,14.155142784118652,27.53
2002-08-22,,13.120588302612305,13.079044342041016,14.310173034667969,27.81
2002-08-23,,13.195703506469727,12.945030212402344,14.1659574508667,27.51
2002-08-26,,13.273320198059082,12.843185424804688,13.964048385620117,27.56
2002-08-27,,13.150630950927734,12.784223556518555,13.992891311645508,27.89
2002-08-28,,12.840145111083984,12.63413143157959,14.061403274536133,27.54
2002-08-29,,12.61979866027832,12.762778282165527,14.299367904663086,27.11
2002-08-30,,12.770031929016113,12.735978126525879,14.339021682739258,27.56
2002-09-03,,12.499608039855957,12.344681739807129,13.917181968688965,26.58
2002-09-04,,12.644838333129883,11.921223640441895,13.909966468811035,27.31
2002-09-05,,12.356886863708496,11.77649211883545,14.155142784118652,27.54
2002-09-06,,12.492096900939941,11.449519157409668,13.841461181640625,28.36
2002-09-09,,12.607274055480957,11.497759819030762,14.018134117126465,28.67
2002-09-10,,12.76252555847168,11.41735553741455,14.111872673034668,28.92
2002-09-11,,12.845476150512695,11.438800811767578,14.24167537689209,28.68
2002-09-12,,12.45583724975586,10.886689186096191,14.219956398010254,27.76
2002-09-13,,12.480974197387695,11.004612922668457,14.292342185974121,28.53
2002-09-16,,12.739896774291992,11.626410484313965,14.480536460876465,28.38
2002-09-17,,12.305008888244629,10.136252403259277,14.020898818969727,27.76
2002-09-18,,12.39299201965332,9.734236717224121,14.288724899291992,28.41
2002-09-19,,11.983247756958008,9.56806468963623,14.118621826171875,28.45
2002-09-20,,11.945541381835938,9.62166690826416,14.042620658874512,28.61
2002-09-23,,11.81482219696045,9.734236717224121,14.201862335205078,29.36
2002-09-24,,11.865097999572754,9.594865798950195,13.554019927978516,29.47
2002-09-25,,12.189375877380371,9.70207405090332,13.438202857971191,29.11
2002-09-26,,12.174290657043457,9.889680862426758,13.633646011352539,28.93
2002-09-27,,12.189375877380371,9.8468017578125,13.210190773010254,29.0
2002-09-30,,12.056145668029785,9.466219902038574,13.19571590423584,29.11
2002-10-01,,12.584044456481934,9.798558235168457,13.318771362304688,29.42
2002-10-02,,12.543825149536133,9.750313758850098,13.362198829650879,29.14
2002-10-03,,12.72481918334961,9.535908699035645,13.304293632507324,28.46
2002-10-04,,12.79520320892334,9.380454063415527,13.376675605773926,28.32
2002-10-07,,12.601644515991211,9.353657722473145,13.293440818786621,28.38
2002-10-08,,13.101883888244629,9.412618637084961,13.452676773071289,28.28
2002-10-09,,12.978711128234863,8.876590728759766,13.430967330932617,28.29
2002-10-10,,12.9359769821167,9.203569412231445,13.217434883117676,27.7
2002-10-11,,12.933463096618652,9.632393836975098,13.572120666503906,28.18
2002-10-14,,13.209979057312012,9.632393836975098,13.988329887390137,28.56
2002-10-15,,13.192378997802734,9.680631637573242,14.18014907836914,28.66
2002-10-16,,11.865097999572754,9.380454063415527,13.716882705688477,28.61
2002-10-17,,11.538307189941406,9.55734634399414,13.981083869934082,28.22
2002-10-18,,11.661476135253906,9.369733810424805,14.314055442810059,28.2
2002-10-21,,12.066202163696289,9.809276580810547,14.621688842773438,27.01
2002-10-22,,12.036041259765625,10.157695770263672,14.85694694519043,26.69
2002-10-23,,12.051118850708008,10.31850528717041,14.183762550354004,26.68
2002-10-24,,11.787168502807617,10.029047966003418,14.191001892089844,26.78
2002-10-25,,11.807279586791992,9.916486740112305,13.926796913146973,25.96
2002-10-28,,11.54584789276123,9.819998741149902,13.716882705688477,25.44
2002-10-29,,11.65897274017334,9.873600006103516,13.738600730895996,25.71
2002-10-30,,11.777117729187012,9.75567626953125,14.049851417541504,25.29
2002-10-31,,11.68410587310791,9.70743465423584,14.295967102050781,25.51
2002-11-01,,11.772096633911133,9.71815299987793,14.328537940979004,25.78
2002-11-04,,11.488032341003418,9.878960609436035,14.104144096374512,25.21
2002-11-05,,11.653936386108398,10.146978378295898,14.183762550354004,24.66
2002-11-06,,11.412613868713379,10.216659545898438,14.16928768157959,23.73
2002-11-07,,11.266818046569824,10.350664138793945,14.39006519317627,24.36
2002-11-08,,11.191399574279785,9.535908699035645,14.332154273986816,23.54
2002-11-11,,11.201456069946289,9.160688400268555,14.382822036743164,23.86
2002-11-12,,11.138611793518066,9.160688400268555,13.572120666503906,24.01
2002-11-13,,11.369878768920898,9.321023941040039,13.858036041259766,22.96
2002-11-14,,11.34725570678711,9.402543067932129,13.876133918762207,22.82
2002-11-15,,11.555899620056152,9.44602108001709,13.908703804016113,23.33
2002-11-18,,11.543330192565918,9.647117614746094,13.807364463806152,23.41
2002-11-19,,11.661476135253906,9.696035385131836,13.753083229064941,24.05
2002-11-20,,11.58355712890625,9.81017017364502,13.53592300415039,24.05
2002-11-21,,11.5031099319458,10.163442611694336,13.521446228027344,24.52
2002-11-22,,11.415130615234375,10.130825996398926,13.427343368530273,24.79
2002-11-25,,11.33971118927002,9.907997131347656,13.695170402526855,24.85
2002-11-26,,11.311942100524902,9.90256404876709,13.738600730895996,24.56
2002-11-27,,11.673013687133789,10.054746627807617,13.734979629516602,25.11
2002-11-29,,11.524039268493652,10.054746627807617,13.59382438659668,25.74
2002-12-02,,11.41293716430664,10.185185432434082,13.69155216217041,25.73
2002-12-03,,11.33719253540039,9.913435935974121,13.651740074157715,26.09
2002-12-04,,11.524039268493652,9.984085083007812,13.937657356262207,25.99
2002-12-05,,11.370014190673828,10.206921577453613,13.756699562072754,26.07
2002-12-06,,11.463443756103516,9.766688346862793,13.981083869934082,25.67
2002-12-09,,11.387687683105469,9.456892013549805,14.18738842010498,26.06
2002-12-10,,11.741189956665039,9.429718017578125,14.151192665100098,26.35
2002-12-11,,11.80431079864502,9.348193168640137,14.100521087646484,26.85
2002-12-12,,11.582108497619629,9.456892013549805,14.263389587402344,27.29
2002-12-13,,11.57706069946289,9.424284934997559,14.335773468017578,27.64
2002-12-16,,11.546764373779297,9.44602108001709,14.292342185974121,28.73
2002-12-17,,11.342238426208496,8.690560340881348,14.303204536437988,29.25
2002-12-18,,11.246293067932129,8.6742582321167,14.241674423217773,29.95
2002-12-19,,11.140244483947754,8.500334739685059,14.150850296020508,30.26
2002-12-20,,11.130144119262695,8.560117721557617,14.169012069702148,29.59
2002-12-23,,11.208416938781738,8.451420783996582,14.194435119628906,30.61
2002-12-24,,11.168022155761719,8.413372039794922,14.263474464416504,30.93
2002-12-27,,10.976118087768555,8.424245834350586,14.169012069702148,31.49
2002-12-30,,10.986220359802246,8.560117721557617,14.150850296020508,32.02
2002-12-31,,11.069549560546875,8.739474296569824,14.143580436706543,30.12
2003-01-02,,11.324563980102539,8.994917869567871,14.241674423217773,30.32
2003-01-03,,11.296794891357422,8.761214256286621,14.121782302856445,31.43
2003-01-06,,11.342238426208496,9.04926872253418,13.994623184204102,31.43
2003-01-07,,11.200840950012207,9.060137748718262,14.045490264892578,30.78
2003-01-08,,11.127616882324219,9.152532577514648,14.023693084716797,29.3
2003-01-09,,11.243765830993652,9.168839454650879,14.165380477905273,30.26
2003-01-10,,11.41293716430664,9.369933128356934,14.05638599395752,30.07
2003-01-13,,11.554337501525879,9.418845176696777,14.132681846618652,30.46
2003-01-14,,11.546764373779297,9.217750549316406,13.947388648986816,31.36
2003-01-15,,11.33719253540039,9.071009635925293,13.616778373718262,31.73
2003-01-16,,11.531614303588867,8.614471435546875,13.856562614440918,32.29
2003-01-17,,11.387687683105469,8.39706802368164,13.805708885192871,31.57
2003-01-21,,11.291744232177734,8.33728313446045,13.733046531677246,31.72
2003-01-22,,11.248815536499023,8.348151206970215,13.842031478881836,32.07
2003-01-23,,11.08469009399414,8.152495384216309,13.449666023254395,31.4
2003-01-24,,10.814519882202148,8.098143577575684,13.206242561340332,31.62
2003-01-27,,10.551922798156738,7.989439010620117,13.369731903076172,31.02
2003-01-28,,10.377697944641113,7.973141193389893,13.119056701660156,30.73
2003-01-29,,10.238821983337402,7.815525531768799,11.335213661193848,31.26
2003-01-30,,9.897947311401367,7.859007358551025,10.891972541809082,31.42
2003-01-31,,10.216095924377441,7.739431858062744,11.571361541748047,31.57
2003-02-03,,10.137825012207031,7.891613960266113,11.553194999694824,30.95
2003-02-04,,10.183273315429688,7.772044658660889,11.49869441986084,31.13
2003-02-05,,10.112571716308594,7.641605377197266,11.542296409606934,31.77
2003-02-06,,10.07721996307373,7.435072898864746,11.357009887695312,31.81
2003-02-07,,9.98127555847168,7.3644208908081055,11.462370872497559,32.23
2003-02-10,,10.11509895324707,7.44594669342041,11.469634056091309,32.47
2003-02-11,,9.84744644165039,7.554643154144287,11.32430648803711,32.51
2003-02-12,,10.034299850463867,7.5166015625,11.41513729095459,32.46
2003-02-13,,10.094893455505371,7.375291347503662,11.389704704284668,33.23
2003-02-14,,10.301947593688965,7.4024658203125,11.389704704284668,33.26
2003-02-18,,10.377697944641113,7.310067176818848,11.455102920532227,33.26
2003-02-19,,10.269120216369629,7.337242126464844,11.436935424804688,33.16
2003-02-20,,10.112571716308594,7.272021293640137,10.899239540100098,32.76
2003-02-21,,10.261555671691895,7.3807244300842285,10.939197540283203,32.76
2003-02-24,,10.0545015335083,7.212242126464844,10.87381362915039,33.41
2003-02-25,,10.195900917053223,7.147017955780029,10.953733444213867,33.64
2003-02-26,,10.029247283935547,6.962228775024414,10.801145553588867,33.46
2003-02-27,,10.165597915649414,7.201366424560547,10.797517776489258,34.09
2003-02-28,,10.155497550964355,7.397030353546143,10.757550239562988,34.0
2003-03-03,,9.900468826293945,7.168760776519775,10.644925117492676,33.4
2003-03-04,,9.688373565673828,7.0165815353393555,10.354281425476074,34.37
2003-03-05,,9.481328010559082,6.940491199493408,10.121760368347168,33.92
2003-03-06,,9.481328010559082,6.853529930114746,9.9764404296875,34.39
2003-03-07,,9.51920223236084,6.967666149139404,9.918312072753906,34.47
2003-03-10,,9.360129356384277,6.793747901916504,9.805685997009277,34.94
2003-03-11,,9.509099960327148,6.777440547943115,10.063628196716309,34.06
2003-03-12,,9.664031028747559,6.7285284996032715,10.154951095581055,34.16
2003-03-13,,10.019604682922363,6.9567952156066895,10.410653114318848,33.98
2003-03-14,,10.133899688720703,7.358983993530273,10.483712196350098,31.48
2003-03-17,,10.41073989868164,7.44594669342041,10.848992347717285,30.35
2003-03-18,,10.405657768249512,7.777477264404297,10.567728996276855,28.55
2003-03-19,,10.61900520324707,7.918790340423584,10.954928398132324,28.4
2003-03-20,,10.547886848449707,7.815525531768799,10.775938034057617,28.0
2003-03-21,,10.730752944946289,7.962266445159912,11.250809669494629,25.59
2003-03-24,,10.390421867370605,7.625297546386719,10.976847648620605,26.54
2003-03-25,,10.413275718688965,7.695955276489258,10.87091064453125,27.28
2003-03-26,,10.344703674316406,7.733997344970703,10.743062019348145,25.98
2003-03-27,,10.377717971801758,7.880743503570557,10.644434928894043,27.29
2003-03-28,,10.344703674316406,8.065534591674805,10.447178840637207,27.66
2003-03-31,,10.281205177307129,7.859007358551025,10.301070213317871,28.05
2003-04-01,,10.258350372314453,7.636170387268066,10.293761253356934,27.94
2003-04-02,,10.527568817138672,7.782914638519287,10.505626678466797,26.29
2003-04-03,,10.464073181152344,7.652472019195557,10.76132583618164,26.75
2003-04-04,,10.641860008239746,7.907918930053711,10.410653114318848,25.62
2003-04-07,,10.59106731414795,8.587294578552246,10.50197696685791,25.27
2003-04-08,,10.629161834716797,8.609029769897461,10.688268661499023,24.88
2003-04-09,,10.58344554901123,8.424245834350586,10.702881813049316,25.11
2003-04-10,,10.525025367736816,8.587294578552246,10.279153823852539,25.16
2003-04-11,,10.522493362426758,8.576423645019531,10.363168716430664,24.39
2003-04-14,,10.771392822265625,8.532941818237305,10.615216255187988,24.72
2003-04-15,,10.801867485046387,8.614471435546875,10.538504600524902,24.74
2003-04-16,,10.133899688720703,8.560117721557617,10.629822731018066,24.86
2003-04-17,,10.260893821716309,8.695990562438965,10.867263793945312,25.36
2003-04-21,,10.187237739562988,8.70142650604248,10.973196029663086,25.76
2003-04-22,,10.263425827026367,8.723167419433594,11.192360877990723,25.72
2003-04-23,,10.159292221069336,8.614471435546875,11.217939376831055,24.56
2003-04-24,,10.136434555053711,8.65251350402832,11.27272891998291,24.06
2003-04-25,,10.011984825134277,8.592728614807129,11.013367652893066,24.29
2003-04-28,,10.243112564086914,9.201445579528809,11.071820259094238,23.42
2003-04-29,,10.370102882385254,9.391671180725098,11.305608749389648,23.23
2003-04-30,,10.260893821716309,9.293846130371094,11.287344932556152,23.6
2003-05-01,,10.271047592163086,9.326455116271973,11.345786094665527,23.79
2003-05-02,,10.413275718688965,9.560159683227539,11.364049911499023,23.73
2003-05-05,,10.293909072875977,9.505805015563965,11.426148414611816,23.59
2003-05-06,,10.418357849121094,9.717775344848633,11.40788459777832,23.91
2003-05-07,,10.989816665649414,9.451459884643555,11.411537170410156,24.01
2003-05-08,,10.890762329101562,9.375368118286133,11.367708206176758,24.48
2003-05-09,,11.172686576843262,9.554720878601074,11.433451652526855,25.55
2003-05-12,,11.302214622497559,9.9406099319458,11.389619827270508,25.69
2003-05-13,,11.238720893859863,9.929736137390137,11.41518783569336,25.45
2003-05-14,,11.238720893859863,10.08735466003418,11.356744766235352,25.98
2003-05-15,,11.337776184082031,10.109094619750977,11.250809669494629,26.77
2003-05-16,,11.162528038024902,10.065610885620117,11.287344932556152,27.18
2003-05-19,,11.203161239624023,9.869948387145996,11.217939376831055,27.23
2003-05-20,,11.307291030883789,9.212322235107422,11.426148414611816,26.69
2003-05-21,,11.210784912109375,9.402543067932129,11.71838092803955,27.58
2003-05-22,,11.309836387634277,9.511241912841797,12.021563529968262,27.32
2003-05-23,,11.223485946655273,9.67429256439209,12.03618049621582,27.14
2003-05-27,,11.342854499816895,9.657988548278809,11.85719108581543,26.55
2003-05-28,,11.215863227844238,9.924304008483887,11.827962875366211,26.48
2003-05-29,,11.332690238952637,9.96778392791748,11.85719108581543,26.39
2003-05-30,,11.573975563049316,10.17974853515625,11.835272789001465,26.58
2003-06-02,,11.632390022277832,10.272139549255371,11.871796607971191,27.56
2003-06-03,,11.71113109588623,10.418885231018066,11.995999336242676,27.99
2003-06-04,,11.833039283752441,10.321060180664062,12.087318420410156,27.49
2003-06-05,,11.8812894821167,10.478673934936523,12.123845100402832,28.16
2003-06-06,,11.909228324890137,11.446099281311035,12.207858085632324,28.38
2003-06-09,,11.904155731201172,11.34283447265625,12.065398216247559,28.62
2003-06-10,,11.835579872131348,11.77763557434082,12.171335220336914,28.44
2003-06-11,,11.942755699157715,11.761329650878906,12.25534439086914,28.97
2003-06-12,,12.108630180358887,11.750463485717773,12.324752807617188,28.48
2003-06-13,,12.083109855651855,11.663501739501953,12.229779243469238,27.39
2003-06-16,,12.300019264221191,12.065685272216797,12.277262687683105,27.5
2003-06-17,,12.044832229614258,12.065685272216797,12.226125717163086,27.14
2003-06-18,,11.993799209594727,11.984170913696289,12.357626914978027,26.43
2003-06-19,,11.769227981567383,11.717851638793945,12.076355934143066,26.21
2003-06-20,,11.858545303344727,11.967862129211426,12.021563529968262,27.13
2003-06-23,,11.929999351501465,12.158087730407715,11.908324241638184,27.13
2003-06-24,,12.037175178527832,12.245049476623535,12.050785064697266,26.96
2003-06-25,,11.90192699432373,12.087428092956543,11.9553804397583,27.34
2003-06-26,,11.963175773620605,12.201570510864258,11.951711654663086,27.06
2003-06-27,,11.868755340576172,12.158087730407715,11.9553804397583,27.45
2003-06-30,,11.843235969543457,11.989602088928223,11.944368362426758,28.88
2003-07-01,,11.863655090332031,11.924379348754883,11.852629661560059,28.33
2003-07-02,,11.835582733154297,12.348311424255371,11.937026023864746,28.2
2003-07-03,,11.797304153442383,12.293962478637695,11.771907806396484,28.63
2003-07-07,,11.470664024353027,12.44614028930664,11.918679237365723,27.23
2003-07-08,,11.284371376037598,12.391794204711914,11.918679237365723,27.95
2003-07-09,,11.197606086730957,12.418962478637695,11.493016242980957,28.21
2003-07-10,,11.230783462524414,12.098302841186523,11.467330932617188,29.37
2003-07-11,,11.205269813537598,12.272222518920898,11.46366024017334,29.36
2003-07-14,,11.299690246582031,11.913512229919434,11.467330932617188,28.52
2003-07-15,,11.225682258605957,11.456969261169434,11.29486083984375,28.87
2003-07-16,,10.950078964233398,11.478719711303711,11.302200317382812,28.51
2003-07-17,,11.42218017578125,11.136307716369629,10.57196044921875,28.59
2003-07-18,,11.457911491394043,11.625456809997559,10.56462574005127,29.2
2003-07-21,,11.483419418334961,11.34283447265625,10.535263061523438,28.01
2003-07-22,,11.506385803222656,11.456969261169434,10.634345054626465,28.4
2003-07-23,,11.526801109313965,11.527626037597656,10.527924537658691,27.67
2003-07-24,,11.360933303833008,11.456969261169434,10.465543746948242,27.73
2003-07-25,,11.493627548217773,11.652628898620605,10.476557731628418,28.3
2003-07-28,,11.389005661010742,11.554800033569336,10.476557731628418,27.71
2003-07-29,,11.447691917419434,12.038516998291016,10.359125137329102,28.27
2003-07-30,,11.580395698547363,12.174391746520996,10.18665885925293,28.31
2003-07-31,,11.4757661819458,12.50593090057373,10.20500659942627,28.68
2003-08-01,,11.419629096984863,12.484188079833984,10.256378173828125,29.63
2003-08-04,,11.45534896850586,12.272222518920898,10.355451583862305,29.91
2003-08-05,,11.32010269165039,11.956989288330078,10.223352432250977,30.37
2003-08-06,,11.253752708435059,11.859160423278809,10.326103210449219,30.01
2003-08-07,,11.42728042602539,11.989602088928223,10.326103210449219,30.06
2003-08-08,,11.445143699645996,12.984211921691895,10.304082870483398,30.59
2003-08-11,,11.386445999145508,12.913546562194824,10.439857482910156,30.05
2003-08-12,,11.394104957580566,12.92985725402832,10.542604446411133,30.13
2003-08-13,,11.358383178710938,12.592889785766602,10.465543746948242,29.66
2003-08-14,,11.49872875213623,12.473316192626953,10.553614616394043,28.96
2003-08-15,,11.48597240447998,12.4896240234375,10.575629234313965,29.18
2003-08-18,,11.447691917419434,12.348311424255371,10.45086669921875,29.88
2003-08-19,,11.304789543151855,12.43526840209961,10.458209037780762,29.18
2003-08-20,,11.200163841247559,12.50048828125,10.395824432373047,29.28
2003-08-21,,11.128708839416504,12.228732109069824,10.465543746948242,29.95
2003-08-22,,11.044498443603516,11.929815292358398,10.53159236907959,30.22
2003-08-25,,11.246100425720215,12.065685272216797,10.759110450744629,29.98
2003-08-26,,11.28692626953125,12.120040893554688,10.667366027832031,30.08
2003-08-27,,11.218029022216797,12.261351585388184,10.704060554504395,30.05
2003-08-28,,11.184852600097656,12.14721965789795,10.817822456359863,30.1
2003-08-29,,11.105749130249023,12.185260772705078,10.89854907989502,30.38
2003-09-02,,11.172091484069824,12.228732109069824,11.063678741455078,28.08
2003-09-03,,11.15423583984375,12.332003593444824,10.95358943939209,27.89
2003-09-04,,11.355825424194336,12.712455749511719,10.777450561523438,27.49
2003-09-05,,11.26651382446289,12.663540840148926,10.737090110778809,27.72
2003-09-08,,11.29714298248291,12.690716743469238,10.850847244262695,28.47
2003-09-09,,11.317546844482422,12.821151733398438,10.821488380432129,27.64
2003-09-10,,11.470664024353027,12.609189987182617,10.87653636932373,27.76
2003-09-11,,11.406551361083984,12.880935668945312,10.957757949829102,27.48
2003-09-12,,11.28089427947998,12.761373519897461,10.990983963012695,26.52
2003-09-15,,11.15523910522461,12.766806602478027,10.939300537109375,26.38
2003-09-16,,11.006501197814941,12.908116340637207,10.883916854858398,26.28
2003-09-17,,11.029580116271973,12.908116340637207,11.046361923217773,25.76
2003-09-18,,11.180877685546875,12.995074272155762,10.954068183898926,25.56
2003-09-19,,11.0731782913208,13.000513076782227,10.835918426513672,25.51
2003-09-22,,11.088567733764648,12.8428955078125,10.780542373657227,25.82
2003-09-23,,11.134720802307129,12.989638328552246,10.85438346862793,25.74
2003-09-24,,11.024454116821289,13.005942344665527,10.931914329528809,26.81
2003-09-25,,11.039841651916504,12.696154594421387,10.843307495117188,27.04
2003-09-26,,11.034711837768555,12.826600074768066,10.710393905639648,27.02
2003-09-29,,11.044968605041504,12.897246360778809,10.957757949829102,27.77
2003-09-30,,11.016759872436523,12.79398250579834,10.891298294067383,28.09
2003-10-01,,11.255249977111816,13.15812873840332,11.057437896728516,27.98
2003-10-02,,11.34757137298584,13.196174621582031,11.050058364868164,28.9
2003-10-03,,11.293715476989746,13.185297966003418,11.046361923217773,29.14
2003-10-06,,11.388596534729004,13.098339080810547,11.075902938842773,29.75
2003-10-07,,11.452715873718262,13.435309410095215,11.075902938842773,29.35
2003-10-08,,11.345011711120605,13.125520706176758,10.954068183898926,28.96
2003-10-09,,11.265506744384766,13.15812873840332,10.946675300598145,30.21
2003-10-10,,11.239863395690918,13.201607704162598,10.880224227905273,31.13
2003-10-13,,11.31936264038086,13.304869651794434,10.894993782043457,31.0
2003-10-14,,11.424505233764648,13.255953788757324,10.835918426513672,31.45
2003-10-15,,11.565546989440918,13.000513076782227,10.88760757446289,31.23
2003-10-16,,11.539899826049805,13.043991088867188,10.847000122070312,31.05
2003-10-17,,11.552721977233887,13.125520706176758,10.762081146240234,30.27
2003-10-20,,11.696327209472656,13.141817092895508,10.780542373657227,29.78
2003-10-21,,11.7424898147583,12.902684211730957,10.688243865966797,29.61
2003-10-22,,11.62196159362793,12.989638328552246,10.706706047058105,29.25
2003-10-23,,11.673251152038574,13.043991088867188,10.776851654052734,29.63
2003-10-24,,11.642478942871094,13.147254943847656,10.725162506103516,30.01
2003-10-27,,11.58862018585205,13.179862022399902,10.688243865966797,29.38
2003-10-28,,11.637351036071777,13.370091438293457,10.817465782165527,28.99
2003-10-29,,11.7578763961792,13.375524520874023,10.824843406677246,28.56
2003-10-30,,11.796342849731445,13.440746307373047,10.776851654052734,27.47
2003-10-31,,11.898919105529785,13.587495803833008,10.743623733520508,27.88
2003-11-03,,11.970722198486328,13.799459457397461,10.791622161865234,27.78
2003-11-04,,12.027141571044922,14.190776824951172,10.762081146240234,27.32
2003-11-05,,12.047660827636719,14.212515830993652,10.703008651733398,27.9
2003-11-06,,12.057913780212402,14.120121002197266,10.835918426513672,28.52
2003-11-07,,11.957901954650879,14.13642692565918,11.002059936523438,28.73
2003-11-10,,11.95533275604248,14.13099479675293,10.972525596618652,28.82
2003-11-11,,11.9296875,14.18533706665039,10.839616775512695,28.88
2003-11-12,,12.073298454284668,14.483397483825684,11.197734832763672,28.58
2003-11-13,,12.034834861755371,14.389561653137207,11.175580978393555,29.01
2003-11-14,,11.973288536071777,14.174300193786621,11.2678804397583,29.78
2003-11-17,,11.970722198486328,13.798971176147461,11.518937110900879,28.98
2003-11-18,,11.924564361572266,13.633374214172363,11.44509506225586,29.26
2003-11-19,,12.016885757446289,13.60578441619873,11.326953887939453,30.13
2003-11-20,,11.911737442016602,13.622337341308594,11.341720581054688,29.88
2003-11-21,,11.90404987335205,13.782408714294434,11.426633834838867,29.79
2003-11-24,,11.90404987335205,14.152228355407715,11.574316024780273,27.99
2003-11-25,,11.94251537322998,14.21845817565918,11.670305252075195,27.62
2003-11-26,,12.030120849609375,14.014237403869629,11.736761093139648,28.23
2003-11-28,,11.981168746948242,14.14670467376709,11.692455291748047,28.95
2003-12-01,,12.115145683288574,14.544116020202637,11.744141578674316,28.17
2003-12-02,,12.11257553100586,14.615862846374512,11.895515441894531,29.1
2003-12-03,,12.213050842285156,14.604825973510742,11.92505168914795,29.26
2003-12-04,,12.151225090026855,14.66002082824707,11.648157119750977,29.25
2003-12-05,,12.081650733947754,14.345409393310547,11.63338565826416,28.87
2003-12-08,,12.303241729736328,14.141182899475098,11.707225799560547,30.52
2003-12-09,,12.305811882019043,14.030792236328125,11.592774391174316,30.27
2003-12-10,,12.416609764099121,14.102542877197266,11.581698417663574,30.02
2003-12-11,,12.46813678741455,14.240534782409668,11.578001976013184,29.79
2003-12-12,,12.720643043518066,14.229493141174316,11.70352840423584,30.24
2003-12-15,,12.828863143920898,14.030792236328125,11.751527786254883,30.89
2003-12-16,,13.058181762695312,13.732730865478516,11.662922859191895,30.64
2003-12-17,,12.926774978637695,13.522985458374023,11.625998497009277,31.01
2003-12-18,,12.867508888244629,13.694092750549316,11.69283676147461,30.79
2003-12-19,,12.90874195098877,13.412591934204102,11.64828109741211,31.03
2003-12-22,,12.924195289611816,13.887284278869629,11.789381980895996,28.78
2003-12-23,,12.926774978637695,13.95351505279541,11.729970932006836,28.3
2003-12-24,,12.857210159301758,13.22492790222168,11.674272537231445,29.45
2003-12-29,,12.924195289611816,13.5781888961792,11.778241157531738,29.17
2003-12-30,,13.016961097717285,13.677536964416504,11.975042343139648,30.1
2003-12-31,,13.076211929321289,13.705141067504883,11.963900566101074,30.3
2004-01-02,,12.973152160644531,13.683056831359863,11.911921501159668,29.55
2004-01-05,,12.988615036010742,13.815526008605957,11.94162368774414,32.3
2004-01-06,,12.934501647949219,13.98111343383789,12.064160346984863,31.2
2004-01-07,,12.85205078125,14.0252685546875,11.986184120178223,30.99
2004-01-08,,12.913894653320312,14.074945449829102,11.993607521057129,31.11
2004-01-09,,12.77733039855957,13.881767272949219,11.919344902038574,31.91
2004-01-12,,12.88554573059082,13.859684944152832,11.893351554870605,31.41
2004-01-13,,12.80825138092041,13.600260734558105,11.622289657592773,32.55
2004-01-14,,12.831439018249512,13.837603569030762,11.722548484802246,31.84
2004-01-15,,12.813403129577637,13.881767272949219,11.6371431350708,31.43
2004-01-16,,12.85205078125,13.97007942199707,11.741116523742676,31.26
2004-01-20,,12.864933967590332,13.892800331115723,11.819086074829102,32.26
2004-01-21,,12.82628059387207,14.085986137390137,11.81165599822998,31.95
2004-01-22,,12.710341453552246,14.014237403869629,11.867354393005371,31.42
2004-01-23,,12.893277168273926,13.936962127685547,11.577729225158691,32.08
2004-01-26,,12.931924819946289,13.95351505279541,12.060445785522461,31.15
2004-01-27,,12.880401611328125,14.047348022460938,11.930485725402832,31.05
2004-01-28,,12.725804328918457,13.721700668334961,11.904491424560547,30.77
2004-01-29,,12.77733039855957,14.074945449829102,11.934197425842285,29.47
2004-01-30,,12.687151908874512,14.20742130279541,11.960192680358887,29.53
2004-02-02,,12.782486915588379,14.345409393310547,12.086440086364746,30.3
2004-02-03,,12.839176177978516,14.43371868133545,12.30923080444336,30.07
2004-02-04,,12.818558692932129,14.577230453491211,12.431763648986816,29.63
2004-02-05,,12.980883598327637,14.737298965454102,12.513452529907227,29.02
2004-02-06,,13.138055801391602,14.99120044708252,12.324077606201172,29.26
2004-02-09,,13.501358032226562,14.853209495544434,12.290661811828613,29.1
2004-02-10,,13.442096710205078,14.781455039978027,12.26095962524414,30.06
2004-02-11,,13.346763610839844,14.930484771728516,12.320369720458984,30.33
2004-02-12,,13.279764175415039,14.726258277893066,12.290661811828613,30.17
2004-02-13,,13.176701545715332,14.698659896850586,12.231257438659668,30.96
2004-02-17,,13.176701545715332,14.902883529663086,12.50974178314209,31.43
2004-02-18,,13.202470779418945,14.930484771728516,12.483746528625488,31.57
2004-02-19,,13.140630722045898,15.040872573852539,12.34264850616455,31.63
2004-02-20,,13.125173568725586,14.99120044708252,12.327797889709473,31.22
2004-02-23,,12.970575332641602,15.327892303466797,12.331504821777344,31.89
2004-02-24,,12.82628059387207,15.250625610351562,12.346360206604004,31.6
2004-02-25,,12.792791366577148,15.421728134155273,12.305513381958008,32.46
2004-02-26,,12.839176177978516,15.620433807373047,12.350071907043457,32.45
2004-02-27,,12.872660636901855,15.620433807373047,12.546875953674316,32.94
2004-03-01,,12.78505802154541,15.681153297424316,12.706542015075684,33.34
2004-03-02,,12.697458267211914,15.686670303344727,12.624847412109375,34.15
2004-03-03,,12.661384582519531,15.946085929870605,12.491175651550293,33.32
2004-03-04,,12.58150863647461,15.918488502502441,12.446615219116211,33.45
2004-03-05,,12.90874195098877,16.475969314575195,12.669407844543457,34.4
2004-03-08,,12.84689998626709,16.177915573120117,12.702824592590332,34.27
2004-03-09,,12.929351806640625,15.995765686035156,12.810510635375977,33.72
2004-03-10,,12.857210159301758,15.957122802734375,12.680549621582031,32.83
2004-03-11,,12.476542472839355,15.841219902038574,12.310992240905762,33.22
2004-03-12,,12.546459197998047,16.01232147216797,12.243804931640625,32.76
2004-03-15,,12.354828834533691,15.703227996826172,12.139286994934082,34.39
2004-03-16,,12.471366882324219,15.819145202636719,12.094491004943848,34.72
2004-03-17,,12.657809257507324,15.841219902038574,12.273669242858887,34.95
2004-03-18,,12.699240684509277,15.465883255004883,12.217672348022461,34.43
2004-03-19,,12.631915092468262,15.510040283203125,12.12061882019043,34.33
2004-03-22,,12.49466323852539,15.648028373718262,11.986237525939941,33.57
2004-03-23,,12.463593482971191,15.322375297546387,12.004897117614746,34.4
2004-03-24,,12.556814193725586,15.289260864257812,11.803328514099121,34.14
2004-03-25,,12.626728057861328,15.703227996826172,11.75853157043457,33.32
2004-03-26,,12.631915092468262,15.383090019226074,11.728666305541992,32.51
2004-03-29,,12.79246711730957,15.714268684387207,11.892910957336426,32.04
2004-03-30,,13.007403373718262,15.819145202636719,11.836922645568848,33.04
2004-03-31,,13.025527954101562,15.769464492797852,11.948906898498535,32.29
2004-04-01,,13.09803581237793,15.957122802734375,11.926507949829102,32.59
2004-04-02,,13.188671112060547,15.973686218261719,11.892910957336426,31.19
2004-04-05,,13.09803581237793,16.205507278442383,12.01983642578125,31.17
2004-04-06,,13.173136711120605,16.01232147216797,11.870518684387207,31.48
2004-04-07,,13.227510452270508,15.951610565185547,11.75853157043457,33.07
2004-04-08,,13.268948554992676,15.824665069580078,11.739863395690918,33.98
2004-04-12,,13.167954444885254,16.01783561706543,11.601751327514648,34.51
2004-04-13,,13.178313255310059,15.603875160217285,11.51215934753418,34.15
2004-04-14,,13.256002426147461,14.902883529663086,11.568155288696289,33.54
2004-04-15,,13.25859260559082,14.864246368408203,11.680139541625977,33.72
2004-04-16,,13.44762134552002,15.156787872314453,11.706269264221191,33.85
2004-04-19,,13.724711418151855,14.764892578125,11.71746826171875,34.71
2004-04-20,,13.538254737854004,14.654501914978027,11.672675132751465,33.56
2004-04-21,,13.49941635131836,14.87529468536377,11.982501029968262,33.23
2004-04-22,,13.325919151306152,15.123674392700195,12.299796104431152,33.24
2004-04-23,,13.219745635986328,15.090555191040039,12.352056503295898,33.78
2004-04-26,,13.1265230178833,15.079507827758789,12.236331939697266,34.18
2004-04-27,,13.131701469421387,15.013276100158691,12.340855598449707,34.11
2004-04-28,,13.002217292785645,15.23957633972168,12.281126022338867,35.02
2004-04-29,,13.066964149475098,15.002238273620605,12.28486156463623,34.66
2004-04-30,,13.095449447631836,15.029834747314453,12.28486156463623,35.23
2004-05-03,,13.108397483825684,15.322375297546387,12.348322868347168,34.97
2004-05-04,,13.017759323120117,15.23957633972168,12.26619815826416,36.07
2004-05-05,,13.23010540008545,15.34997844696045,12.180342674255371,36.58
2004-05-06,,13.224920272827148,15.051913261413574,12.150481224060059,37.05
2004-05-07,,13.139471054077148,14.742814064025879,11.9750394821167,37.25
2004-05-10,,12.929712295532227,14.704177856445312,11.795856475830078,35.83
2004-05-11,,12.960790634155273,14.599311828613281,11.792125701904297,36.97
2004-05-12,,12.927122116088867,14.389561653137207,11.635343551635742,37.95
2004-05-13,,12.84684944152832,14.400601387023926,11.422574996948242,38.3
2004-05-14,,12.947842597961426,14.44476318359375,11.564421653747559,39.04
2004-05-17,,12.898642539978027,14.279176712036133,11.538291931152344,38.88
2004-05-18,,12.973740577697754,14.235010147094727,11.426310539245605,38.43
2004-05-19,,12.782114028930664,14.21293830871582,11.377776145935059,38.35
2004-05-20,,12.85202693939209,13.97007942199707,11.179935455322266,38.89
2004-05-21,,12.787286758422852,14.047348022460938,11.168737411499023,37.6
2004-05-24,,12.903824806213379,13.992154121398926,11.179935455322266,39.22
2004-05-25,,13.048836708068848,14.047348022460938,11.153802871704102,38.46
2004-05-26,,13.004819869995117,14.21293830871582,11.202332496643066,38.05
2004-05-27,,13.289664268493652,14.499956130981445,11.209799766540527,37.03
2004-05-28,,13.297432899475098,14.571706771850586,11.146342277526855,37.0
2004-06-01,,13.224920272827148,14.610343933105469,11.161273002624512,39.05
2004-06-02,,13.450220108032227,14.588272094726562,11.217266082763672,37.99
2004-06-03,,13.406200408935547,14.637950897216797,11.456170082092285,36.26
2004-06-04,,13.53567123413086,14.825615882873535,11.299386024475098,35.97
2004-06-07,,13.649611473083496,14.6876220703125,11.437500953674316,35.57
2004-06-08,,13.623712539672852,14.814571380615234,11.40764331817627,35.47
2004-06-09,,13.403602600097656,14.671069145202637,11.388975143432617,34.69
2004-06-10,,13.369939804077148,14.930484771728516,11.564421653747559,35.75
2004-06-14,,13.369943618774414,14.902883529663086,11.467365264892578,35.22
2004-06-15,,13.330906867980957,14.726258277893066,11.474832534790039,34.66
2004-06-16,,13.320502281188965,14.742814064025879,11.489766120910645,34.56
2004-06-17,,13.294476509094238,14.748336791992188,11.519623756408691,35.58
2004-06-18,,13.372543334960938,14.858725547790527,11.646547317504883,35.43
2004-06-21,,13.315300941467285,14.825615882873535,11.51589298248291,34.82
2004-06-22,,13.276264190673828,14.847683906555176,11.54948616027832,34.95
2004-06-23,,13.349129676818848,14.963602066040039,11.557001113891602,34.81
2004-06-24,,13.281458854675293,14.947041511535645,11.54573917388916,34.71
2004-06-25,,13.036866188049316,14.897368431091309,11.511942863464355,34.25
2004-06-28,,13.112323760986328,14.671069145202637,11.639602661132812,33.24
2004-06-29,,13.151365280151367,14.577230453491211,11.714699745178223,32.61
2004-06-30,,13.13574504852295,14.350924491882324,11.89492130279541,33.22
2004-07-01,,13.104521751403809,14.522031784057617,11.707186698913574,35.58
2004-07-02,,13.14875602722168,14.417160034179688,11.647109985351562,35.36
2004-07-06,,13.182588577270508,14.42268180847168,11.846111297607422,36.47
2004-07-07,,13.12014102935791,14.582743644714355,11.759748458862305,35.62
2004-07-08,,13.156564712524414,14.626904487609863,11.853617668151855,37.13
2004-07-09,,13.276264190673828,14.632424354553223,11.774773597717285,37.58
2004-07-12,,13.226824760437012,14.803535461425781,11.774773597717285,37.73
2004-07-13,,13.182588577270508,14.726258277893066,11.669639587402344,36.68
2004-07-14,,13.31269645690918,15.338932991027832,11.737220764160156,37.51
2004-07-15,,13.229424476623535,15.405177116394043,11.493170738220215,38.41
2004-07-16,,13.161773681640625,15.34997844696045,11.37677001953125,38.49
2004-07-19,,13.099316596984863,15.41620922088623,11.6884126663208,39.07
2004-07-20,,13.031657218933105,15.543160438537598,11.939982414245605,38.96
2004-07-21,,12.802669525146484,15.267182350158691,11.823577880859375,38.48
2004-07-22,,12.742817878723145,15.217503547668457,11.692169189453125,39.16
2004-07-23,,11.753992080688477,14.947041511535645,11.455619812011719,39.59
2004-07-26,,11.527606964111328,14.89184856414795,11.45937728881836,39.75
2004-07-27,,11.384488105773926,15.173344612121582,11.489413261413574,40.09
2004-07-28,,11.366266250610352,15.073996543884277,11.391788482666016,41.08
2004-07-29,,11.204939842224121,15.035356521606445,11.45937728881836,40.93
2004-07-30,,11.413114547729492,15.178855895996094,11.470640182495117,41.47
2004-08-02,,11.504188537597656,15.156787872314453,11.354243278503418,41.35
2004-08-03,,11.478167533874512,15.040872573852539,11.320448875427246,41.82
2004-08-04,,11.50158405303955,14.99120044708252,11.282903671264648,41.75
2004-08-05,,11.410504341125488,14.836655616760254,11.20405387878418,42.49
2004-08-06,,11.319433212280273,14.538594245910645,11.143977165222168,42.63
2004-08-09,,11.246569633483887,14.439240455627441,11.13271427154541,43.21
2004-08-10,,11.30902099609375,14.759381294250488,11.098920822143555,42.5
2004-08-11,,11.56663703918457,14.544116020202637,11.162752151489258,42.45
2004-08-12,,11.407904624938965,14.26813793182373,11.174016952514648,43.5
2004-08-13,,11.545821189880371,14.246058464050293,11.211566925048828,44.13
2004-08-16,,11.584855079650879,14.21293830871582,11.425585746765137,44.35
2004-08-17,,11.535409927368164,14.555155754089355,11.444356918334961,44.05
2004-08-18,,11.597861289978027,14.615862846374512,11.519452095031738,44.12
2004-08-19,,11.454747200012207,14.682109832763672,11.575770378112793,44.84
2004-08-20,,11.504188537597656,14.941521644592285,11.786038398742676,45.46
2004-08-23,,11.538021087646484,14.704177856445312,11.733473777770996,44.39
2004-08-24,,11.454747200012207,14.831136703491211,11.748489379882812,42.99
2004-08-25,,11.538021087646484,14.87529468536377,11.774773597717285,42.39
2004-08-26,,11.569243431091309,14.958086013793945,11.846111297607422,40.65
2004-08-27,,11.636896133422852,14.996718406677246,11.812318801879883,40.72
2004-08-30,,11.540617942810059,14.902883529663086,11.710945129394531,40.78
2004-08-31,,11.634292602539062,14.913924217224121,11.744732856750488,39.8
2004-09-01,,11.616082191467285,15.007756233215332,11.752243995666504,40.96
2004-09-02,,11.811241149902344,15.173344612121582,11.831092834472656,42.39
2004-09-03,,11.837263107299805,15.322375297546387,11.827340126037598,41.07
2004-09-07,,11.878899574279785,15.112627983093262,11.939982414245605,40.19
2004-09-08,,11.306421279907227,15.178855895996094,11.808561325073242,39.91
2004-09-09,,11.322033882141113,15.145748138427734,11.857373237609863,41.45
2004-09-10,,11.17891788482666,14.930484771728516,11.863044738769531,41.03
2004-09-13,,11.202470779418945,14.996718406677246,12.017997741699219,40.63
2004-09-14,,11.220792770385742,15.234058380126953,12.025550842285156,41.34
2004-09-15,,10.773213386535645,15.195423126220703,12.067119598388672,42.03
2004-09-16,,10.480071067810059,15.228541374206543,12.127593040466309,40.68
2004-09-17,,10.548123359680176,15.27269172668457,12.290103912353516,43.08
2004-09-20,,10.58476448059082,15.162307739257812,12.244749069213867,43.6
2004-09-21,,10.660672187805176,15.327892303466797,12.093578338623047,44.56
2004-09-22,,10.57952880859375,14.908409118652344,11.866823196411133,45.66
2004-09-23,,10.474838256835938,14.980162620544434,11.863044738769531,46.53
2004-09-24,,10.466981887817383,15.234058380126953,11.889498710632324,46.13
2004-09-27,,10.37275505065918,15.421728134155273,11.942408561706543,46.87
2004-09-28,,10.466981887817383,15.432768821716309,12.074685096740723,47.52
2004-09-29,,10.47221565246582,15.394132614135742,12.055774688720703,46.54
2004-09-30,,10.482685089111328,15.471407890319824,11.98775863647461,47.76
2004-10-01,,10.550739288330078,15.532120704650879,11.976421356201172,46.86
2004-10-04,,10.665908813476562,15.45484733581543,11.980201721191406,46.99
2004-10-05,,10.637117385864258,15.421728134155273,11.866823196411133,47.1
2004-10-06,,10.705163955688477,15.366531372070312,12.082242965698242,47.95
2004-10-07,,10.50101089477539,15.41620922088623,11.934850692749023,48.98
2004-10-08,,10.46959400177002,15.421728134155273,11.83281135559082,49.41
2004-10-11,,10.47221565246582,15.278221130371094,11.79502010345459,50.75
2004-10-12,,10.412016868591309,15.20646858215332,11.779899597167969,51.28
2004-10-13,,10.309938430786133,15.929527282714844,11.836585998535156,50.42
2004-10-14,,10.247122764587402,16.05095863342285,11.931070327758789,51.31
2004-10-15,,10.26020622253418,16.00128746032715,12.14648723602295,51.02
2004-10-18,,10.270675659179688,16.117198944091797,12.21829605102539,49.16
2004-10-19,,10.307321548461914,16.006803512573242,12.25986385345459,49.21
2004-10-20,,10.325643539428711,15.89640998840332,12.43748950958252,50.78
2004-10-21,,10.333494186401367,15.741862297058105,12.37324333190918,51.06
2004-10-22,,10.181685447692871,15.741862297058105,12.301434516906738,52.28
2004-10-25,,10.116255760192871,15.664588928222656,12.225849151611328,51.68
2004-10-26,,10.286382675170898,15.935047149658203,12.403470039367676,52.04
2004-10-27,,10.582151412963867,16.111679077148438,12.56597900390625,49.99
2004-10-28,,10.597856521606445,16.023359298706055,12.603771209716797,48.88
2004-10-29,,10.642350196838379,16.0895938873291,12.58866024017334,48.16
2004-11-01,,10.608325958251953,16.326942443847656,12.728487014770508,46.84
2004-11-02,,10.639728546142578,16.111679077148438,12.641570091247559,46.25
2004-11-03,,10.692079544067383,16.177915573120117,12.634011268615723,46.14
2004-11-04,,10.825567245483398,16.354536056518555,13.045949935913086,45.32
2004-11-05,,10.83603286743164,16.591876983642578,13.129090309143066,44.37
2004-11-08,,10.804628372192383,16.669147491455078,13.030831336975098,44.78
2004-11-09,,10.794158935546875,16.658113479614258,12.9892578125,43.27
2004-11-10,,10.775836944580078,16.877376556396484,13.170660972595215,42.57
2004-11-11,,10.720873832702637,17.023557662963867,13.227352142333984,42.22
2004-11-12,,10.676374435424805,17.14722442626953,13.182001113891602,41.33
2004-11-15,,10.62141227722168,17.102251052856445,13.106415748596191,39.32
2004-11-16,,10.535035133361816,16.92797088623047,13.068618774414062,40.48
2004-11-17,,10.542885780334473,17.09100914001465,13.136650085449219,40.27
2004-11-18,,10.542885780334473,16.838027954101562,13.102638244628906,40.8
2004-11-19,,10.398929595947266,16.47258758544922,12.86453914642334,42.29
2004-11-22,,10.435574531555176,16.517566680908203,13.068618774414062,42.26
2004-11-23,,10.393694877624512,16.922351837158203,13.144205093383789,43.03
2004-11-24,,10.417251586914062,17.09100914001465,13.053505897521973,42.62
2004-11-26,,10.432954788208008,17.18659019470215,13.155549049377441,42.87
2004-11-29,,10.459296226501465,17.287782669067383,13.132868766784668,44.05
2004-11-30,,10.35394287109375,17.282161712646484,12.925017356872559,44.23
2004-12-01,,10.47510051727295,17.546390533447266,13.068618774414062,41.19
2004-12-02,,10.646302223205566,17.664459228515625,13.144205093383789,38.49
2004-12-03,,10.722686767578125,17.585750579833984,12.947681427001953,38.57
2004-12-06,,10.638399124145508,17.473316192626953,13.117753028869629,38.43
2004-12-07,,10.5778226852417,17.552013397216797,13.042167663574219,37.11
2004-12-08,,10.638399124145508,17.709440231323242,12.962798118591309,36.9
2004-12-09,,10.749027252197266,17.866853713989258,13.05728816986084,38.33
2004-12-10,,10.675281524658203,17.79376792907715,13.238686561584473,37.24
2004-12-13,,10.762195587158203,17.979291915893555,13.272692680358887,36.77
2004-12-14,,10.878090858459473,17.939939498901367,13.408757209777832,37.03
2004-12-15,,10.922869682312012,18.237911224365234,13.578818321228027,41.53
2004-12-16,,10.833312034606934,18.361591339111328,13.571266174316406,41.49
2004-12-17,,10.785900115966797,18.29412269592285,13.571266174316406,43.06
2004-12-20,,10.785900115966797,18.20979881286621,13.531352996826172,42.67
2004-12-21,,10.799067497253418,18.322229385375977,13.417323112487793,42.76
2004-12-22,,10.951839447021484,18.282882690429688,13.322304725646973,40.44
2004-12-23,,10.933399200439453,18.17606544494629,13.394516944885254,40.29
2004-12-27,,10.970276832580566,18.07487678527832,13.288086891174316,39.6
2004-12-28,,11.022957801818848,18.249155044555664,13.584561347961426,40.24
2004-12-29,,10.946573257446289,18.28850555419922,13.512345314025879,38.93
2004-12-30,,10.970276832580566,18.20417594909668,13.500943183898926,39.8
2004-12-31,,10.967644691467285,18.02427101135254,13.53515338897705,40.38
2005-01-04,,10.788538932800293,18.0355167388916,13.204469680786133,40.75
2005-01-05,,10.738494873046875,17.89495849609375,13.098040580749512,41.0
2005-01-06,,10.828049659729004,18.0355167388916,13.105646133422852,43.25
2005-01-07,,10.841208457946777,17.917449951171875,13.098040580749512,43.28
2005-01-10,,10.901799201965332,17.805009841918945,13.086639404296875,44.71
2005-01-11,,10.841208457946777,17.48455810546875,13.014420509338379,43.45
2005-01-12,,10.841208457946777,17.619483947753906,13.010624885559082,43.75
2005-01-13,,10.730589866638184,17.366487503051758,12.98022174835205,45.76
2005-01-14,,10.791168212890625,17.602615356445312,13.010624885559082,45.26
2005-01-18,,10.864922523498535,17.765653610229492,13.086639404296875,45.18
2005-01-19,,10.825409889221191,17.776906967163086,13.048629760742188,45.16
2005-01-20,,10.885997772216797,17.68132781982422,12.968818664550781,44.06
2005-01-21,,10.77536678314209,17.568891525268555,12.911802291870117,45.88
2005-01-24,,10.788538932800293,17.8443660736084,12.695146560668945,45.74
2005-01-25,,10.862286567687988,17.956819534301758,12.554509162902832,46.14
2005-01-26,,10.978180885314941,17.98491859436035,12.626729965209961,45.94
2005-01-27,,10.999245643615723,18.058002471923828,12.714152336120605,46.51
2005-01-28,,10.928133010864258,17.990537643432617,12.641928672790527,44.75
2005-01-31,,10.928133010864258,18.20979881286621,12.91560173034668,44.51
2005-02-01,,10.909696578979492,17.979291915893555,12.809174537658691,45.12
2005-02-02,,11.041393280029297,17.86123275756836,12.923200607299805,44.17
2005-02-03,,10.993976593017578,18.02427101135254,12.923200607299805,43.13
2005-02-04,,11.186254501342773,18.310993194580078,12.91560173034668,43.26
2005-02-07,,11.191527366638184,18.429058074951172,12.714152336120605,42.7
2005-02-08,,11.233663558959961,18.22666358947754,12.816773414611816,42.79
2005-02-09,,11.262639045715332,17.973676681518555,12.714152336120605,42.49
2005-02-10,,11.194162368774414,18.0467586517334,12.740755081176758,44.04
2005-02-11,,11.262639045715332,18.131093978881836,12.725549697875977,44.41
2005-02-14,,11.288978576660156,18.333484649658203,12.797770500183105,44.51
2005-02-15,,11.233663558959961,18.6426944732666,12.774965286254883,44.91
2005-02-16,,11.404874801635742,18.327865600585938,12.831976890563965,45.42
2005-02-17,,11.32585620880127,18.153579711914062,12.778767585754395,45.42
2005-02-18,,11.315321922302246,18.17606544494629,12.714152336120605,45.86
2005-02-22,,11.27054214477539,17.962434768676758,12.554509162902832,47.6
2005-02-23,,11.215229988098145,18.237911224365234,12.596320152282715,48.16
2005-02-24,,11.236300468444824,18.355966567993164,12.740755081176758,49.24
2005-02-25,,11.331122398376465,18.541500091552734,12.869986534118652,50.05
2005-02-28,,11.273176193237305,18.59771728515625,12.714152336120605,50.13
2005-03-01,,11.396973609924316,18.73827362060547,12.72935676574707,50.47
2005-03-02,,11.33638858795166,18.71015739440918,12.752161026000977,51.05
2005-03-03,,11.373263359069824,18.783248901367188,12.820573806762695,52.89
2005-03-04,,11.494426727294922,19.09246063232422,12.809174537658691,52.1
2005-03-07,,11.515497207641602,19.23301124572754,12.702742576599121,51.87
2005-03-08,,11.436481475830078,18.822599411010742,12.657136917114258,53.29
2005-03-09,,11.381168365478516,18.28850555419922,12.531705856323242,54.11
2005-03-10,,11.344287872314453,18.412189483642578,12.657136917114258,53.04
2005-03-11,,11.262104034423828,18.322229385375977,12.735540390014648,53.15
2005-03-14,,11.22498607635498,18.53026008605957,12.693466186523438,53.68
2005-03-15,,11.198482513427734,18.232284545898438,12.59402847290039,53.97
2005-03-16,,11.11894702911377,18.170448303222656,12.540485382080078,54.61
2005-03-17,,11.134854316711426,17.878093719482422,12.448699951171875,56.03
2005-03-18,,10.991687774658203,17.934316635131836,12.4219331741333,55.97
2005-03-21,,11.028802871704102,17.810626983642578,12.291902542114258,55.79
2005-03-22,,10.975781440734863,17.68132781982422,12.31484603881836,55.39
2005-03-23,,10.91745662689209,17.68132781982422,12.257475852966309,51.52
2005-03-24,,10.922760963439941,17.754413604736328,12.112144470214844,52.35
2005-03-28,,10.901548385620117,17.726303100585938,12.27659797668457,51.75
2005-03-29,,10.97313404083252,17.43958854675293,12.326316833496094,51.42
2005-03-30,,11.121598243713379,17.79376792907715,12.529014587402344,50.63
2005-03-31,,11.047367095947266,17.507043838500977,12.639922142028809,53.22
2005-04-01,,10.970479965209961,17.42833709716797,12.536661148071289,54.14
2005-04-04,,10.994342803955078,17.422710418701172,12.559612274169922,55.92
2005-04-05,,11.097735404968262,17.546390533447266,12.628453254699707,54.53
2005-04-06,,11.057965278625488,17.703819274902344,12.559612274169922,54.08
2005-04-07,,11.166669845581055,17.69257354736328,12.525193214416504,52.57
2005-04-08,,11.161365509033203,17.507043838500977,12.494592666625977,51.83
2005-04-11,,11.100381851196289,17.315893173217773,12.578731536865234,51.21
2005-04-12,,11.222341537475586,17.372114181518555,12.574909210205078,51.53
2005-04-13,,11.161365509033203,17.552013397216797,12.402810096740723,49.67
2005-04-14,,11.153413772583008,17.29340934753418,12.414278984069824,50.21
2005-04-15,,10.946622848510742,17.034786224365234,12.21923542022705,49.52
2005-04-18,,10.861783981323242,16.922351837158203,12.02800464630127,48.58
2005-04-19,,11.240899085998535,16.96732521057129,12.054777145385742,50.79
2005-04-20,,11.10303783416748,16.832393646240234,11.951515197753906,51.53
2005-04-21,,11.129546165466309,16.781803131103516,11.951515197753906,51.73
2005-04-22,,11.16931438446045,16.899866104125977,11.58053970336914,53.51
2005-04-25,,11.315130233764648,17.023557662963867,11.936223030090332,53.1
2005-04-26,,11.389365196228027,16.866130828857422,11.901803016662598,52.47
2005-04-27,,11.352250099182129,16.95608901977539,12.123619079589844,51.29
2005-04-28,,11.317777633666992,16.646875381469727,12.322490692138672,50.74
2005-04-29,,11.516621589660645,16.478219985961914,12.395160675048828,50.61
2005-05-02,,11.551087379455566,16.624385833740234,12.356916427612305,50.89
2005-05-03,,11.601455688476562,16.75368881225586,12.544315338134766,49.48
2005-05-04,,11.646526336669922,16.939220428466797,12.624629020690918,50.36
2005-05-05,,11.704854965209961,16.832393646240234,12.48311996459961,49.81
2005-05-06,,11.715455055236816,16.517566680908203,12.498422622680664,49.7
2005-05-09,,11.816195487976074,16.933597564697266,12.467818260192871,49.71
2005-05-10,,11.726059913635254,16.922351837158203,12.444877624511719,50.61
2005-05-11,,11.736666679382324,16.781803131103516,12.574909210205078,48.91
2005-05-12,,11.710148811340332,16.742446899414062,12.521367073059082,47.4
2005-05-13,,11.694246292114258,16.669357299804688,12.4219331741333,46.85
2005-05-16,,11.734010696411133,16.798669815063477,12.544315338134766,46.42
2005-05-17,,11.771125793457031,16.84926414489746,12.494592666625977,47.31
2005-05-18,,11.908989906311035,17.192211151123047,12.525193214416504,47.35
2005-05-19,,11.996477127075195,17.411466598510742,12.536661148071289,46.92
2005-05-20,,11.94345474243164,17.394603729248047,12.498422622680664,46.91
2005-05-23,,11.922246932983398,17.608230590820312,12.567262649536133,47.28
2005-05-24,,11.935500144958496,17.35525131225586,12.525193214416504,47.29
2005-05-25,,11.90368938446045,17.366487503051758,12.498422622680664,49.24
2005-05-26,,11.901034355163574,17.698190689086914,12.529014587402344,49.71
2005-05-27,,11.911642074584961,17.574512481689453,12.529014587402344,49.42
2005-05-31,,11.832108497619629,17.394603729248047,12.406630516052246,49.3
2005-06-01,,11.821507453918457,17.43958854675293,12.536661148071289,50.46
2005-06-02,,11.871875762939453,17.495800018310547,12.521367073059082,51.3
2005-06-03,,11.726059913635254,17.152856826782227,12.379859924316406,51.9
2005-06-06,,11.657130241394043,17.096637725830078,12.333963394165039,52.61
2005-06-07,,11.694246292114258,16.624385833740234,12.268949508666992,51.62
2005-06-08,,11.638574600219727,16.433237075805664,12.17334270477295,51.92
2005-06-09,,11.57229232788086,16.292680740356445,12.184810638427734,51.36
2005-06-10,,11.651823043823242,16.601898193359375,12.161872863769531,51.98
2005-06-13,,11.63048267364502,16.365766525268555,12.02800464630127,52.0
2005-06-14,,11.66783332824707,16.47258758544922,12.161872863769531,53.52
2005-06-15,,11.64382553100586,16.275814056396484,12.04713249206543,54.12
2005-06-16,,11.681177139282227,16.377016067504883,11.993584632873535,54.3
2005-06-17,,11.753211975097656,16.303926467895508,12.016531944274902,56.92
2005-06-20,,11.715862274169922,16.337661743164062,12.249825477600098,57.1
2005-06-21,,11.65449333190918,16.326414108276367,12.192460060119629,57.36
2005-06-22,,11.587794303894043,16.31516456604004,12.230709075927734,56.06
2005-06-23,,11.491734504699707,16.062177658081055,12.192460060119629,57.03
2005-06-24,,11.259607315063477,15.899142265319824,12.082756042480469,57.21
2005-06-27,,11.294297218322754,15.83167552947998,12.121246337890625,58.5
2005-06-28,,11.438375473022461,15.876653671264648,12.286766052246094,57.75
2005-06-29,,11.393020629882812,15.691126823425293,12.205930709838867,55.42
2005-06-30,,11.13953971862793,15.601176261901855,12.244426727294922,55.36
2005-07-01,,11.262275695800781,15.70799446105957,12.302163124084473,56.41
2005-07-05,,11.312972068786621,15.724851608276367,12.244426727294922,57.86
2005-07-06,,11.192907333374023,15.5730619430542,12.217480659484863,58.38
2005-07-07,,11.142203330993652,15.74172306060791,12.04426383972168,57.55
2005-07-08,,11.401020050048828,16.107152938842773,12.113548278808594,59.0
2005-07-11,,11.41169261932373,16.28705596923828,12.102005958557129,56.1
2005-07-12,,11.425037384033203,16.393884658813477,12.125102996826172,58.95
2005-07-13,,11.45438289642334,16.635623931884766,12.132801055908203,58.33
2005-07-14,,11.521084785461426,16.641250610351562,12.178986549377441,56.79
2005-07-15,,11.494401931762695,17.422710418701172,12.279062271118164,56.98
2005-07-18,,11.45438289642334,17.372114181518555,12.279062271118164,56.25
2005-07-19,,11.561111450195312,17.34400177001953,12.225178718566895,56.75
2005-07-20,,11.561111450195312,17.372114181518555,11.797913551330566,56.39
2005-07-21,,11.726532936096191,17.304649353027344,11.778668403625488,55.59
2005-07-22,,11.747881889343262,17.394603729248047,11.871051788330078,56.98
2005-07-25,,11.646492958068848,17.214702606201172,11.782516479492188,57.51
2005-07-26,,11.657167434692383,17.068519592285156,11.824859619140625,58.58
2005-07-27,,11.742536544799805,16.91110610961914,11.859504699707031,58.34
2005-07-28,,11.843935012817383,17.023557662963867,11.847955703735352,58.28
2005-07-29,,11.675840377807617,17.523910522460938,11.759418487548828,59.77
2005-08-01,,11.705191612243652,17.529531478881836,11.778668403625488,60.56
2005-08-02,,11.814586639404297,17.698190689086914,11.82101058959961,60.13
2005-08-03,,11.918641090393066,17.776906967163086,11.98267936706543,60.04
2005-08-04,,11.835928916931152,17.540771484375,11.778668403625488,60.62
2005-08-05,,11.75588607788086,17.596994400024414,11.851801872253418,60.73
2005-08-08,,11.651824951171875,18.069246292114258,11.851801872253418,62.56
2005-08-09,,11.766557693481445,18.237911224365234,11.967280387878418,62.79
2005-08-10,,11.713197708129883,18.384084701538086,11.963432312011719,63.77
2005-08-11,,11.7692289352417,19.502878189086914,11.951878547668457,65.9
2005-08-12,,11.627814292907715,18.69329833984375,11.974982261657715,67.26
2005-08-15,,11.617145538330078,18.890066146850586,12.001923561096191,66.68
2005-08-16,,11.553104400634766,18.64832305908203,12.005772590637207,65.1
2005-08-17,,11.555773735046387,19.04186248779297,11.932635307312012,63.41
2005-08-18,,11.61446762084961,18.772005081176758,11.990372657775879,61.75
2005-08-19,,11.843935012817383,18.766380310058594,11.940333366394043,64.21
2005-08-22,,11.811919212341309,18.715791702270508,11.971131324768066,65.87
2005-08-23,,11.790569305419922,18.57523536682129,11.921085357666016,65.16
2005-08-24,,11.694523811340332,18.541500091552734,11.98652458190918,65.25
2005-08-25,,11.689178466796875,18.721405029296875,11.948031425476074,65.88
2005-08-26,,11.62514877319336,18.822599411010742,11.971131324768066,66.23
2005-08-29,,11.739873886108398,18.64832305908203,12.071210861206055,64.77
2005-08-30,,11.57711410522461,18.21542739868164,12.02116584777832,66.15
2005-08-31,,11.739873886108398,18.243532180786133,11.932635307312012,66.8
2005-09-01,,11.70785903930664,17.737550735473633,11.921085357666016,66.79
2005-09-02,,11.713197708129883,17.934316635131836,11.940478324890137,65.95
2005-09-06,,11.878620147705078,18.361591339111328,11.890064239501953,64.16
2005-09-07,,11.913302421569824,18.946285247802734,11.835771560668945,63.6
2005-09-08,,11.814586639404297,18.760761260986328,11.890064239501953,61.66
2005-09-09,,11.753211975097656,19.193649291992188,11.882306098937988,62.62
2005-09-12,,11.8065767288208,19.002511978149414,11.998644828796387,60.69
2005-09-13,,11.723340034484863,18.620210647583008,11.921085357666016,61.31
2005-09-14,,11.685749053955078,18.192934036254883,11.897819519042969,61.7
2005-09-15,,11.71528434753418,18.805734634399414,12.060696601867676,61.9
2005-09-16,,11.65352725982666,19.249879837036133,11.952113151550293,60.48
2005-09-19,,11.642786979675293,18.833843231201172,11.932723999023438,64.04
2005-09-20,,11.519267082214355,18.339107513427734,11.828014373779297,62.98
2005-09-21,,11.344733238220215,17.664459228515625,11.626362800598145,64.31
2005-09-22,,11.336684226989746,18.60334014892578,11.42470645904541,64.64
2005-09-23,,11.37158489227295,18.3503475189209,11.451848030090332,62.17
2005-09-26,,11.376954078674316,18.698915481567383,11.490633964538574,61.73
2005-09-27,,11.366217613220215,18.558364868164062,11.71167278289795,62.56
2005-09-28,,11.511212348937988,18.608964920043945,11.746575355529785,62.81
2005-09-29,,11.57297420501709,18.822599411010742,11.831893920898438,62.02
2005-09-30,,11.597138404846191,18.82822608947754,11.862918853759766,61.7
2005-10-03,,11.602510452270508,19.04186248779297,11.742700576782227,61.64
2005-10-04,,11.556859016418457,18.48527717590332,11.684532165527344,59.17
2005-10-05,,11.444086074829102,18.468416213989258,11.66513729095459,59.33
2005-10-06,,11.46825122833252,18.400943756103516,11.614727020263672,57.2
2005-10-07,,11.331308364868164,18.11421775817871,11.552674293518066,57.29
2005-10-10,,11.272232055664062,18.18168830871582,11.513896942138672,57.01
2005-10-11,,11.186314582824707,18.18168830871582,11.5022611618042,58.1
2005-10-12,,11.202420234680176,17.805009841918945,11.432454109191895,59.91
2005-10-13,,11.202420234680176,18.018651962280273,11.463479995727539,59.48
2005-10-14,,11.296402931213379,18.170448303222656,11.552674293518066,58.45
2005-10-17,,11.301773071289062,18.384084701538086,11.478998184204102,59.81
2005-10-18,,11.210476875305176,18.25477409362793,11.397553443908691,58.85
2005-10-19,,11.223906517028809,18.940671920776367,11.009747505187988,58.13
2005-10-20,,11.304464340209961,18.21542739868164,11.029139518737793,57.04
2005-10-21,,11.258808135986328,18.260400772094727,10.936066627502441,56.94
2005-10-24,,11.385013580322266,18.620210647583008,11.013628005981445,57.64
2005-10-25,,11.401119232177734,18.552743911743164,11.03302001953125,58.72
2005-10-26,,11.368900299072266,18.164823532104492,10.92442798614502,58.56
2005-10-27,,11.31788444519043,17.737550735473633,10.885653495788574,58.1
2005-10-28,,11.500473976135254,18.153579711914062,10.982604026794434,59.47
2005-10-31,,11.487045288085938,17.765653610229492,10.974847793579102,58.47
2005-11-01,,11.45213794708252,17.86123275756836,11.009747505187988,56.69
2005-11-02,,11.425288200378418,18.13671112060547,10.928312301635742,58.53
2005-11-03,,11.43334674835205,18.68204689025879,10.936066627502441,59.55
2005-11-04,,11.358160972595215,18.79448890686035,10.959335327148438,60.48
2005-11-07,,11.387697219848633,18.946285247802734,10.986480712890625,58.19
2005-11-08,,11.315197944641113,19.114944458007812,11.137723922729492,57.89
2005-11-09,,11.325939178466797,18.73827362060547,11.195897102355957,57.71
2005-11-10,,11.417236328125,19.065305709838867,11.312240600585938,55.85
2005-11-11,,11.48167896270752,19.392335891723633,11.362656593322754,54.3
2005-11-14,,11.43334674835205,19.4669189453125,11.354900360107422,54.1
2005-11-15,,11.401119232177734,19.111202239990234,11.250185012817383,54.45
2005-11-16,,11.315197944641113,18.81859016418457,11.265697479248047,53.68
2005-11-17,,11.242695808410645,19.042356491088867,11.254064559936523,53.8
2005-11-18,,11.331308364868164,18.984983444213867,11.354900360107422,52.84
2005-11-21,,11.31788444519043,18.97350311279297,11.393677711486816,53.36
2005-11-22,,11.368900299072266,18.9276123046875,11.436332702636719,54.21
2005-11-23,,11.45213794708252,19.3406982421875,11.657381057739258,53.73
2005-11-25,,11.492411613464355,19.197261810302734,11.67677116394043,53.15
2005-11-28,,11.487045288085938,19.478391647338867,11.544917106628418,52.91
2005-11-29,,11.635703086853027,19.4669189453125,11.544917106628418,53.24
2005-11-30,,11.538400650024414,19.421016693115234,11.223043441772461,53.25
2005-12-01,,11.578946113586426,20.270156860351562,11.494505882263184,53.65
2005-12-02,,11.5735445022583,20.029190063476562,11.52940845489502,54.91
2005-12-05,,11.527586936950684,19.834115982055664,11.463479995727539,56.05
2005-12-06,,11.497858047485352,20.1726131439209,11.413064956665039,55.68
2005-12-07,,11.405957221984863,20.229984283447266,11.257943153381348,55.17
2005-12-08,,11.319473266601562,19.9775447845459,11.378162384033203,56.26
2005-12-09,,11.219466209411621,19.9890193939209,11.331628799438477,57.18
2005-12-12,,11.122170448303223,19.77674102783203,11.451848030090332,57.23
2005-12-13,,11.07081127166748,20.235727310180664,11.389800071716309,59.16
2005-12-14,,11.105951309204102,20.367685317993164,11.223043441772461,59.59
2005-12-15,,11.12486743927002,20.069337844848633,11.11833381652832,59.67
2005-12-16,,11.13838005065918,19.937381744384766,11.036893844604492,58.11
2005-12-19,,11.19513988494873,19.564453125,10.986480712890625,56.09
2005-12-20,,11.141087532043457,19.59314727783203,10.893410682678223,56.08
2005-12-21,,11.13838005065918,19.7595157623291,10.92442798614502,56.05
2005-12-22,,11.157301902770996,19.83985137939453,11.112112045288086,57.3
2005-12-23,,11.122170448303223,19.82263946533203,10.979174613952637,56.28
2005-12-28,,11.022165298461914,19.616086959838867,11.029999732971191,56.91
2005-12-29,,10.973505973815918,19.587406158447266,11.073013305664062,57.72
2005-12-30,,10.89512825012207,19.346431732177734,11.014359474182129,58.34
2006-01-03,,11.054594993591309,19.231685638427734,10.96744155883789,61.51
2006-01-04,,11.032968521118164,19.403804779052734,10.928339004516602,61.25
2006-01-05,,11.087023735046387,19.426761627197266,10.885335922241211,61.68
2006-01-06,,11.192441940307617,19.541505813598633,10.818862915039062,62.43
2006-01-09,,11.246498107910156,19.914432525634766,10.760213851928711,62.51
2006-01-10,,11.257308006286621,19.9316463470459,10.744572639465332,62.32
2006-01-11,,11.262713432312012,20.275888442993164,10.877511978149414,61.54
2006-01-12,,11.200547218322754,19.96033477783203,11.299787521362305,62.95
2006-01-13,,11.165410995483398,19.77674102783203,11.221587181091309,61.58
2006-01-17,,11.089733123779297,19.8455810546875,11.256778717041016,63.22
2006-01-18,,11.032968521118164,20.075082778930664,11.36235237121582,63.6
2006-01-19,,11.062702178955078,20.195566177368164,11.36625862121582,63.64
2006-01-20,,10.835667610168457,20.57422637939453,11.245052337646484,64.92
2006-01-23,,10.946479797363281,20.488174438476562,11.21376895904541,64.56
2006-01-24,,11.054594993591309,20.56849479675293,11.198132514953613,63.82
2006-01-25,,11.119457244873047,20.1726131439209,11.245052337646484,62.61
2006-01-26,,11.211358070373535,20.0463924407959,11.374074935913086,62.93
2006-01-27,,11.343795776367188,20.10951042175293,11.452279090881348,64.95
2006-01-30,,11.284334182739258,20.092296600341797,11.729887008666992,65.14
2006-01-31,,11.184330940246582,20.086549758911133,11.510930061340332,63.19
2006-02-01,,11.216768264770508,20.465227127075195,11.436638832092285,65.64
2006-02-02,,11.14378833770752,20.338998794555664,11.436638832092285,63.49
2006-02-03,,11.049193382263184,20.63733673095703,11.370171546936035,62.54
2006-02-06,,11.06540298461914,20.729141235351562,11.2489595413208,63.32
2006-02-07,,11.089733123779297,20.763565063476562,11.342798233032227,61.64
2006-02-08,,11.14378833770752,20.861103057861328,11.26069164276123,60.82
2006-02-09,,11.081620216369629,20.826675415039062,11.354528427124023,60.7
2006-02-10,,11.12486743927002,20.843889236450195,11.346708297729492,59.66
2006-02-13,,11.011353492736816,20.861103057861328,11.291972160339355,59.16
2006-02-14,,11.1735200881958,20.866844177246094,11.393628120422363,58.27
2006-02-15,,11.1735200881958,20.6602840423584,11.503106117248535,57.67
2006-02-16,,11.241089820861816,20.866844177246094,11.432727813720703,56.78
2006-02-17,,11.295147895812988,20.688983917236328,11.553936958312988,58.34
2006-02-21,,11.31136417388916,20.459482192993164,11.550032615661621,59.35
2006-02-22,,11.373529434204102,20.62587547302246,11.66733169555664,58.71
2006-02-23,,11.360011100769043,20.41932487487793,11.796357154846191,58.71
2006-02-24,,11.414064407348633,20.275888442993164,11.84327220916748,60.13
2006-02-27,,11.495156288146973,20.22425079345703,11.808082580566406,59.44
2006-02-28,,11.343795776367188,20.029190063476562,11.765080451965332,59.78
2006-03-01,,11.435691833496094,20.040645599365234,11.589127540588379,61.12
2006-03-02,,11.327581405639648,20.0463924407959,11.550032615661621,62.27
2006-03-03,,11.29784870147705,19.994754791259766,11.608675956726074,62.69
2006-03-06,,11.338391304016113,19.89149284362793,11.526567459106445,61.41
2006-03-07,,11.29784870147705,19.87427520751953,11.577399253845215,59.79
2006-03-08,,11.414064407348633,19.897214889526367,11.585224151611328,58.42
2006-03-09,,11.460017204284668,19.811161041259766,11.765080451965332,58.82
2006-03-10,,11.560025215148926,19.88001823425293,11.952749252319336,59.04
2006-03-13,,11.568192481994629,19.69068145751953,11.72819995880127,60.99
2006-03-14,,11.64986515045166,19.65625,11.870025634765625,62.39
2006-03-15,,11.633532524108887,19.948863983154297,11.873960494995117,63.12
2006-03-16,,11.622641563415527,20.115243911743164,11.92517375946045,62.07
2006-03-17,,11.64986515045166,20.138185501098633,11.92123794555664,63.54
2006-03-20,,11.677096366882324,19.925905227661133,12.000031471252441,62.3
2006-03-21,,11.638973236083984,20.023441314697266,11.996085166931152,59.96
2006-03-22,,11.644425392150879,19.966075897216797,12.267927169799805,61.23
2006-03-23,,11.546414375305176,19.8169002532959,12.035483360290527,61.76
2006-03-24,,11.61447525024414,19.908687591552734,12.094575881958008,62.78
2006-03-27,,11.540964126586914,19.82263946533203,12.094575881958008,62.59
2006-03-28,,11.478346824645996,19.6849422454834,11.846385955810547,64.31
2006-03-29,,11.478346824645996,19.851316452026367,11.960636138916016,64.88
2006-03-30,,11.467456817626953,19.82263946533203,11.893657684326172,65.95
2006-03-31,,11.399393081665039,19.7136287689209,11.940937995910645,66.06
2006-04-03,,11.399393081665039,19.925905227661133,11.92911434173584,67.28
2006-04-04,,11.456565856933594,19.885738372802734,12.11033821105957,65.93
2006-04-05,,11.421170234680176,19.971797943115234,11.933053970336914,66.74
2006-04-06,,11.350387573242188,19.851316452026367,11.933053970336914,67.58
2006-04-07,,11.257818222045898,20.0119686126709,11.818806648254395,67.11
2006-04-10,,11.29321002960205,20.28162384033203,11.720322608947754,68.2
2006-04-11,,11.241485595703125,20.3963680267334,11.5272798538208,68.52
2006-04-12,,11.203372955322266,20.18983268737793,11.46424388885498,69.54
2006-04-13,,11.233317375183105,19.994754791259766,11.472123146057129,69.39
2006-04-18,,11.244206428527832,19.782480239868164,11.543038368225098,70.97
2006-04-19,,11.350387573242188,19.82263946533203,11.633646011352539,72.69
2006-04-20,,11.383056640625,20.126718521118164,11.98820972442627,72.57
2006-04-21,,11.393945693969727,19.851316452026367,12.232464790344238,73.94
2006-04-24,,11.314992904663086,19.65625,12.275797843933105,73.96
2006-04-25,,11.257818222045898,19.421016693115234,12.315196990966797,72.86
2006-04-26,,11.35854721069336,19.570194244384766,12.330957412719727,73.46
2006-04-27,,11.448394775390625,19.862796783447266,12.334891319274902,71.79
2006-04-28,,11.423901557922363,19.834115982055664,12.307316780090332,72.15
2006-05-01,,11.426616668701172,19.7193660736084,12.275797843933105,73.37
2006-05-02,,11.500126838684082,19.7423095703125,12.22852611541748,74.45
2006-05-03,,11.413004875183105,20.000499725341797,12.216705322265625,73.73
2006-05-04,,11.456565856933594,19.994754791259766,12.244281768798828,71.84
2006-05-05,,11.62808609008789,20.201303482055664,12.38611125946045,71.22
2006-05-08,,11.807779312133789,20.304576873779297,12.520058631896973,68.26
2006-05-09,,11.88945484161377,20.557018280029297,12.523996353149414,70.6
2006-05-10,,11.864949226379395,20.631607055664062,12.49248218536377,69.83
2006-05-11,,11.810502052307129,20.28162384033203,12.311257362365723,72.2
2006-05-12,,11.756050109863281,20.0119686126709,12.130037307739258,71.3
2006-05-15,,11.962957382202148,20.063610076904297,12.283679962158203,68.69
2006-05-16,,11.935739517211914,19.908687591552734,12.464896202087402,68.66
2006-05-17,,11.856786727905273,19.8283748626709,12.413687705993652,67.52
2006-05-18,,11.856786727905273,19.7595157623291,12.409744262695312,67.39
2006-05-19,,11.884012222290039,19.59314727783203,12.405806541442871,66.93
2006-05-22,,11.87039852142334,19.5242919921875,12.51611614227295,66.52
2006-05-23,,11.864949226379395,19.23741912841797,12.567334175109863,68.97
2006-05-24,,11.987469673156738,18.90465545654297,12.787951469421387,68.45
2006-05-25,,12.080034255981445,19.082515716552734,12.99675464630127,68.51
2006-05-26,,12.112707138061523,18.88744354248047,12.953413963317871,69.88
2006-05-30,,11.88945484161377,18.772689819335938,12.933716773986816,69.82
2006-05-31,,11.987469673156738,19.030874252319336,13.040082931518555,67.57
2006-06-01,,11.957517623901367,19.323484420776367,12.980988502502441,68.77
2006-06-02,,11.94934368133545,19.225948333740234,13.079479217529297,68.42
2006-06-05,,11.824115753173828,19.0194034576416,13.00856876373291,69.13
2006-06-06,,11.843174934387207,19.111202239990234,12.784011840820312,68.25
2006-06-07,,11.810502052307129,19.116939544677734,12.51611614227295,67.17
2006-06-08,,11.813222885131836,19.329219818115234,12.362472534179688,65.76
2006-06-09,,11.856786727905273,19.151363372802734,12.354591369628906,69.13
2006-06-12,,11.79144287109375,18.89317512512207,12.295502662658691,68.62
2006-06-13,,11.766757011413574,18.32518196105957,12.094575881958008,65.67
2006-06-14,,11.739336967468262,18.8472900390625,12.106398582458496,65.52
2006-06-15,,11.802414894104004,19.134145736694336,12.169434547424316,66.04
2006-06-16,,11.84902286529541,19.013660430908203,12.157613754272461,65.01
2006-06-19,,11.772248268127441,18.8472900390625,12.248223304748535,66.4
2006-06-20,,11.736597061157227,18.91039276123047,12.27186107635498,67.57
2006-06-21,,11.794184684753418,19.162832260131836,12.200952529907227,68.17
2006-06-22,,11.755792617797852,18.67515754699707,12.350653648376465,69.6
2006-06-23,,11.722886085510254,18.70384407043457,12.279740333557129,69.91
2006-06-26,,11.744827270507812,18.738271713256836,12.30355453491211,69.85
2006-06-27,,11.657075881958008,18.652219772338867,12.244020462036133,71.26
2006-06-28,,11.632396697998047,18.34239387512207,12.21226978302002,71.76
2006-06-29,,11.807897567749023,19.2546329498291,12.291647911071777,73.02
2006-06-30,,11.796928405761719,19.277589797973633,12.263866424560547,73.2
2006-07-03,,11.892900466918945,19.489866256713867,12.323394775390625,73.94
2006-07-05,,11.796928405761719,19.369384765625,12.359116554260254,72.88
2006-07-06,,11.881935119628906,19.329219818115234,12.05351734161377,73.12
2006-07-07,,11.840800285339355,19.036619186401367,11.986043930053711,74.14
2006-07-10,,11.964198112487793,19.323484420776367,11.990010261535645,72.39
2006-07-11,,12.013561248779297,19.667722702026367,12.037632942199707,73.14
2006-07-12,,11.94775104522705,19.398067474365234,12.152738571166992,73.04
2006-07-13,,11.818863868713379,19.030874252319336,12.029695510864258,75.23
2006-07-14,,11.695467948913574,18.9562931060791,12.05351734161377,76.13
2006-07-17,,11.709174156188965,19.920169830322266,12.05351734161377,75.12
2006-07-18,,11.942258834838867,19.971797943115234,12.037632942199707,75.32
2006-07-19,,12.016302108764648,20.13245391845703,12.001922607421875,71.62
2006-07-20,,12.021787643432617,19.89149284362793,12.001922607421875,72.56
2006-07-21,,12.038236618041992,19.908687591552734,11.902695655822754,72.96
2006-07-24,,12.06566047668457,19.9890193939209,12.105107307434082,72.09
2006-07-25,,12.13421630859375,19.9431209564209,12.92270278930664,72.49
2006-07-26,,12.189058303833008,19.765262603759766,12.811567306518555,73.76
2006-07-27,,12.150668144226074,19.925905227661133,12.823480606079102,75.36
2006-07-28,,12.208253860473633,20.247203826904297,12.97032642364502,73.95
2006-07-31,,12.202766418457031,20.304576873779297,12.859198570251465,74.75
2006-08-01,,12.150668144226074,20.126718521118164,12.883013725280762,76.39
2006-08-02,,12.150668144226074,20.41932487487793,12.875073432922363,77.63
2006-08-03,,12.071148872375488,20.56275749206543,12.894914627075195,76.28
2006-08-04,,12.024528503417969,20.316043853759766,12.890944480895996,76.53
2006-08-07,,11.958723068237305,20.384899139404297,12.990172386169434,77.82
2006-08-08,,12.013561248779297,20.1726131439209,13.117175102233887,77.93
2006-08-09,,11.99710750579834,19.7136287689209,13.23624038696289,78.26
2006-08-10,,12.038236618041992,20.006237030029297,13.394996643066406,75.69
2006-08-11,,11.999845504760742,19.9029541015625,13.391029357910156,75.19
2006-08-14,,12.062918663024902,19.920169830322266,13.54184627532959,73.78
2006-08-15,,12.153413772583008,20.367685317993164,13.2997407913208,73.57
2006-08-16,,12.156156539916992,20.63733673095703,13.240209579467773,72.67
2006-08-17,,12.115015983581543,20.792255401611328,13.06160831451416,70.42
2006-08-18,,12.150668144226074,20.757831573486328,12.92270278930664,71.3
2006-08-21,,12.117764472961426,20.488174438476562,13.109236717224121,72.42
2006-08-22,,12.178086280822754,20.42506217956543,12.9981107711792,72.06
2006-08-23,,12.153413772583008,20.41932487487793,13.037796974182129,71.12
2006-08-24,,12.20551586151123,20.585710525512695,13.168773651123047,71.4
2006-08-25,,12.208253860473633,20.212778091430664,13.045732498168945,72.58
2006-08-28,,12.260354995727539,20.545551300048828,13.109236717224121,69.44
2006-08-29,,12.37827205657959,20.700448989868164,13.271965026855469,67.01
2006-08-30,,12.328914642333984,20.74062156677246,13.391029357910156,67.15
2006-08-31,,12.287781715393066,20.597185134887695,13.45849609375,67.66
2006-09-01,,12.359073638916016,21.090600967407227,13.502157211303711,70.49
2006-09-05,,12.334397315979004,21.027494430541992,13.434684753417969,65.94
2006-09-06,,12.257612228393555,20.780776977539062,13.295771598815918,65.41
2006-09-07,,12.200029373168945,20.952898025512695,13.399738311767578,64.52
2006-09-08,,12.230189323425293,21.515155792236328,13.451727867126465,64.3
2006-09-11,,12.216482162475586,21.297138214111328,13.503710746765137,62.41
2006-09-12,,12.279550552368164,21.916790008544922,13.547697067260742,62.23
2006-09-13,,12.318218231201172,21.710241317749023,13.41573715209961,61.28
2006-09-14,,12.309927940368652,21.41762924194336,13.611673355102539,60.75
2006-09-15,,12.315444946289062,21.64712142944336,13.58768367767334,60.23
2006-09-18,,12.27126693725586,21.469263076782227,13.631669998168945,61.47
2006-09-19,,12.254704475402832,21.561058044433594,13.5996732711792,62.52
2006-09-20,,12.274029731750488,21.675809860229492,13.631669998168945,59.09
2006-09-21,,12.204998970031738,21.997095108032227,13.583686828613281,59.27
2006-09-22,,12.14700698852539,21.922515869140625,13.695653915405273,58.81
2006-09-25,,12.260223388671875,22.289710998535156,14.115514755249023,57.89
2006-09-26,,12.32649040222168,22.410192489624023,14.27546501159668,58.53
2006-09-27,,12.345826148986816,22.846237182617188,14.395427703857422,57.6
2006-09-28,,12.412096977233887,22.714277267456055,14.335450172424316,60.68
2006-09-29,,12.337543487548828,22.444618225097656,14.259474754333496,59.09
2006-10-02,,12.287830352783203,22.66837501525879,14.115514755249023,58.8
2006-10-03,,12.304404258728027,22.765911102294922,14.127510070800781,56.28
2006-10-04,,12.37067699432373,22.949491500854492,14.23947525024414,55.82
2006-10-05,,12.37895679473877,22.83475685119629,14.171499252319336,57.93
2006-10-06,,12.359633445739746,23.012611389160156,14.263465881347656,56.9
2006-10-09,,12.265743255615234,23.276538848876953,14.28346061706543,59.25
2006-10-10,,12.166340827941895,23.431432723999023,14.40742301940918,57.8
2006-10-11,,12.182904243469238,23.666677474975586,14.351439476013184,57.75
2006-10-12,,12.16357707977295,24.228946685791016,14.423419952392578,57.87
2006-10-13,,12.155293464660645,24.160085678100586,14.303449630737305,58.97
2006-10-16,,12.218801498413086,24.16582679748535,14.331443786621094,58.22
2006-10-17,,12.091778755187988,23.867483139038086,14.255470275878906,60.13
2006-10-18,,12.13872241973877,23.79290199279785,14.25147533416748,58.51
2006-10-19,,12.401047706604004,23.391292572021484,14.26746654510498,57.74
2006-10-20,,12.909126281738281,23.79290199279785,14.191492080688477,57.94
2006-10-23,,13.05548095703125,24.17729377746582,14.515390396118164,56.56
2006-10-24,,12.986449241638184,24.24041175842285,14.139509201049805,56.56
2006-10-25,,13.030630111694336,24.09698486328125,14.13150405883789,58.79
2006-10-26,,13.016828536987305,24.160085678100586,13.791621208190918,58.76
2006-10-27,,12.942265510559082,23.79290199279785,13.835601806640625,57.99
2006-10-30,,12.91189956665039,24.05108642578125,13.879591941833496,57.08
2006-10-31,,12.900849342346191,24.05108642578125,13.755622863769531,56.13
2006-11-01,,12.878753662109375,24.01665687561035,13.739636421203613,56.37
2006-11-02,,12.898087501525879,24.125669479370117,13.759628295898438,56.26
2006-11-03,,12.840095520019531,23.660947799682617,13.579684257507324,56.55
2006-11-06,,12.925698280334473,23.999448776245117,13.651662826538086,57.02
2006-11-07,,12.956072807312012,23.907644271850586,13.747632026672363,56.99
2006-11-08,,12.945028305053711,24.114192962646484,13.739636421203613,57.18
2006-11-09,,12.881516456604004,24.148616790771484,13.655661582946777,59.72
2006-11-10,,12.831812858581543,24.079771041870117,13.695653915405273,59.18
2006-11-13,,12.8152494430542,24.397146224975586,13.915582656860352,56.88
2006-11-14,,12.85390567779541,24.256086349487305,14.091526985168457,57.9
2006-11-15,,12.881516456604004,24.15618324279785,14.119516372680664,57.97
2006-11-16,,13.016828536987305,24.491182327270508,14.23547649383545,59.5
2006-11-17,,13.049954414367676,24.5793514251709,14.175490379333496,57.01
2006-11-20,,12.989212989807129,24.6204891204834,14.215484619140625,57.38
2006-11-21,,12.975403785705566,24.720394134521484,14.011551856994629,59.53
2006-11-22,,13.005782127380371,24.77330780029297,14.123512268066406,58.66
2006-11-24,,12.956072807312012,24.61461067199707,14.067533493041992,60.72
2006-11-27,,12.85390567779541,24.15618324279785,13.815611839294434,60.52
2006-11-28,,12.889803886413574,24.332496643066406,13.747632026672363,61.22
2006-11-29,,12.964853286743164,24.596982955932617,13.923579216003418,62.13
2006-11-30,,13.017672538757324,24.667512893676758,14.015548706054688,64.36
2006-12-01,,12.945401191711426,24.732162475585938,14.031542778015137,64.74
2006-12-04,,13.017672538757324,24.97902488708496,14.087526321411133,63.97
2006-12-05,,13.342902183532715,25.125946044921875,14.091526985168457,63.65
2006-12-06,,13.448539733886719,25.249370574951172,13.991556167602539,63.7
2006-12-07,,13.54305648803711,25.437442779541016,13.811614036560059,63.17
2006-12-08,,13.595858573913574,25.719562530517578,13.995556831359863,63.67
2006-12-11,,13.568068504333496,25.61376953125,13.975560188293457,62.59
2006-12-12,,13.593080520629883,25.29639434814453,14.211482048034668,62.58
2006-12-13,,13.576410293579102,25.619653701782227,14.091526985168457,61.89
2006-12-14,,13.620881080627441,25.678421020507812,14.223480224609375,62.85
2006-12-15,,13.60142707824707,25.513856887817383,14.279461860656738,62.91
2006-12-18,,13.593080520629883,25.555009841918945,14.295466423034668,62.81
2006-12-19,,13.556949615478516,25.854747772216797,14.255470275878906,62.19
2006-12-20,,13.551390647888184,25.77834701538086,14.431417465209961,63.13
2006-12-21,,13.526371002197266,25.784210205078125,14.403419494628906,62.13
2006-12-22,,13.448539733886719,25.607885360717773,14.387311935424805,61.92
2006-12-27,,13.534708023071289,26.054580688476562,14.282620429992676,60.7
2006-12-28,,13.493013381958008,26.07221031188965,14.330945014953613,59.41
2006-12-29,,13.41240119934082,26.054580688476562,14.375236511230469,58.96
2007-01-03,,13.504130363464355,25.784210205078125,14.338997840881348,56.63
2007-01-04,,13.509689331054688,25.59025764465332,14.326916694641113,54.58
2007-01-05,,13.41517162322998,25.59025764465332,14.165850639343262,52.82
2007-01-08,,13.501357078552246,25.690181732177734,14.073233604431152,52.82
2007-01-09,,13.512473106384277,25.73719596862793,14.145711898803711,52.38
2007-01-10,,13.531929016113281,26.01344108581543,14.455768585205078,52.11
2007-01-11,,13.548611640930176,26.160367965698242,14.40744686126709,51.68
2007-01-12,,13.495793342590332,25.989944458007812,14.415504455566406,49.95
2007-01-16,,13.481897354125977,26.195642471313477,14.399395942687988,51.28
2007-01-17,,13.509689331054688,26.366090774536133,14.19403076171875,51.19
2007-01-18,,13.440200805664062,26.2074031829834,14.234296798706055,50.83
2007-01-19,,13.41517162322998,26.33670425415039,14.347046852111816,52.29
2007-01-22,,13.351241111755371,26.066343307495117,14.459798812866211,54.34
2007-01-23,,13.376266479492188,26.36020278930664,14.218196868896484,53.93
2007-01-24,,13.37903881072998,25.95466423034668,14.109477043151855,55.11
2007-01-25,,13.326227188110352,25.272884368896484,13.996726989746094,55.67
2007-01-26,,13.295647621154785,25.231740951538086,13.908143043518066,55.29
2007-01-29,,13.262299537658691,25.408050537109375,14.161823272705078,54.71
2007-01-30,,13.290090560913086,25.72545051574707,14.02491569519043,54.69
2007-01-31,,13.309553146362305,26.066343307495117,14.061161041259766,56.52
2007-02-01,,13.37070369720459,26.142742156982422,13.666542053222656,56.74
2007-02-02,,13.409621238708496,26.178003311157227,13.702781677246094,56.93
2007-02-05,,13.315110206604004,26.172128677368164,13.513529777526855,58.67
2007-02-06,,13.356801986694336,26.31318473815918,13.557823181152344,58.04
2007-02-07,,13.351241111755371,26.283802032470703,13.533665657043457,58.35
2007-02-08,,13.30398941040039,26.066343307495117,13.275957107543945,57.24
2007-02-09,,13.2761869430542,26.18975830078125,13.517552375793457,57.21
2007-02-12,,13.32066535949707,26.289682388305664,13.815533638000488,55.52
2007-02-13,,13.401277542114258,26.389585494995117,13.91217041015625,56.12
2007-02-14,,13.309553146362305,26.460126876831055,13.863851547241211,55.05
2007-02-15,,13.301203727722168,26.43661117553711,13.779296875,54.25
2007-02-16,,13.30676555633545,26.636436462402344,14.073233604431152,56.78
2007-02-20,,13.281745910644531,26.918563842773438,13.63432788848877,55.91
2007-02-21,,13.223377227783203,27.018478393554688,13.465206146240234,57.74
2007-02-22,,13.14832592010498,27.065500259399414,13.396756172180176,58.62
2007-02-23,,13.137197494506836,27.0419921875,13.392723083496094,60.38
2007-02-26,,13.265069961547852,26.918563842773438,13.396756172180176,60.34
2007-02-27,,12.895363807678223,26.130979537963867,12.917581558227539,60.28
2007-02-28,,12.97597599029541,25.678421020507812,12.857181549072266,59.39
2007-03-01,,12.931502342224121,25.919403076171875,13.034355163574219,61.18
2007-03-02,,12.756379127502441,25.666675567626953,12.824967384338379,61.92
2007-03-05,,12.867566108703613,25.219985961914062,12.73235034942627,59.78
2007-03-06,,13.045472145080566,25.331653594970703,12.977981567382812,59.68
2007-03-07,,12.995429039001465,25.331653594970703,12.607524871826172,61.13
2007-03-08,,13.106627464294434,25.649036407470703,12.61557674407959,60.9
2007-03-09,,13.223377227783203,25.948789596557617,12.68403434753418,60.25
2007-03-12,,13.329008102416992,26.254413604736328,12.853155136108398,60.59
2007-03-13,,13.175030708312988,25.555009841918945,12.552825927734375,61.52
2007-03-14,,13.16943359375,25.6549129486084,12.256562232971191,60.89
2007-03-15,,13.18062686920166,25.549118041992188,12.41889476776123,60.4
2007-03-16,,13.217020034790039,25.555009841918945,12.345840454101562,60.93
2007-03-19,,13.250618934631348,25.784210205078125,12.54065227508545,60.49
2007-03-20,,13.331803321838379,26.04282569885254,12.776042938232422,60.11
2007-03-21,,13.510977745056152,26.219144821166992,12.723281860351562,60.18
2007-03-22,,13.508182525634766,26.148618698120117,12.926202774047852,61.57
2007-03-23,,13.452189445495605,26.477741241455078,12.987086296081543,63.1
2007-03-26,,13.480186462402344,26.518888473510742,12.942435264587402,64.43
2007-03-27,,13.443792343139648,26.47188949584961,12.865328788757324,64.25
2007-03-28,,13.41299819946289,26.34844207763672,12.767925262451172,66.15
2007-03-29,,13.468988418579102,26.371959686279297,12.792272567749023,67.19
2007-03-30,,13.438188552856445,26.477741241455078,12.849096298217773,68.47
2007-04-02,,13.583772659301758,26.34258460998535,12.520357131958008,68.94
2007-04-03,,13.715361595153809,26.601179122924805,12.309318542480469,68.0
2007-04-04,,13.846936225891113,26.58354949951172,12.467598915100098,68.09
2007-04-05,,13.863739967346191,26.906808853149414,12.816622734069824,69.15
2007-04-10,,14.020509719848633,27.218307495117188,12.67863655090332,67.64
2007-04-11,,13.897330284118652,27.294708251953125,12.99520206451416,68.6
2007-04-12,,13.905731201171875,27.40638542175293,13.16971206665039,67.79
2007-04-13,,13.96452522277832,28.0,13.311759948730469,68.78
2007-04-16,,14.07370662689209,28.270374298095703,13.295527458190918,67.1
2007-04-17,,14.437654495239258,28.805204391479492,13.352346420288086,66.34
2007-04-18,,14.462858200073242,28.728809356689453,13.104771614074707,65.09
2007-04-19,,14.488054275512695,28.670024871826172,13.332048416137695,66.17
2007-04-20,,14.583233833312988,28.423175811767578,13.42945384979248,66.34
2007-04-23,,14.460057258605957,28.587743759155273,13.478158950805664,66.8
2007-04-24,,14.47685432434082,28.487817764282227,13.555270195007324,67.94
2007-04-25,,14.485251426696777,28.581859588623047,13.58367919921875,67.44
2007-04-26,,14.580445289611816,28.934511184692383,13.62020492553711,67.51
2007-04-27,,14.574840545654297,28.769948959350586,13.62020492553711,67.28
2007-04-30,,14.611242294311523,28.376155853271484,13.58367919921875,67.23
2007-05-01,,14.734419822692871,28.881614685058594,13.59179401397705,67.4
2007-05-02,,14.756816864013672,29.398836135864258,13.506562232971191,65.57
2007-05-03,,14.8128080368042,29.33418083190918,13.323935508728027,64.85
2007-05-04,,14.896793365478516,29.34006690979004,13.474092483520508,65.14
2007-05-07,,15.008779525756836,29.09321403503418,13.39293098449707,62.7
2007-05-08,,14.857600212097168,28.98741912841797,13.254944801330566,63.55
2007-05-09,,14.868795394897461,29.29302978515625,13.303642272949219,63.5
2007-05-10,,14.692420959472656,29.38707733154297,13.190008163452148,64.63
2007-05-11,,14.751216888427734,29.769107818603516,13.194064140319824,65.18
2007-05-14,,14.726018905639648,29.75735855102539,13.190008163452148,65.86
2007-05-15,,14.686822891235352,30.133512496948242,13.230588912963867,66.74
2007-05-16,,14.76521110534668,30.544919967651367,13.299581527709961,66.83
2007-05-17,,14.614029884338379,30.71537971496582,13.352346420288086,69.08
2007-05-18,,14.734419822692871,30.756500244140625,13.437567710876465,69.26
2007-05-21,,14.532842636108398,30.721233367919922,13.470035552978516,69.51
2007-05-22,,14.41246509552002,30.85643196105957,13.530914306640625,70.05
2007-05-23,,14.370467185974121,30.309831619262695,13.522798538208008,71.01
2007-05-24,,14.345267295837402,29.95130157470703,13.571499824523926,71.96
2007-05-25,,14.527240753173828,29.916048049926758,13.599906921386719,70.72
2007-05-29,,14.60843563079834,29.745594024658203,13.599906921386719,69.31
2007-05-30,,14.851999282836914,29.522245407104492,13.672965049743652,67.64
2007-05-31,,14.835204124450684,29.71034812927246,13.733839988708496,68.18
2007-06-01,,14.782008171081543,29.945438385009766,13.969230651855469,68.65
2007-06-04,,14.745611190795898,30.033594131469727,14.005756378173828,70.9
2007-06-05,,14.647626876831055,29.886653900146484,13.981407165527344,71.36
2007-06-06,,14.558045387268066,29.76323127746582,13.940814971923828,71.5
2007-06-07,,14.384465217590332,29.510494232177734,14.050398826599121,72.36
2007-06-08,,14.465652465820312,30.21579360961914,14.005756378173828,70.04
2007-06-11,,14.454453468322754,30.121746063232422,14.009815216064453,68.85
2007-06-12,,14.31727409362793,30.256933212280273,14.005756378173828,68.56
2007-06-13,,14.47510051727295,30.674213409423828,14.306077003479004,69.24
2007-06-14,,14.46100902557373,30.709497451782227,14.375075340270996,71.18
2007-06-15,,14.537105560302734,30.662479400634766,14.330432891845703,71.63
2007-06-18,,14.587835311889648,30.797645568847656,14.249267578125,72.33
2007-06-19,,14.48355484008789,30.844661712646484,14.062573432922363,72.17
2007-06-20,,14.511741638183594,30.168777465820312,13.985465049743652,70.55
2007-06-21,,14.68083667755127,30.015954971313477,14.910792350769043,71.81
2007-06-22,,14.548380851745605,29.63390350341797,14.711930274963379,72.04
2007-06-25,,14.59065055847168,30.151124954223633,14.452186584472656,71.36
2007-06-26,,14.641386032104492,30.415611267089844,14.280525207519531,71.41
2007-06-27,,14.779480934143066,30.174657821655273,14.607499122619629,71.84
2007-06-28,,14.83303451538086,29.886653900146484,14.456274032592773,71.96
2007-06-29,,14.742849349975586,29.833763122558594,14.407228469848633,72.22
2007-07-02,,14.813300132751465,30.198144912719727,14.5216646194458,72.9
2007-07-03,,14.909128189086914,30.209909439086914,14.166088104248047,74.26
2007-07-05,,14.84429931640625,30.09823989868164,14.084343910217285,75.4
2007-07-06,,14.824579238891602,30.22752571105957,13.994424819946289,76.58
2007-07-09,,14.852760314941406,30.057100296020508,14.309133529663086,77.1
2007-07-10,,14.683659553527832,29.5869140625,14.05981731414795,77.88
2007-07-11,,14.68083667755127,29.810245513916016,14.010781288146973,77.44
2007-07-12,,14.83303451538086,30.356849670410156,14.223310470581055,78.24
2007-07-13,,14.968315124511719,30.509658813476562,14.668803215026855,78.12
2007-07-16,,15.176875114440918,30.621328353881836,14.517584800720215,78.17
2007-07-17,,14.985230445861816,30.65659523010254,14.660629272460938,77.59
2007-07-18,,15.058505058288574,30.68010902404785,14.59115219116211,78.0
2007-07-19,,15.134603500366211,30.956323623657227,14.848638534545898,78.37
2007-07-20,,14.996501922607422,30.615459442138672,14.5216646194458,79.09
2007-07-23,,15.117691993713379,30.85643196105957,14.554361343383789,78.36
2007-07-24,,14.999317169189453,30.29808235168457,14.239654541015625,75.88
2007-07-25,,15.233240127563477,29.95130157470703,14.239654541015625,75.21
2007-07-26,,14.93167495727539,29.09321403503418,13.667450904846191,77.28
2007-07-27,,14.73438835144043,28.65827178955078,13.442660331726074,76.58
2007-07-30,,14.765396118164062,28.440814971923828,13.479439735412598,76.07
2007-07-31,,14.68647575378418,28.135183334350586,13.3854398727417,77.01
2007-08-01,,15.013406753540039,28.370277404785156,13.254650115966797,77.11
2007-08-02,,15.123321533203125,28.79344940185547,13.303695678710938,76.14
2007-08-03,,15.016231536865234,28.517223358154297,13.06255054473877,75.36
2007-08-06,,15.283970832824707,29.069692611694336,13.365006446838379,72.69
2007-08-07,,15.348790168762207,29.2283935546875,13.311868667602539,70.42
2007-08-08,,15.743367195129395,29.557518005371094,13.39770221710205,70.73
2007-08-09,,15.740541458129883,29.345922470092773,12.854109764099121,70.08
2007-08-10,,15.495349884033203,29.04030418395996,13.136117935180664,69.57
2007-08-13,,15.365705490112305,28.628883361816406,13.16064453125,71.3
2007-08-14,,15.258606910705566,28.211599349975586,13.275084495544434,69.29
2007-08-15,,15.171236991882324,27.952978134155273,12.976722717285156,71.3
2007-08-16,,15.100775718688965,28.252729415893555,12.731493949890137,68.77
2007-08-17,,15.345975875854492,27.958866119384766,12.79688835144043,69.8
2007-08-20,,15.365705490112305,28.382034301757812,12.956291198730469,68.37
2007-08-21,,15.227609634399414,28.487817764282227,12.931767463684082,67.88
2007-08-22,,15.205060005187988,29.01092529296875,13.103423118591309,67.73
2007-08-23,,15.21351432800293,29.298904418945312,13.119772911071777,68.73
2007-08-24,,15.219148635864258,29.457605361938477,13.279172897338867,69.49
2007-08-27,,15.221968650817871,29.075571060180664,13.246477127075195,68.85
2007-08-28,,15.010584831237793,28.587743759155273,12.98898983001709,69.66
2007-08-29,,15.08105182647705,28.911006927490234,13.04620361328125,70.48
2007-08-30,,15.050045013427734,28.699426651000977,13.017592430114746,71.46
2007-08-31,,15.157142639160156,28.94627571105957,13.103423118591309,72.29
2007-09-04,,15.323431968688965,29.18722915649414,13.140212059020996,74.22
2007-09-05,,15.131773948669434,28.940380096435547,13.324124336242676,74.72
2007-09-06,,15.405158042907715,29.246017456054688,13.76098918914795,76.21
2007-09-07,,15.38543701171875,28.940380096435547,13.554924011230469,75.08
2007-09-10,,15.37979507446289,29.475231170654297,13.711536407470703,74.97
2007-09-11,,15.687002182006836,30.421493530273438,13.925844192504883,76.23
2007-09-12,,15.834456443786621,30.092369079589844,13.971174240112305,77.15
2007-09-13,,15.842955589294434,31.91436195373535,14.024751663208008,77.84
2007-09-14,,15.993250846862793,32.590267181396484,14.05359935760498,78.27
2007-09-17,,15.675654411315918,32.114200592041016,13.967048645019531,77.99
2007-09-18,,15.996086120605469,32.33753204345703,14.173112869262695,77.0
2007-09-19,,16.05563735961914,32.5667610168457,14.16899299621582,78.47
2007-09-20,,15.967731475830078,32.24936294555664,14.259662628173828,78.48
2007-09-21,,16.03579330444336,32.2082405090332,14.36269760131836,78.91
2007-09-24,,16.078325271606445,32.30227279663086,14.304997444152832,77.87
2007-09-25,,16.169063568115234,31.826208114624023,14.185479164123535,76.82
2007-09-26,,16.26263427734375,32.2082405090332,14.107177734375,76.21
2007-09-27,,16.256977081298828,32.06718444824219,14.181358337402344,78.88
2007-09-28,,16.29667091369629,32.01426696777344,14.222569465637207,80.97
2007-10-01,,16.41860008239746,32.919395446777344,14.300871849060059,78.33
2007-10-02,,16.424280166625977,32.88413619995117,14.28851318359375,76.87
2007-10-03,,16.325027465820312,32.97816848754883,14.131904602050781,77.8
2007-10-04,,16.410097122192383,32.93702697753906,14.144266128540039,77.84
2007-10-05,,16.466812133789062,33.13098907470703,14.13602352142334,79.05
2007-10-08,,16.39023780822754,33.424861907958984,14.041231155395508,76.94
2007-10-09,,16.412940979003906,33.7245979309082,14.057719230651855,77.82
2007-10-10,,16.410097122192383,33.51890563964844,14.028873443603516,77.85
2007-10-11,,16.217269897460938,33.060455322265625,13.818687438964844,80.83
2007-10-12,,16.39023780822754,33.513023376464844,13.950566291809082,80.82
2007-10-15,,16.34487533569336,33.02519226074219,13.847533226013184,82.5
2007-10-16,,16.37889862060547,33.389591217041016,13.851661682128906,84.43
2007-10-17,,16.75605010986328,33.477745056152344,13.901114463806152,85.24
2007-10-18,,16.832609176635742,33.377838134765625,13.769225120544434,85.03
2007-10-19,,16.662473678588867,33.16035461425781,13.435405731201172,84.25
2007-10-22,,16.801420211791992,32.92528533935547,13.468379974365234,82.72
2007-10-23,,16.943204879760742,33.4836311340332,13.575528144836426,82.31
2007-10-24,,17.065141677856445,33.58942413330078,13.546682357788086,83.47
2007-10-25,,17.382736206054688,34.13014221191406,13.501347541809082,85.4
2007-10-26,,17.459299087524414,34.36524200439453,13.723896980285645,84.71
2007-10-29,,17.53586196899414,34.78254318237305,13.592013359069824,89.87
2007-10-30,,17.50466537475586,34.78254318237305,13.435405731201172,89.87
2007-10-31,,17.51317596435547,35.11753463745117,13.769225120544434,89.87
2007-11-01,,17.269311904907227,34.676761627197266,13.51783275604248,90.36
2007-11-02,,17.15871238708496,34.68849563598633,13.526074409484863,92.11
2007-11-05,,17.110506057739258,35.07052230834961,13.662079811096191,92.16
2007-11-06,,17.30049705505371,35.11167907714844,13.76098918914795,93.99
2007-11-07,,17.002761840820312,34.31234359741211,13.736258506774902,94.85
2007-11-08,,17.43094253540039,34.89422607421875,13.645594596862793,94.4
2007-11-09,,17.249462127685547,34.27121353149414,13.472495079040527,92.32
2007-11-12,,16.974407196044922,34.4063720703125,13.480742454528809,91.56
2007-11-13,,17.30901527404785,34.44258117675781,13.736258506774902,89.09
2007-11-14,,17.399749755859375,34.201297760009766,13.592013359069824,90.73
2007-11-15,,17.567049026489258,34.49082565307617,13.340619087219238,90.32
2007-11-16,,17.757041931152344,35.06386947631836,13.398313522338867,91.99
2007-11-19,,17.666305541992188,35.34736251831055,13.311765670776367,91.59
2007-11-20,,17.805255889892578,35.274993896484375,13.620864868164062,94.13
2007-11-21,,17.652128219604492,34.581321716308594,13.521956443786621,94.97
2007-11-23,,17.666305541992188,34.816566467285156,13.781590461730957,95.33
2007-11-26,,17.50466537475586,34.273685455322266,13.608497619628906,94.88
2007-11-27,,17.859128952026367,34.659732818603516,13.6826810836792,93.23
2007-11-28,,17.958913803100586,34.967376708984375,13.929962158203125,91.64
2007-11-29,,17.901899337768555,35.19657516479492,14.148393630981445,92.34
2007-11-30,,17.70517349243164,35.26895523071289,14.239063262939453,88.71
2007-12-03,,17.73368263244629,36.08930969238281,14.185479164123535,87.85
2007-12-04,,17.890487670898438,36.20993423461914,14.177234649658203,89.97
2007-12-05,,17.976024627685547,35.89628601074219,14.354453086853027,90.7
2007-12-06,,17.981727600097656,36.360748291015625,14.50694751739502,88.46
2007-12-07,,18.004533767700195,36.28834915161133,14.292637825012207,88.46
2007-12-10,,18.03874969482422,37.33793640136719,14.350334167480469,87.33
2007-12-11,,17.953218460083008,38.079864501953125,14.123662948608398,87.77
2007-12-12,,18.18129539489746,37.19316482543945,14.078330993652344,91.69
2007-12-13,,18.27254295349121,37.10268020629883,14.078330993652344,92.57
2007-12-14,,18.192697525024414,36.891571044921875,13.728021621704102,91.86
2007-12-17,,17.810659408569336,36.04707717895508,13.423044204711914,90.32
2007-12-18,,17.73938751220703,36.08930969238281,13.620864868164062,90.71
2007-12-19,,17.919004440307617,35.49816131591797,13.612621307373047,90.98
2007-12-20,,17.756484985351562,35.46198654174805,13.563165664672852,91.06
2007-12-21,,17.981727600097656,36.20993423461914,13.820798873901367,91.03
2007-12-24,,18.02164649963379,36.37885284423828,13.8706636428833,91.59
2007-12-27,,17.762197494506836,35.70326232910156,13.683670043945312,95.66
2007-12-28,,17.753643035888672,35.890262603759766,13.691980361938477,95.92
2007-12-31,,17.497041702270508,35.53436279296875,13.559016227722168,93.68
2008-01-02,,17.417211532592773,35.04578399658203,13.317998886108398,97.01
2008-01-03,,17.599679946899414,34.943233489990234,13.214112281799316,98.45
2008-01-04,,17.633901596069336,34.41241455078125,13.068675994873047,96.87
2008-01-07,,18.050161361694336,35.0035514831543,13.272290229797363,94.19
2008-01-08,,18.124279022216797,34.4305305480957,13.131006240844727,96.37
2008-01-09,,18.608963012695312,34.665767669677734,13.209954261779785,96.76
2008-01-10,,18.691648483276367,35.08799362182617,13.588095664978027,92.8
2008-01-11,,18.18129539489746,32.76568603515625,13.268135070800781,91.86
2008-01-14,,18.332412719726562,33.15174102783203,13.214112281799316,92.58
2008-01-15,,18.135683059692383,32.42790603637695,12.90661334991455,90.87
2008-01-16,,17.86198616027832,31.61357879638672,12.956480026245117,88.1
2008-01-17,,17.688068389892578,31.354204177856445,12.736248970031738,88.96
2008-01-18,,17.317420959472656,31.6075496673584,12.528472900390625,89.66
2008-01-22,,16.761470794677734,31.63771629333496,12.416280746459961,88.11
2008-01-23,,16.784271240234375,31.975505828857422,12.694690704345703,87.06
2008-01-24,,17.072235107421875,32.57266616821289,12.466143608093262,87.69
2008-01-25,,16.653121948242188,32.63298797607422,12.374726295471191,90.96
2008-01-28,,16.93824005126953,30.805295944213867,12.648981094360352,90.91
2008-01-29,,16.69304847717285,30.61227035522461,12.545095443725586,92.49
2008-01-30,,16.470659255981445,30.769100189208984,12.237595558166504,92.46
2008-01-31,,16.82133674621582,32.31932067871094,12.162803649902344,91.58
2008-02-01,,16.895462036132812,32.70536804199219,12.22513198852539,91.41
2008-02-04,,16.715850830078125,32.50027847290039,12.245909690856934,91.09
2008-02-05,,16.36516761779785,32.47616195678711,12.02983283996582,89.6
2008-02-06,,16.45355224609375,32.40980911254883,12.158644676208496,88.73
2008-02-07,,16.664533615112305,32.850128173828125,12.22513198852539,88.55
2008-02-08,,16.892610549926758,33.561912536621094,11.971651077270508,91.45
2008-02-11,,16.963895797729492,33.76700210571289,12.183575630187988,93.93
2008-02-12,,17.083633422851562,34.00224304199219,12.150336265563965,94.28
2008-02-13,,16.932531356811523,34.16511154174805,12.283307075500488,93.82
2008-02-14,,16.69304847717285,33.52572250366211,12.179423332214355,95.92
2008-02-15,,16.752918243408203,33.35682678222656,13.018810272216797,96.96
2008-02-19,,16.564741134643555,33.58000183105469,12.956480026245117,97.03
2008-02-20,,16.601802825927734,33.89970016479492,12.99803352355957,97.88
2008-02-21,,16.533376693725586,33.31460952758789,12.815197944641113,97.52
2008-02-22,,16.61035919189453,33.59207534790039,13.03543472290039,96.07
2008-02-25,,16.75576400756836,33.80923080444336,13.101920127868652,97.43
2008-02-26,,16.969594955444336,34.050506591796875,13.247359275817871,99.05
2008-02-27,,17.12070083618164,33.37492370605469,13.313840866088867,98.28
2008-02-28,,16.952484130859375,33.17146301269531,13.143474578857422,99.83
2008-02-29,,16.667387008666992,32.86172866821289,12.952325820922852,100.9
2008-03-03,,16.82703971862793,32.2847900390625,12.964787483215332,101.83
2008-03-04,,16.926830291748047,32.57023239135742,12.885836601257324,98.6
2008-03-05,,17.015209197998047,32.75849914550781,12.885836601257324,100.95
2008-03-06,,16.849853515625,32.211910247802734,12.790265083312988,103.47
2008-03-07,,16.778568267822266,31.744281768798828,12.719625473022461,104.66
2008-03-10,,16.72439956665039,32.67347717285156,12.761178016662598,105.33
2008-03-11,,16.95534324645996,32.94675827026367,13.02712345123291,106.78
2008-03-12,,16.984033584594727,32.61275100708008,12.972634315490723,107.99
2008-03-13,,16.9094295501709,33.3354377746582,12.691800117492676,109.18
2008-03-14,,16.507713317871094,33.26864242553711,12.519953727722168,109.16
2008-03-17,,16.553625106811523,32.964988708496094,12.519953727722168,104.41
2008-03-18,,17.047168731689453,33.311153411865234,12.809165000915527,105.35
2008-03-19,,17.204980850219727,32.58845901489258,12.64570140838623,102.65
2008-03-20,,17.514877319335938,33.05000686645508,13.056459426879883,99.78
2008-03-24,,17.5550479888916,33.86988067626953,12.91814136505127,100.93
2008-03-25,,17.621044158935547,34.13102722167969,12.851078987121582,99.91
2008-03-26,,17.546438217163086,33.76663589477539,12.91814136505127,102.83
2008-03-27,,17.59235382080078,33.6755485534668,12.9684419631958,103.89
2008-03-28,,17.486177444458008,33.693756103515625,12.91814136505127,102.68
2008-03-31,,17.466094970703125,33.86988067626953,12.997777938842773,102.33
2008-04-01,,17.629650115966797,34.562225341796875,13.29118537902832,98.69
2008-04-02,,17.348451614379883,34.410400390625,13.2366943359375,98.85
2008-04-03,,17.37714385986328,34.15531921386719,13.077415466308594,102.31
2008-04-04,,17.288188934326172,33.83951950073242,13.219926834106445,102.21
2008-04-07,,17.3226318359375,33.797000885009766,13.240885734558105,105.98
2008-04-08,,17.362796783447266,33.93061065673828,13.270227432250977,105.05
2008-04-09,,17.440271377563477,33.85166931152344,13.203165054321289,107.46
2008-04-10,,17.598087310791016,33.91846466064453,12.985210418701172,107.37
2008-04-11,,17.299673080444336,33.645164489746094,12.880424499511719,107.15
2008-04-14,,17.503393173217773,33.73019790649414,12.905569076538086,108.32
2008-04-15,,17.486177444458008,33.98528289794922,12.951676368713379,110.84
2008-04-16,,17.546438217163086,34.7261962890625,13.077415466308594,110.95
2008-04-17,,17.411575317382812,34.817291259765625,13.110950469970703,111.34
2008-04-18,,17.248027801513672,35.4063835144043,13.182208061218262,110.67
2008-04-21,,17.316884994506836,35.63109588623047,13.140291213989258,111.35
2008-04-22,,17.184886932373047,35.43674087524414,12.960057258605957,113.54
2008-04-23,,17.30828094482422,35.64323043823242,13.127717018127441,115.34
2008-04-24,,17.288188934326172,36.18376159667969,13.098381996154785,114.85
2008-04-25,,17.02420425415039,36.23839569091797,12.825934410095215,116.62
2008-04-28,,16.92377281188965,36.1898193359375,12.729530334472656,115.7
2008-04-29,,16.84916877746582,36.56027603149414,12.897184371948242,113.86
2008-04-30,,16.892210006713867,36.18376159667969,13.25765609741211,111.12
2008-05-01,,16.955345153808594,36.9975471496582,13.391776084899902,107.3
2008-05-02,,16.863515853881836,37.015769958496094,13.429502487182617,111.92
2008-05-05,,16.75160789489746,36.96717834472656,13.404352188110352,115.68
2008-05-06,,16.72005271911621,36.73639678955078,13.395971298217773,119.88
2008-05-07,,16.364242553710938,36.06227111816406,13.215740203857422,120.27
2008-05-08,,16.15190315246582,36.29913330078125,13.324714660644531,119.85
2008-05-09,,16.11173439025879,35.977272033691406,13.136101722717285,123.54
2008-05-12,,16.18346405029297,36.96717834472656,13.14448356628418,122.89
2008-05-13,,16.212162017822266,37.14936447143555,13.052273750305176,123.11
2008-05-14,,16.223644256591797,36.706024169921875,13.29118537902832,121.18
2008-05-15,,16.35850715637207,36.96110534667969,13.383401870727539,122.76
2008-05-16,,16.375717163085938,36.760684967041016,13.626501083374023,122.98
2008-05-19,,16.504844665527344,36.71211624145508,13.752251625061035,122.19
2008-05-20,,16.381458282470703,36.244476318359375,13.647456169128418,124.12
2008-05-21,,16.255205154418945,35.69789123535156,13.559438705444336,127.28
2008-05-22,,16.72005271911621,35.54606628417969,13.588777542114258,129.04
2008-05-23,,16.823345184326172,35.060211181640625,13.40854549407959,129.72
2008-05-27,,16.811872482299805,35.29099655151367,13.53010082244873,128.92
2008-05-28,,16.48188591003418,35.64323043823242,13.601358413696289,128.93
2008-05-29,,16.605270385742188,36.123016357421875,13.756441116333008,129.33
2008-05-30,,16.430238723754883,36.025840759277344,13.613929748535156,127.85
2008-06-02,,16.355634689331055,35.5582160949707,13.467228889465332,128.5
2008-06-03,,16.18346405029297,34.95697021484375,13.433697700500488,126.28
2008-06-04,,16.269550323486328,35.2120475769043,13.366633415222168,121.72
2008-06-05,,16.410154342651367,35.48405838012695,13.437886238098145,122.36
2008-06-06,,16.011308670043945,34.811668395996094,13.085803985595703,132.81
2008-06-09,,16.028526306152344,36.25425720214844,13.152865409851074,134.43
2008-06-10,,16.645448684692383,36.53542709350586,13.09418773651123,135.24
2008-06-11,,16.503917694091797,35.91194534301758,12.901376724243164,134.52
2008-06-12,,16.503917694091797,36.27260971069336,12.90976333618164,132.11
2008-06-13,,16.007123947143555,36.64547348022461,12.993586540222168,134.29
2008-06-16,,15.64897632598877,36.63935470581055,12.687614440917969,133.9
2008-06-17,,15.585431098937988,36.19313049316406,12.708574295043945,131.27
2008-06-18,,15.354365348815918,35.58185958862305,12.574441909790039,129.12
2008-06-19,,15.41213607788086,35.814151763916016,12.42354965209961,131.84
2008-06-20,,15.498777389526367,35.08673858642578,12.243314743041992,134.28
2008-06-23,,15.38323974609375,34.848331451416016,12.276848793029785,134.54
2008-06-24,,15.415019035339355,34.85443878173828,12.251696586608887,135.37
2008-06-25,,15.625870704650879,35.48405838012695,12.374382019042969,131.59
2008-06-26,,15.371692657470703,34.50602340698242,12.196699142456055,136.82
2008-06-27,,14.973098754882812,34.53660583496094,12.010562896728516,139.38
2008-06-30,,15.013541221618652,34.36543655395508,12.03593921661377,138.4
2008-07-01,,14.73048210144043,35.01949691772461,12.014787673950195,140.67
2008-07-02,,14.837348937988281,35.105072021484375,12.150163650512695,141.24
2008-07-03,,14.869123458862305,34.958370208740234,12.18823528289795,143.95
2008-07-07,,14.814244270324707,35.062286376953125,12.141708374023438,139.62
2008-07-08,,14.866231918334961,35.7713508605957,12.26439380645752,134.15
2008-07-09,,14.698713302612305,36.21759796142578,12.268623352050781,133.91
2008-07-10,,14.453201293945312,35.72245407104492,12.247471809387207,135.81
2008-07-11,,14.519635200500488,35.037841796875,12.239007949829102,143.68
2008-07-14,,14.718921661376953,35.508506774902344,12.382843017578125,142.43
2008-07-15,,14.958663940429688,35.79580307006836,12.44630241394043,136.02
2008-07-16,,15.117523193359375,36.77384567260742,12.64513874053955,133.31
2008-07-17,,14.539849281311035,36.902198791503906,12.653602600097656,134.16
2008-07-18,,14.450318336486816,36.94498062133789,12.526686668395996,129.34
2008-07-21,,14.326109886169434,36.5232048034668,12.239007949829102,129.34
2008-07-22,,14.83156967163086,36.7493782043457,12.37015438079834,127.18
2008-07-23,,15.163732528686523,36.468204498291016,12.60706615447998,126.86
2008-07-24,,14.978880882263184,35.679664611816406,12.42938232421875,125.43
2008-07-25,,15.036648750305176,35.85081481933594,12.42938232421875,124.7
2008-07-28,,14.773804664611816,35.32513427734375,13.042813301086426,125.67
2008-07-29,,14.895120620727539,36.49265670776367,13.309340476989746,125.77
2008-07-30,,14.820025444030762,36.951107025146484,13.542019844055176,122.46
2008-07-31,,14.874898910522461,36.547664642333984,13.461637496948242,124.1
2008-08-01,,15.34858226776123,36.53542709350586,13.554710388183594,124.16
2008-08-04,,15.56810188293457,37.01224136352539,13.580095291137695,121.87
2008-08-05,,15.859821319580078,38.10028076171875,13.681632995605469,116.5
2008-08-06,,15.989786148071289,37.984134674072266,13.656240463256836,114.47
2008-08-07,,15.599870681762695,37.81296157836914,13.51663589477539,116.94
2008-08-08,,16.004230499267578,40.14189910888672,13.87623119354248,113.03
2008-08-11,,15.986900329589844,40.31306457519531,13.880459785461426,110.54
2008-08-12,,15.82515811920166,39.08443069458008,13.821235656738281,108.98
2008-08-13,,15.946471214294434,38.37535095214844,13.901615142822266,110.68
2008-08-14,,15.891589164733887,38.8765869140625,13.829697608947754,111.82
2008-08-15,,15.903153419494629,38.89493179321289,13.94391918182373,108.8
2008-08-18,,15.69228744506836,38.687095642089844,13.821235656738281,109.33
2008-08-19,,15.69228744506836,38.179744720458984,13.817008018493652,109.02
2008-08-20,,15.698076248168945,38.161399841308594,13.87623119354248,108.72
2008-08-21,,15.455452919006348,38.08806228637695,13.821235656738281,117.24
2008-08-22,,15.703853607177734,38.76656723022461,13.783156394958496,113.99
2008-08-25,,15.472776412963867,37.94746398925781,13.630860328674316,109.74
2008-08-26,,15.458335876464844,37.97802734375,13.567401885986328,112.2
2008-08-27,,15.536323547363281,37.94746398925781,13.571634292602539,113.05
2008-08-28,,15.342803001403809,38.67622375488281,13.571634292602539,113.54
2008-08-29,,15.039528846740723,38.12888717651367,13.330491065979004,113.49
2008-09-02,,15.007765769958496,38.688533782958984,13.410873413085938,104.94
2008-09-03,,14.921114921569824,37.956695556640625,13.377033233642578,103.88
2008-09-04,,14.935548782348633,36.91120910644531,13.423555374145508,103.41
2008-09-05,,14.999102592468262,37.083404541015625,13.825468063354492,102.51
2008-09-08,,15.417906761169434,38.38716125488281,14.036995887756348,101.08
2008-09-09,,15.5623197555542,38.860721588134766,13.94391918182373,98.94
2008-09-10,,15.542101860046387,38.86686325073242,13.872002601623535,96.0
2008-09-11,,15.75153636932373,39.70323181152344,14.1554536819458,96.01
2008-09-12,,15.853343963623047,39.39574432373047,14.104682922363281,94.37
2008-09-15,,15.926082611083984,39.1866455078125,14.020069122314453,90.45
2008-09-16,,15.95516586303711,39.53718185424805,14.189297676086426,85.85
2008-09-17,,15.318120002746582,38.448673248291016,13.812774658203125,86.09
2008-09-18,,15.53046703338623,39.334251403808594,14.273905754089355,90.89
2008-09-19,,15.335576057434082,39.346553802490234,14.794265747070312,93.46
2008-09-22,,14.94579029083252,38.479427337646484,14.115979194641113,100.43
2008-09-23,,14.74216365814209,37.99359130859375,13.902684211730957,100.72
2008-09-24,,14.59963321685791,37.77832794189453,13.906951904296875,102.09
2008-09-25,,14.969056129455566,38.294921875,14.081850051879883,100.45
2008-09-26,,15.265761375427246,38.86686325073242,14.047725677490234,100.88
2008-09-29,,14.843973159790039,36.99733352661133,13.591267585754395,95.96
2008-09-30,,15.382118225097656,37.94438934326172,13.970934867858887,93.52
2008-10-01,,15.754446983337402,39.149757385253906,14.269556045532227,92.19
2008-10-02,,15.591558456420898,38.05509567260742,14.307950019836426,88.88
2008-10-03,,15.291936874389648,37.04037857055664,14.11171817779541,88.95
2008-10-06,,14.81197738647461,35.1462287902832,13.535809516906738,84.71
2008-10-07,,14.340740203857422,33.80555725097656,13.113483428955078,83.17
2008-10-08,,13.790960311889648,32.846187591552734,12.785008430480957,80.77
2008-10-09,,12.595412254333496,32.02825164794922,11.816640853881836,81.65
2008-10-10,,12.071815490722656,32.809268951416016,11.624674797058105,74.58
2008-10-13,,13.747328758239746,35.207725524902344,12.085395812988281,74.37
2008-10-14,,12.720492362976074,34.4512939453125,11.906227111816406,74.98
2008-10-15,,12.860124588012695,31.70232391357422,11.249271392822266,66.86
2008-10-16,,13.31682014465332,33.49191665649414,11.731324195861816,64.14
2008-10-17,,12.857213020324707,33.08604049682617,12.20910930633545,66.05
2008-10-20,,13.514618873596191,34.95558166503906,12.622902870178223,67.45
2008-10-21,,13.389541625976562,33.90396499633789,12.469326972961426,65.99
2008-10-22,,13.200458526611328,33.319725036621094,12.021410942077637,62.95
2008-10-23,,12.525609970092773,34.18070602416992,12.119518280029297,65.06
2008-10-24,,12.103818893432617,32.63093948364258,11.560687065124512,60.57
2008-10-27,,11.929282188415527,31.83147621154785,11.483895301818848,59.34
2008-10-28,,13.16264533996582,34.820281982421875,12.32002067565918,58.87
2008-10-29,,12.755399703979492,35.1646728515625,12.145121574401855,64.0
2008-10-30,,12.991021156311035,35.5890007019043,12.349883079528809,60.86
2008-10-31,,12.81649112701416,35.62590789794922,12.447999954223633,60.0
2008-11-03,,13.220821380615234,35.072418212890625,12.503457069396973,60.32
2008-11-04,,13.389541625976562,35.53367233276367,13.015373229980469,62.78
2008-11-05,,13.011382102966309,34.43899154663086,12.469326972961426,61.09
2008-11-06,,12.941569328308105,33.313560485839844,11.95315170288086,56.14
2008-11-07,,13.453531265258789,34.11304473876953,12.153650283813477,56.84
2008-11-10,,13.35172176361084,34.73418045043945,12.02994155883789,57.08
2008-11-11,,12.927026748657227,34.617340087890625,11.961684226989746,54.76
2008-11-12,,12.74958324432373,33.22133255004883,11.539355278015137,52.47
2008-11-13,,13.462261199951172,34.59274673461914,11.991547584533691,51.32
2008-11-14,,13.095741271972656,34.518943786621094,11.705726623535156,50.7
2008-11-17,,12.790311813354492,34.19914245605469,11.445505142211914,50.82
2008-11-18,,12.650683403015137,34.75263595581055,11.569214820861816,49.1
2008-11-19,,12.295798301696777,34.0946044921875,11.08716106414795,48.35
2008-11-20,,11.946733474731445,32.538692474365234,10.609380722045898,45.79
2008-11-21,,12.79903793334961,33.916255950927734,11.330326080322266,44.91
2008-11-24,,13.156826972961426,34.13764953613281,11.500961303710938,49.51
2008-11-25,,13.110283851623535,34.93712615966797,11.462570190429688,47.51
2008-11-26,,13.312702178955078,35.92363739013672,11.505227088928223,49.39
2008-11-28,,13.74981689453125,36.45100402832031,11.607610702514648,47.72
2008-12-01,,13.004679679870605,34.85025405883789,10.903731346130371,47.58
2008-12-02,,12.88733196258545,35.396244049072266,11.155420303344727,45.64
2008-12-03,,13.535658836364746,36.947364807128906,11.360185623168945,44.39
2008-12-04,,13.127888679504395,37.74773406982422,11.13835620880127,43.83
2008-12-05,,13.488719940185547,38.91417694091797,11.795312881469727,37.04
2008-12-08,,13.488719940185547,37.79737854003906,11.808109283447266,40.02
2008-12-09,,13.15135669708252,37.028018951416016,11.496697425842285,39.77
2008-12-10,,13.29216480255127,38.256500244140625,11.462570190429688,39.34
2008-12-11,,12.972405433654785,37.76634216308594,11.436972618103027,43.54
2008-12-12,,13.075081825256348,37.592620849609375,11.500961303710938,42.38
2008-12-15,,13.192422866821289,37.654659271240234,11.407113075256348,45.02
2008-12-16,,13.629530906677246,39.03825759887695,11.650269508361816,42.0
2008-12-17,,13.342039108276367,38.85832214355469,11.526557922363281,41.84
2008-12-18,,13.254034042358398,38.02693557739258,11.402846336364746,40.19
2008-12-19,,13.03400993347168,37.425113677978516,11.377250671386719,39.52
2008-12-22,,13.101484298706055,38.09518051147461,11.458301544189453,38.08
2008-12-23,,12.899068832397461,37.629852294921875,11.328927993774414,35.27
2008-12-24,,12.937203407287598,38.02071762084961,11.415180206298828,34.45
2008-12-26,,13.078017234802246,37.88423156738281,11.488489151000977,33.73
2008-12-29,,13.028138160705566,37.46232604980469,11.436741828918457,34.16
2008-12-30,,13.180688858032227,38.30612564086914,11.471240043640137,35.22
2008-12-31,,13.280439376831055,38.5853157043457,11.579057693481445,35.82
2009-01-02,,13.465251922607422,39.55321502685547,11.790363311767578,42.94
2009-01-05,,13.330306053161621,39.43532180786133,11.911116600036621,45.84
2009-01-06,,13.116151809692383,38.554317474365234,11.980112075805664,48.89
2009-01-07,,13.180688858032227,37.995914459228516,11.971492767333984,46.23
2009-01-08,,13.27163028717041,37.549190521240234,12.070680618286133,42.94
2009-01-09,,13.083874702453613,37.26997756958008,11.980112075805664,42.34
2009-01-12,,12.828657150268555,37.325843811035156,12.303552627563477,40.86
2009-01-13,,12.91373062133789,36.80466842651367,12.428616523742676,43.05
2009-01-14,,12.50302791595459,35.56998062133789,12.070680618286133,42.27
2009-01-15,,12.72011661529541,35.973270416259766,12.10517692565918,42.32
2009-01-16,,12.86092758178711,37.02181625366211,12.350993156433105,43.42
2009-01-20,,12.579303741455078,35.408668518066406,12.169867515563965,41.22
2009-01-21,,12.699583053588867,36.419986724853516,12.217299461364746,39.9
2009-01-22,,12.649704933166504,36.43238830566406,12.46743106842041,42.42
2009-01-23,,12.379816055297852,35.998069763183594,12.363929748535156,43.13
2009-01-26,,12.623303413391113,36.23383712768555,12.44155502319336,48.0
2009-01-27,,12.711318016052246,36.308311462402344,12.5709228515625,42.86
2009-01-28,,12.866796493530273,36.73021697998047,12.752053260803223,42.86
2009-01-29,,12.775853157043457,36.072547912597656,12.62699031829834,43.13
2009-01-30,,12.532368659973145,35.998069763183594,12.096551895141602,44.17
2009-02-02,,12.39155101776123,35.92363739013672,12.178487777709961,42.96
2009-02-03,,12.708379745483398,36.53166580200195,12.394113540649414,43.15
2009-02-04,,12.438491821289062,35.89882278442383,11.259932518005371,43.68
2009-02-05,,12.523563385009766,36.20902633666992,11.21249008178711,43.92
2009-02-06,,12.775853157043457,36.271080017089844,11.359114646911621,44.49
2009-02-09,,12.41208553314209,36.618534088134766,11.160740852355957,47.23
2009-02-10,,11.930976867675781,35.53896713256836,10.772619247436523,45.88
2009-02-11,,12.106988906860352,35.41487121582031,10.828678131103516,44.24
2009-02-12,,13.022274017333984,35.340415954589844,10.983927726745605,47.23
2009-02-13,,12.863858222961426,35.247344970703125,10.86749267578125,43.36
2009-02-17,,12.497160911560059,34.54624938964844,10.660490989685059,39.69
2009-02-18,,12.52063274383545,34.99917221069336,10.487993240356445,39.41
2009-02-19,,12.702513694763184,34.316680908203125,10.49230670928955,42.36
2009-02-20,,12.56756591796875,33.85755157470703,10.138679504394531,42.19
2009-02-23,,12.347546577453613,33.42323684692383,9.9014892578125,41.27
2009-02-24,,12.632113456726074,33.975433349609375,10.22923469543457,40.18
2009-02-25,,12.429689407348633,33.683834075927734,10.280991554260254,42.37
2009-02-26,,12.048317909240723,32.68815612792969,9.862682342529297,45.15
2009-02-27,,11.983778953552246,32.719478607177734,9.823868751525879,44.41
2009-03-02,,11.64348316192627,32.46897506713867,9.539243698120117,42.6
2009-03-03,,11.391190528869629,32.83219909667969,9.461613655090332,42.72
2009-03-04,,11.655216217041016,33.283050537109375,9.465933799743652,46.07
2009-03-05,,11.103696823120117,31.84904670715332,9.056243896484375,44.45
2009-03-06,,11.470398902893066,32.63805389404297,9.323617935180664,43.48
2009-03-09,,11.367724418640137,32.7633056640625,9.155427932739258,44.55
2009-03-10,,11.48799991607666,32.93864822387695,9.401240348815918,44.99
2009-03-11,,11.731100082397461,31.955495834350586,9.194246292114258,43.2
2009-03-12,,12.1076078414917,32.66938781738281,9.599617004394531,42.19
2009-03-13,,12.220267295837402,32.80087661743164,9.716056823730469,44.97
2009-03-16,,12.235089302062988,32.3687858581543,9.862682342529297,44.12
2009-03-17,,12.28845500946045,33.58988571166992,10.0524320602417,45.53
2009-03-18,,12.347748756408691,34.70454788208008,9.612552642822266,45.22
2009-03-19,,12.504874229431152,34.25995635986328,9.556497573852539,48.03
2009-03-20,,12.64124870300293,33.314369201660156,9.547863960266113,49.27
2009-03-23,,13.085944175720215,34.541748046875,10.115931510925293,51.84
2009-03-24,,13.050372123718262,33.53981399536133,10.124671936035156,51.32
2009-03-25,,13.266788482666016,34.44781494140625,10.072235107421875,51.46
2009-03-26,,13.29643440246582,35.10531997680664,10.080974578857422,51.89
2009-03-27,,13.370549201965332,34.44781494140625,10.002318382263184,50.81
2009-03-30,,13.020722389221191,33.76524353027344,9.543498992919922,49.05
2009-03-31,,13.029620170593262,34.17228698730469,9.74013614654541,46.13
2009-04-01,,13.299397468566895,34.59183120727539,9.967361450195312,45.92
2009-04-02,,13.441699981689453,35.286922454833984,10.037273406982422,50.89
2009-04-03,,13.332010269165039,35.468536376953125,10.050384521484375,50.48
2009-04-06,,13.337940216064453,35.03018569946289,9.875601768493652,50.91
2009-04-07,,13.228248596191406,34.692020416259766,9.814420700073242,50.62
2009-04-08,,13.337940216064453,34.79222106933594,9.635261535644531,52.06
2009-04-09,,13.337940216064453,35.48731231689453,9.766353607177734,52.33
2009-04-13,,13.26085376739502,35.13663101196289,9.814420700073242,50.73
2009-04-14,,13.106700897216797,34.328834533691406,9.792572975158691,52.06
2009-04-15,,13.349801063537598,33.78403854370117,9.993581771850586,51.31
2009-04-16,,13.370549201965332,34.253692626953125,9.897444725036621,51.83
2009-04-17,,13.346837043762207,35.12411880493164,9.90618896484375,52.02
2009-04-20,,13.142274856567383,34.648193359375,9.818791389465332,49.06
2009-04-21,,12.774656295776367,34.836063385009766,9.941145896911621,48.69
2009-04-22,,12.72722339630127,33.971885681152344,9.80568790435791,48.5
2009-04-23,,12.724263191223145,34.62942886352539,9.731393814086914,48.29
2009-04-24,,12.68571949005127,34.009464263916016,9.727025985717773,50.29
2009-04-27,,12.522663116455078,34.12217330932617,9.779462814331055,48.67
2009-04-28,,12.534520149230957,34.147220611572266,9.962991714477539,48.64
2009-04-29,,12.661998748779297,34.072078704833984,10.16836929321289,50.22
2009-04-30,,12.762799263000488,33.3707275390625,10.225172996520996,50.3
2009-05-01,,12.590848922729492,32.81340026855469,10.264498710632324,51.75
2009-05-04,,12.798376083374023,33.04509353637695,10.600970268249512,53.26
2009-05-05,,12.789480209350586,33.28934097290039,11.020464897155762,53.16
2009-05-06,,12.730181694030762,33.621219635009766,10.924331665039062,55.07
2009-05-07,,12.688677787780762,33.433349609375,10.941807746887207,56.63
2009-05-08,,12.724263191223145,34.39143753051758,11.155927658081055,56.02
2009-05-11,,12.673858642578125,34.065834045410156,11.011725425720215,55.99
2009-05-12,,13.163023948669434,33.79655838012695,11.103492736816406,56.52
2009-05-13,,12.934748649597168,33.4959716796875,10.876265525817871,56.84
2009-05-14,,13.311257362365723,33.54607009887695,10.968029975891113,56.25
2009-05-15,,13.329046249389648,33.477176666259766,10.836935043334961,56.33
2009-05-18,,13.658125877380371,33.94057846069336,10.950552940368652,56.51
2009-05-19,,13.827103614807129,33.733924865722656,10.950552940368652,57.12
2009-05-20,,13.933834075927734,35.224308013916016,10.858784675598145,59.1
2009-05-21,,13.838963508605957,34.87363052368164,10.893744468688965,58.02
2009-05-22,,14.022773742675781,35.74407196044922,11.12534236907959,58.7
2009-05-26,,13.996095657348633,36.84619140625,11.300127983093262,59.05
2009-05-27,,13.824143409729004,36.207454681396484,11.12534236907959,61.28
2009-05-28,,13.904189109802246,36.40157699584961,11.282651901245117,63.47
2009-05-29,,14.574198722839355,36.940128326416016,11.409378051757812,64.98
2009-06-01,,14.532689094543457,37.47866439819336,11.640968322753906,66.6
2009-06-02,,14.722434997558594,37.810546875,11.798277854919434,67.67
2009-06-03,,14.553444862365723,38.19253158569336,11.715251922607422,66.15
2009-06-04,,14.7520751953125,38.034690856933594,11.815755844116211,67.68
2009-06-05,,14.65719985961914,37.801090240478516,11.636598587036133,67.77
2009-06-08,,14.639416694641113,37.07500076293945,11.619121551513672,67.61
2009-06-09,,14.553444862365723,37.302284240722656,11.453068733215332,68.94
2009-06-10,,14.351851463317871,36.84769058227539,11.295762062072754,70.52
2009-06-11,,14.525269508361816,36.41203308105469,11.339459419250488,71.71
2009-06-12,,14.617959022521973,36.84769058227539,11.335086822509766,70.62
2009-06-15,,14.384736061096191,36.48149490356445,11.03795051574707,68.49
2009-06-16,,14.301018714904785,36.033203125,10.84130859375,70.52
2009-06-17,,14.330910682678223,36.22262191772461,10.871895790100098,68.95
2009-06-18,,14.815299987792969,36.7214241027832,11.295762062072754,69.96
2009-06-19,,14.594037055969238,36.727718353271484,11.103492736816406,70.48
2009-06-22,,14.348859786987305,36.11529541015625,11.033577919006348,66.13
2009-06-23,,14.292043685913086,35.83747863769531,11.19962215423584,66.36
2009-06-24,,14.202354431152344,35.54703903198242,11.247693061828613,68.47
2009-06-25,,14.306997299194336,36.27944564819336,11.348196983337402,68.82
2009-06-26,,14.390722274780273,35.989013671875,11.295170783996582,68.1
2009-06-29,,14.438556671142578,36.13423156738281,11.304006576538086,69.75
2009-06-30,,14.348859786987305,36.29838943481445,11.19795036315918,68.11
2009-07-01,,14.704665184020996,36.75929260253906,11.759172439575195,68.52
2009-07-02,,14.61496639251709,36.27313995361328,11.471930503845215,65.74
2009-07-06,,14.650843620300293,36.61408233642578,11.68404483795166,63.12
2009-07-07,,14.543206214904785,35.86273193359375,11.379132270812988,61.54
2009-07-08,,14.504338264465332,36.01427459716797,11.357038497924805,59.71
2009-07-09,,14.564132690429688,35.843788146972656,11.401224136352539,59.17
2009-07-10,,14.444535255432129,36.02057647705078,11.524958610534668,58.43
2009-07-13,,14.66579532623291,36.15947723388672,11.87848949432373,58.25
2009-07-14,,14.737553596496582,36.27944564819336,11.931514739990234,60.48
2009-07-15,,15.108311653137207,36.039527893066406,12.165725708007812,61.25
2009-07-16,,15.186044692993164,36.127925872802734,12.254111289978027,62.02
2009-07-17,,15.045522689819336,36.51937484741211,12.121540069580078,63.54
2009-07-20,,15.257811546325684,36.79716873168945,12.196659088134766,64.64
2009-07-21,,15.054494857788086,37.018150329589844,12.187824249267578,65.93
2009-07-22,,14.689720153808594,37.13811492919922,12.338069915771484,65.36
2009-07-23,,14.704665184020996,35.4144401550293,12.536931037902832,68.06
2009-07-24,,14.758484840393066,35.40813446044922,12.426450729370117,68.82
2009-07-27,,14.806326866149902,35.33868408203125,12.488319396972656,69.78
2009-07-28,,14.767450332641602,35.65437698364258,12.581120491027832,68.53
2009-07-29,,14.7345609664917,35.61648941040039,12.612053871154785,65.79
2009-07-30,,14.851167678833008,35.09874725341797,12.625310897827148,68.82
2009-07-31,,14.902000427246094,34.764122009277344,12.523673057556152,70.08
2009-08-03,,14.830238342285156,34.808319091796875,12.46180534362793,72.9
2009-08-04,,14.800341606140137,34.732547760009766,12.523673057556152,73.82
2009-08-05,,14.701671600341797,34.78307342529297,12.519253730773926,74.39
2009-08-06,,14.767450332641602,34.62522506713867,12.532515525817871,74.61
2009-08-07,,14.75251293182373,34.85252380371094,12.682760238647461,74.21
2009-08-10,,14.782398223876953,35.52809524536133,12.651827812194824,73.79
2009-08-11,,14.662801742553711,35.3702392578125,12.576703071594238,71.58
2009-08-12,,14.489391326904297,35.52177810668945,12.594380378723145,74.03
2009-08-13,,14.387734413146973,35.21873092651367,12.528088569641113,73.76
2009-08-14,,14.492376327514648,34.8967170715332,12.41761589050293,71.33
2009-08-17,,14.561148643493652,34.410552978515625,12.280625343322754,68.65
2009-08-18,,14.534233093261719,34.8903923034668,12.346908569335938,68.66
2009-08-19,,14.758484840393066,35.13663101196289,12.651827812194824,72.81
2009-08-20,,14.776430130004883,35.44602584838867,12.528088569641113,73.75
2009-08-21,,14.922931671142578,35.52809524536133,12.731371879577637,73.71
2009-08-24,,14.668790817260742,35.3007926940918,12.550189971923828,74.34
2009-08-25,,14.57310676574707,35.64174270629883,12.638568878173828,73.1
2009-08-26,,14.704665184020996,35.989013671875,12.576703071594238,70.74
2009-08-27,,14.782398223876953,36.09000778198242,12.559026718139648,70.68
2009-08-28,,14.668790817260742,35.714229583740234,12.523673057556152,72.8
2009-08-31,,14.582077026367188,35.822513580322266,12.528088569641113,69.02
2009-09-01,,14.510316848754883,35.440338134765625,12.404358863830566,68.78
2009-09-02,,14.890042304992676,35.26835250854492,12.377840995788574,67.6
2009-09-03,,14.824265480041504,35.395748138427734,12.36900520324707,66.78
2009-09-04,,14.934898376464844,35.758819580078125,12.41761589050293,65.84
2009-09-08,,15.072429656982422,35.80977249145508,11.688468933105469,69.2
2009-09-09,,15.13820743560791,35.09001922607422,11.86523151397705,69.76
2009-09-10,,15.123257637023926,34.93712615966797,11.573566436767578,68.96
2009-09-11,,15.527194023132324,34.644134521484375,11.533797264099121,68.76
2009-09-14,,15.723124504089355,34.54221725463867,11.538223266601562,66.91
2009-09-15,,15.810544967651367,35.01995086669922,11.524958610534668,66.53
2009-09-16,,15.876863479614258,35.969017028808594,11.608924865722656,68.51
2009-09-17,,16.102941513061523,35.96263122558594,11.719404220581055,71.56
2009-09-18,,16.2054386138916,36.30659484863281,11.812203407287598,70.72
2009-09-21,,15.97633171081543,35.758819580078125,11.821039199829102,68.11
2009-09-22,,15.931119918823242,35.54860305786133,11.70613956451416,69.65
2009-09-23,,15.849739074707031,35.37664031982422,11.613337516784668,67.43
2009-09-24,,15.777390480041504,35.7460823059082,11.65753173828125,64.99
2009-09-25,,15.967289924621582,36.27474594116211,11.7238187789917,64.6
2009-09-28,,16.015525817871094,36.414886474609375,11.692545890808105,65.43
2009-09-29,,16.069791793823242,36.414886474609375,11.625520706176758,64.63
2009-09-30,,16.18734359741211,36.351173400878906,11.737222671508789,65.82
2009-10-01,,16.01251220703125,36.140987396240234,11.612115859985352,67.12
2009-10-02,,16.23859977722168,36.12187576293945,11.59424877166748,66.5
2009-10-05,,16.217487335205078,36.058189392089844,11.625520706176758,65.26
2009-10-06,,16.374237060546875,36.58684539794922,11.656798362731934,68.51
2009-10-07,,16.521940231323242,36.39576721191406,11.638927459716797,67.65
2009-10-08,,16.455629348754883,36.223785400390625,11.665739059448242,68.47
2009-10-09,,16.47371482849121,36.115509033203125,11.603185653686523,69.45
2009-10-12,,16.515913009643555,36.1027717590332,11.701476097106934,70.75
2009-10-13,,16.5189208984375,36.33843994140625,11.612115859985352,70.81
2009-10-14,,16.530986785888672,36.62507629394531,11.746159553527832,72.16
2009-10-15,,16.55510711669922,37.07093811035156,11.89806842803955,73.14
2009-10-16,,16.582231521606445,37.44037628173828,12.0767822265625,74.58
2009-10-19,,16.515913009643555,37.758853912353516,12.157205581665039,75.86
2009-10-20,,16.298877716064453,37.5295524597168,12.166138648986816,76.51
2009-10-21,,16.298877716064453,37.153743743896484,12.251033782958984,77.74
2009-10-22,,16.3229923248291,37.89898681640625,12.112525939941406,78.36
2009-10-23,,16.048686981201172,37.854400634765625,12.085721015930176,77.72
2009-10-26,,16.04566764831543,37.707908630371094,11.929343223571777,76.45
2009-10-27,,16.11500358581543,37.5932502746582,11.942748069763184,76.69
2009-10-28,,16.130081176757812,37.35121154785156,12.041040420532227,75.11
2009-10-29,,16.304903030395508,37.66969299316406,12.309117317199707,77.18
2009-10-30,,16.069791793823242,37.33210372924805,12.295713424682617,74.91
2009-11-02,,16.193374633789062,37.68241882324219,12.349327087402344,75.56
2009-11-03,,16.01251220703125,37.73339080810547,12.304651260375977,75.68
2009-11-04,,16.124040603637695,38.40219497680664,11.915940284729004,78.21
2009-11-05,,16.39835548400879,39.16015625,12.0767822265625,78.02
2009-11-06,,16.42548179626465,39.31304168701172,11.965082168579102,75.51
2009-11-09,,16.723909378051758,39.899044036865234,11.853391647338867,77.18
2009-11-10,,16.823383331298828,39.66973114013672,11.97402286529541,77.07
2009-11-11,,16.919841766357422,40.02005386352539,11.982955932617188,76.99
2009-11-12,,16.862577438354492,39.59967041015625,11.991896629333496,75.18
2009-11-13,,17.019325256347656,40.49778366088867,12.023170471191406,74.81
2009-11-16,,17.103727340698242,41.10289001464844,12.344858169555664,77.14
2009-11-17,,17.14291000366211,40.49141311645508,12.349327087402344,77.36
2009-11-18,,17.05549430847168,40.752559661865234,12.179549217224121,78.64
2009-11-19,,17.14592742919922,40.38949203491211,12.049978256225586,76.45
2009-11-20,,17.3267879486084,40.74618911743164,12.139341354370117,75.61
2009-11-23,,17.555885314941406,40.758934020996094,12.215290069580078,78.14
2009-11-24,,17.540809631347656,40.90544509887695,12.161674499511719,75.35
2009-11-25,,17.51670265197754,41.051937103271484,11.97402286529541,76.57
2009-11-27,,17.358829498291016,40.859214782714844,11.902536392211914,76.0
2009-11-30,,17.36490249633789,40.63435363769531,11.875732421875,77.77
2009-12-01,,17.632062911987305,40.82065200805664,11.839982032775879,78.68
2009-12-02,,17.595624923706055,40.15251922607422,11.889132499694824,76.96
2009-12-03,,17.386152267456055,39.812034606933594,11.804240226745605,77.76
2009-12-04,,17.452939987182617,39.567901611328125,11.871260643005371,77.74
2009-12-07,,17.568302154541016,39.78633499145508,11.92040729522705,76.18
2009-12-08,,17.510629653930664,38.93830108642578,11.911466598510742,74.93
2009-12-09,,17.5561580657959,38.931880950927734,11.933812141418457,73.63
2009-12-10,,17.78385353088379,39.220985412597656,11.92040729522705,70.91
2009-12-11,,17.944746017456055,39.61286926269531,11.969557762145996,70.07
2009-12-14,,17.923500061035156,39.921234130859375,12.049978256225586,71.19
2009-12-15,,17.92957305908203,39.831298828125,11.987422943115234,71.33
2009-12-16,,17.735280990600586,40.10112380981445,12.13039779663086,73.34
2009-12-17,,17.29811668395996,39.77989959716797,12.009761810302734,71.28
2009-12-18,,17.279905319213867,39.94051742553711,12.067849159240723,71.87
2009-12-21,,17.358829498291016,40.25531005859375,12.058913230895996,72.74
2009-12-22,,17.386152267456055,40.45447540283203,12.192954063415527,71.64
2009-12-23,,17.392227172851562,40.70502853393555,12.224225044250488,73.87
2009-12-24,,17.437763214111328,40.743568420410156,12.313583374023438,75.15
2009-12-28,,17.437763214111328,40.86561965942383,12.408406257629395,76.59
2009-12-29,,17.528839111328125,40.852779388427734,12.394861221313477,76.65
2009-12-30,,17.510629653930664,40.40306854248047,12.412924766540527,77.62
2009-12-31,,17.304187774658203,40.113975524902344,12.272941589355469,77.91
2010-01-04,,17.316335678100586,40.33240509033203,12.385834693908691,79.05
2010-01-05,,17.106857299804688,40.02402877807617,12.990900039672852,79.27
2010-01-06,,17.100788116455078,39.47795867919922,13.081206321716309,80.14
2010-01-07,,17.058292388916016,39.767051696777344,13.049603462219238,80.57
2010-01-08,,16.742565155029297,39.728511810302734,13.063143730163574,80.06
2010-01-11,,17.08257293701172,40.036869049072266,13.00444507598877,80.14
2010-01-12,,17.26776123046875,40.25531005859375,13.225701332092285,79.38
2010-01-13,,17.31329345703125,40.210330963134766,13.198610305786133,77.57
2010-01-14,,17.343660354614258,40.2488899230957,13.148941040039062,77.61
2010-01-15,,17.08864402770996,40.01118087768555,13.356649398803711,76.85
2010-01-19,,17.12811279296875,40.78211212158203,13.279888153076172,75.18
2010-01-20,,16.848814010620117,40.48015213012695,12.995416641235352,75.09
2010-01-21,,16.50577163696289,40.60222244262695,12.751578330993652,74.13
2010-01-22,,16.4663028717041,40.724300384521484,12.584511756896973,72.73
2010-01-25,,16.499691009521484,40.531558990478516,12.503233909606934,72.18
2010-01-26,,16.435943603515625,40.994117736816406,12.534839630126953,72.63
2010-01-27,,16.548269271850586,40.94271469116211,12.801248550415039,72.75
2010-01-28,,16.448091506958008,40.36452102661133,12.661273002624512,70.65
2010-01-29,,16.469335556030273,40.107547760009766,12.489683151245117,71.2
2010-02-01,,16.508806228637695,41.04551315307617,12.670304298400879,71.58
2010-02-02,,16.712202072143555,41.13544464111328,12.868980407714844,73.94
2010-02-03,,16.657554626464844,41.89353942871094,12.85995101928711,75.77
2010-02-04,,16.220401763916016,41.15471649169922,12.81930923461914,71.3
2010-02-05,,16.11717987060547,40.7114372253418,12.841891288757324,70.11
2010-02-08,,15.983610153198242,40.42234802246094,12.805766105651855,69.62
2010-02-09,,16.396474838256836,40.839935302734375,13.049603462219238,70.4
2010-02-10,,16.329692840576172,40.63435363769531,13.063143730163574,70.4
2010-02-11,,16.460224151611328,40.981266021728516,13.090240478515625,72.35
2010-02-12,,16.387372970581055,40.852779388427734,13.13538932800293,71.49
2010-02-16,,16.642385482788086,41.12260437011719,13.081206321716309,74.82
2010-02-17,,16.797212600708008,41.28322219848633,12.92768383026123,74.89
2010-02-18,,16.973281860351562,41.424556732177734,13.008959770202637,76.61
2010-02-19,,16.915605545043945,41.591590881347656,13.05862808227539,76.88
2010-02-22,,16.812387466430664,41.610870361328125,13.072175979614258,76.95
2010-02-23,,16.64542007446289,41.67510223388672,13.153453826904297,76.44
2010-02-24,,16.7455997467041,41.925655364990234,13.117331504821777,77.0
2010-02-25,,16.126291275024414,41.71183395385742,13.008959770202637,74.38
2010-02-26,,16.004863739013672,41.36846160888672,12.837372779846191,76.36
2010-03-01,,16.17182731628418,41.45268630981445,12.96832275390625,76.07
2010-03-02,,16.18093490600586,41.51100158691406,13.054120063781738,77.5
2010-03-03,,16.3721923828125,41.225914001464844,13.081206321716309,78.66
2010-03-04,,16.536128997802734,41.09632873535156,13.130877494812012,77.88
2010-03-05,,16.60594367980957,41.2518424987793,13.248283386230469,79.2
2010-03-08,,16.53308868408203,42.1912956237793,13.171514511108398,78.94
2010-03-09,,16.448091506958008,42.17832565307617,13.198610305786133,78.77
2010-03-10,,16.45415687561035,42.07467269897461,13.266341209411621,80.29
2010-03-11,,16.405193328857422,42.24960708618164,13.284400939941406,79.44
2010-03-12,,16.328676223754883,42.456939697265625,13.297944068908691,79.38
2010-03-15,,16.42049217224121,42.71607971191406,13.347614288330078,77.08
2010-03-16,,16.435802459716797,42.806785583496094,13.406317710876465,79.45
2010-03-17,,16.478647232055664,43.00764465332031,13.410835266113281,80.28
2010-03-18,,16.512313842773438,43.2020263671875,13.46953296661377,80.09
2010-03-19,,16.757165908813477,43.104827880859375,13.379223823547363,78.37
2010-03-22,,16.69289207458496,43.41582107543945,13.424379348754883,78.09
2010-03-23,,16.92550277709961,43.6360969543457,13.898504257202148,79.17
2010-03-24,,16.717374801635742,43.2797737121582,13.871402740478516,78.03
2010-03-25,,16.7724666595459,43.344539642333984,13.9075345993042,78.64
2010-03-26,,16.726558685302734,43.57780075073242,13.83077335357666,77.98
2010-03-29,,16.76328468322754,43.45470428466797,13.921941757202148,79.89
2010-03-30,,16.79389190673828,43.5648307800293,13.90371036529541,79.46
2010-03-31,,16.83367919921875,43.22793960571289,13.785183906555176,80.37
2010-04-01,,16.92550277709961,43.785118103027344,13.83077335357666,82.63
2010-04-05,,16.790828704833984,44.07667541503906,13.771510124206543,84.48
2010-04-06,,16.616374969482422,43.93415832519531,13.712244987487793,85.05
2010-04-07,,16.472524642944336,43.86287307739258,13.70768928527832,84.49
2010-04-08,,16.45415687561035,44.549659729003906,13.735039710998535,82.63
2010-04-09,,16.708194732666016,44.49782943725586,13.785183906555176,82.77
2010-04-12,,16.760215759277344,44.4006462097168,13.83077335357666,85.21
2010-04-13,,16.83980369567871,44.653324127197266,13.972085952758789,83.44
2010-04-14,,16.81838035583496,44.97727584838867,14.076931953430176,85.81
2010-04-15,,16.607194900512695,44.80882263183594,14.163546562194824,86.9
2010-04-16,,16.824501037597656,44.72459030151367,13.97664737701416,84.81
2010-04-19,,16.931621551513672,45.301204681396484,14.035908699035645,83.09
2010-04-20,,16.67146873474121,45.57333755493164,13.880912780761719,84.73
2010-04-21,,16.585765838623047,45.5862922668457,13.789743423461914,84.55
2010-04-22,,16.62249183654785,46.0203857421875,13.7623929977417,84.58
2010-04-23,,16.490886688232422,46.098140716552734,13.716806411743164,86.09
2010-04-26,,16.444974899291992,46.01388931274414,13.716806411743164,86.72
2010-04-27,,16.181760787963867,45.69643020629883,13.44784927368164,85.59
2010-04-28,,16.33173179626465,45.57333755493164,13.561817169189453,84.59
2010-04-29,,16.44803810119629,46.337860107421875,13.63475227355957,86.82
2010-04-30,,16.359277725219727,45.735313415527344,13.49343490600586,86.19
2010-05-03,,16.45415687561035,46.27305603027344,13.630192756652832,88.09
2010-05-04,,16.276634216308594,45.76771545410156,13.479758262634277,85.39
2010-05-05,,16.423555374145508,45.780662536621094,13.561817169189453,82.31
2010-05-06,,16.007308959960938,44.97727584838867,13.31564712524414,80.21
2010-05-07,,16.120548248291016,44.063716888427734,13.70768928527832,76.48
2010-05-10,,16.53986167907715,45.72883987426758,13.912826538085938,78.08
2010-05-11,,16.408246994018555,45.66402053833008,13.844446182250977,79.0
2010-05-12,,16.533737182617188,45.78712844848633,13.858120918273926,78.7
2010-05-13,,16.37152099609375,45.6769905090332,13.817093849182129,79.41
2010-05-14,,16.325607299804688,45.08742141723633,13.689449310302734,76.43
2010-05-17,,16.34703826904297,45.443748474121094,13.926498413085938,73.87
2010-05-18,,16.252151489257812,45.36600875854492,13.689449310302734,75.12
2010-05-19,,16.25827407836914,44.96431350708008,13.807977676391602,71.86
2010-05-20,,15.77469539642334,43.83695983886719,13.279179573059082,69.56
2010-05-21,,15.789993286132812,43.96653747558594,13.534459114074707,70.45
2010-05-24,,15.750201225280762,43.83695983886719,13.188006401062012,69.62
2010-05-25,,15.4931058883667,43.953582763671875,12.932729721069336,67.18
2010-05-26,,15.327836036682129,42.767913818359375,12.946402549743652,70.59
2010-05-27,,15.679811477661133,43.904727935791016,13.247268676757812,73.56
2010-05-28,,15.731836318969727,43.689144134521484,13.03757381439209,73.0
2010-06-01,,15.698171615600586,43.35593032836914,13.174331665039062,73.08
2010-06-02,,16.04096794128418,44.27714157104492,13.461523056030273,72.78
2010-06-03,,16.14503288269043,44.32941818237305,13.347557067871094,73.12
2010-06-04,,15.692055702209473,43.578067779541016,12.996550559997559,71.84
2010-06-07,,15.548203468322754,43.61072540283203,12.909929275512695,71.09
2010-06-08,,15.780808448791504,44.675689697265625,13.055806159973145,71.43
2010-06-09,,15.716534614562988,44.5972900390625,13.165214538574219,73.68
2010-06-10,,16.053203582763672,45.322505950927734,13.393145561218262,74.33
2010-06-11,,15.942099571228027,45.433563232421875,13.356674194335938,73.28
2010-06-14,,15.898880958557129,45.276763916015625,13.397705078125,75.11
2010-06-15,,16.105682373046875,45.99544906616211,13.543578147888184,75.29
2010-06-16,,16.173587799072266,45.923561096191406,13.552694320678711,76.12
2010-06-17,,16.161245346069336,45.766788482666016,13.666659355163574,77.52
2010-06-18,,16.145809173583984,45.655696868896484,13.680336952209473,77.05
2010-06-21,,16.19828224182129,45.68183898925781,13.64842700958252,78.53
2010-06-22,,16.192106246948242,44.84553527832031,13.384026527404785,78.08
2010-06-23,,16.12420082092285,44.839019775390625,13.466079711914062,75.22
2010-06-24,,15.988397598266602,44.251014709472656,13.434168815612793,75.17
2010-06-25,,15.513062477111816,44.04847717285156,13.370354652404785,76.21
2010-06-28,,15.76616382598877,43.98966979980469,13.324310302734375,76.66
2010-06-29,,15.53466796875,43.42125701904297,13.09410572052002,74.21
2010-06-30,,15.469852447509766,43.035789489746094,12.891526222229004,74.94
2010-07-01,,15.442076683044434,43.58460998535156,12.891526222229004,71.73
2010-07-02,,15.448240280151367,43.21220016479492,12.808648109436035,71.75
2010-07-06,,15.565534591674805,43.192596435546875,13.006628036499023,73.08
2010-07-07,,15.886534690856934,43.976600646972656,13.255248069763184,72.97
2010-07-08,,16.179758071899414,45.09381866455078,13.365744590759277,74.56
2010-07-09,,16.173587799072266,45.22450256347656,13.347328186035156,75.2
2010-07-12,,16.189014434814453,45.69491958618164,13.351933479309082,74.35
2010-07-13,,16.272363662719727,46.28290939331055,13.536101341247559,76.45
2010-07-14,,16.303218841552734,46.322113037109375,13.499268531799316,76.63
2010-07-15,,16.312482833862305,46.60304641723633,13.499268531799316,75.52
2010-07-16,,16.164325714111328,45.69491958618164,13.264452934265137,75.55
2010-07-19,,16.133466720581055,45.67530822753906,13.273661613464355,76.29
2010-07-20,,16.432857513427734,46.30253219604492,13.448619842529297,76.31
2010-07-21,,16.69213104248047,45.80596923828125,13.27826976776123,75.75
2010-07-22,,16.74769401550293,46.64878845214844,13.480854034423828,77.59
2010-07-23,,16.89893341064453,45.66876220703125,13.637391090393066,77.27
2010-07-26,,16.95757293701172,46.30253219604492,13.683431625366211,77.9
2010-07-27,,16.991519927978516,45.99544906616211,13.75709342956543,75.52
2010-07-28,,16.939054489135742,45.58382797241211,13.683431625366211,76.66
2010-07-29,,16.973011016845703,45.32902908325195,13.402581214904785,78.6
2010-07-30,,17.01004409790039,45.557701110839844,13.448619842529297,77.5
2010-08-02,,17.411296844482422,45.89744567871094,13.577537536621094,81.93
2010-08-03,,17.402048110961914,46.028114318847656,13.480854034423828,83.6
2010-08-04,,17.454511642456055,46.18490982055664,13.697246551513672,83.76
2010-08-05,,17.39895248413086,46.028114318847656,13.655808448791504,82.9
2010-08-06,,17.51624298095703,46.87092208862305,13.978095054626465,81.28
2010-08-09,,17.62735939025879,47.6418571472168,13.991908073425293,81.54
2010-08-10,,17.587234497070312,47.589595794677734,13.936657905578613,79.89
2010-08-11,,17.29709815979004,46.75984573364258,13.618976593017578,77.83
2010-08-12,,17.189071655273438,47.079994201660156,13.582139015197754,76.63
2010-08-13,,17.20140838623047,46.96892166137695,13.582139015197754,75.14
2010-08-16,,17.24770736694336,46.903587341308594,13.55911922454834,74.56
2010-08-17,,17.321788787841797,47.837867736816406,13.47164249420166,76.74
2010-08-18,,17.235363006591797,47.857479095458984,13.508480072021484,75.1
2010-08-19,,17.062517166137695,47.674530029296875,13.411787033081055,74.84
2010-08-20,,17.068689346313477,47.746421813964844,13.397974014282227,73.48
2010-08-23,,17.16128921508789,47.916290283203125,13.420994758605957,73.08
2010-08-24,,17.179807662963867,47.511199951171875,13.485451698303223,70.61
2010-08-25,,17.096471786499023,47.81827926635742,13.623577117919922,70.74
2010-08-26,,17.025484085083008,47.798675537109375,13.545306205749512,74.5
2010-08-27,,17.33413314819336,48.3409538269043,13.812348365783691,75.16
2010-08-30,,17.145856857299805,47.880157470703125,13.674222946166992,76.05
2010-08-31,,17.24770736694336,48.09080505371094,13.770906448364258,75.51
2010-09-01,,17.689090728759766,49.06501007080078,13.98730182647705,75.53
2010-09-02,,17.710695266723633,49.38095474243164,13.973489761352539,74.93
2010-09-03,,17.76625633239746,49.42704391479492,14.07938289642334,75.03
2010-09-07,,17.787858963012695,49.894386291503906,13.973489761352539,75.78
2010-09-08,,17.849586486816406,50.078697204589844,14.07938289642334,77.48
2010-09-09,,17.9915714263916,48.95310592651367,14.153048515319824,77.87
2010-09-10,,18.06255531311035,49.374366760253906,14.171473503112793,77.54
2010-09-13,,18.047012329101562,49.084754943847656,14.249735832214355,78.52
2010-09-14,,17.910179138183594,48.67006301879883,14.295783042907715,78.89
2010-09-15,,17.8573055267334,49.176910400390625,14.544403076171875,78.46
2010-09-16,,17.885292053222656,49.23615646362305,14.456924438476562,78.89
2010-09-17,,17.900846481323242,48.92020797729492,14.433897972106934,77.43
2010-09-20,,18.028352737426758,49.440223693847656,14.53519344329834,79.42
2010-09-21,,18.071889877319336,49.70349884033203,14.558209419250488,78.76
2010-09-22,,18.109209060668945,49.453372955322266,14.415488243103027,77.29
2010-09-23,,17.99725341796875,49.13082504272461,14.39707088470459,77.69
2010-09-24,,18.230501174926758,49.433631896972656,14.710144996643066,78.73
2010-09-27,,18.224281311035156,49.20983123779297,14.64108943939209,77.71
2010-09-28,,18.37977409362793,49.12424850463867,14.627142906188965,79.14
2010-09-29,,18.274030685424805,49.00575256347656,14.501691818237305,78.79
2010-09-30,,18.199403762817383,49.04527282714844,14.339069366455078,80.77
2010-10-01,,18.386001586914062,49.31513214111328,14.501691818237305,82.69
2010-10-04,,18.31136131286621,49.33489227294922,14.376241683959961,83.42
2010-10-05,,18.553937911987305,49.90755844116211,14.53421688079834,83.35
2010-10-06,,18.597471237182617,49.736412048339844,14.543509483337402,85.01
2010-10-07,,18.485517501831055,49.933868408203125,14.492401123046875,83.67
2010-10-08,,18.476186752319336,50.09186553955078,14.37159252166748,83.88
2010-10-11,,18.52284049987793,49.75615692138672,14.422704696655273,83.08
2010-10-12,,18.5352783203125,49.74956512451172,14.473814964294434,82.99
2010-10-13,,18.641008377075195,49.861488342285156,14.631793975830078,84.01
2010-10-14,,18.631685256958008,50.710609436035156,14.775835037231445,83.55
2010-10-15,,18.641008377075195,51.00023651123047,14.70614242553711,81.94
2010-10-18,,18.659683227539062,50.89491653442383,14.710789680480957,82.3
2010-10-19,,18.765413284301758,50.67768478393555,14.613205909729004,81.12
2010-10-20,,19.017314910888672,50.954166412353516,14.775835037231445,81.68
2010-10-21,,19.116836547851562,51.63216781616211,14.785128593444824,81.28
2010-10-22,,19.16037368774414,51.70454025268555,14.822298049926758,80.75
2010-10-25,,18.973779678344727,51.80325698852539,15.087149620056152,81.91
2010-10-26,,19.045303344726562,51.84279251098633,15.022099494934082,82.62
2010-10-27,,19.02975845336914,51.00023651123047,14.86876392364502,81.27
2010-10-28,,19.035980224609375,51.00023651123047,14.93381404876709,82.97
2010-10-29,,19.07019805908203,51.19110870361328,14.994223594665527,82.47
2010-11-01,,19.19147491455078,51.263511657714844,14.766542434692383,84.06
2010-11-02,,19.238122940063477,51.605804443359375,14.794421195983887,84.71
2010-11-03,,19.266109466552734,51.67163848876953,14.668964385986328,85.33
2010-11-04,,19.421613693237305,52.119239807128906,14.771190643310547,86.83
2010-11-05,,19.4620361328125,52.19822311401367,14.441287994384766,87.05
2010-11-08,,19.424726486206055,52.204803466796875,14.459872245788574,87.15
2010-11-09,,19.480697631835938,52.06657409667969,14.227550506591797,87.93
2010-11-10,,19.45270538330078,52.32988357543945,14.171791076660156,87.92
2010-11-11,,19.53046226501465,52.461517333984375,14.153207778930664,88.08
2010-11-12,,19.567779541015625,51.90200424194336,14.227550506591797,86.07
2010-11-15,,19.580215454101562,52.04682922363281,14.306540489196777,85.49
2010-11-16,,19.30653953552246,50.960723876953125,14.097451210021973,83.98
2010-11-17,,19.443376541137695,51.586055755615234,14.167146682739258,83.36
2010-11-18,,19.853885650634766,52.0139045715332,14.274011611938477,83.7
2010-11-19,,20.003170013427734,52.42201614379883,14.143911361694336,83.17
2010-11-22,,19.98761749267578,52.343021392822266,14.195024490356445,82.34
2010-11-23,,19.785476684570312,52.0073127746582,14.046335220336914,82.37
2010-11-24,,20.093355178833008,52.316715240478516,14.19037914276123,84.53
2010-11-26,,19.9378604888916,51.69797134399414,14.078858375549316,84.78
2010-11-29,,19.850175857543945,51.9168815612793,14.027750968933105,85.9
2010-11-30,,19.78129005432129,51.94342803955078,14.05562973022461,86.02
2010-12-01,,20.260393142700195,52.60017395019531,14.232194900512695,88.56
2010-12-02,,20.32302474975586,52.659873962402344,14.139262199401855,89.37
2010-12-03,,20.197771072387695,52.911956787109375,14.088154792785645,90.65
2010-12-06,,20.03806495666504,52.79255676269531,14.074213027954102,91.25
2010-12-07,,20.085041046142578,53.29671859741211,14.236837387084961,90.78
2010-12-08,,20.163318634033203,52.235313415527344,14.418059349060059,89.74
2010-12-09,,20.30110740661621,51.48566818237305,14.44593334197998,89.93
2010-12-10,,20.24473762512207,51.45249557495117,14.28795337677002,89.54
2010-12-13,,20.307371139526367,51.153961181640625,14.348358154296875,90.4
2010-12-14,,20.0098819732666,51.153961181640625,14.5853271484375,90.63
2010-12-15,,20.27292251586914,51.06772994995117,14.627142906188965,91.33
2010-12-16,,20.460813522338867,50.88862609863281,14.701492309570312,91.09
2010-12-17,,20.57353401184082,50.95494842529297,14.836238861083984,91.11
2010-12-20,,20.451414108276367,51.02793502807617,14.743309020996094,91.31
2010-12-21,,20.507774353027344,50.98814392089844,14.794421195983887,93.11
2010-12-22,,20.539087295532227,51.0876350402832,14.813005447387695,93.55
2010-12-23,,20.535966873168945,51.05447769165039,14.813005447387695,93.63
2010-12-27,,20.376262664794922,50.70286560058594,14.687551498413086,93.08
2010-12-28,,20.46707534790039,50.70286560058594,14.80371379852295,93.52
2010-12-29,,20.495248794555664,51.07436752319336,14.799027442932129,93.52
2010-12-30,,20.51091766357422,50.92179870605469,14.775583267211914,92.5
2010-12-31,,20.595458984375,50.92179870605469,14.775583267211914,93.23
2011-01-03,,20.423234939575195,50.81565475463867,14.850605010986328,95.82
2011-01-04,,20.0004825592041,49.296470642089844,14.81778335571289,93.52
2011-01-05,,19.881492614746094,49.52867126464844,14.784960746765137,95.07
2011-01-06,,19.737443923950195,49.23014831542969,14.663041114807129,94.95
2011-01-07,,19.703006744384766,49.3362922668457,14.625527381896973,94.25
2011-01-10,,19.74683952331543,48.7989387512207,14.634903907775879,95.05
2011-01-11,,19.630979537963867,49.02452087402344,14.672412872314453,96.8
2011-01-12,,19.74057960510254,48.825469970703125,14.770885467529297,97.86
2011-01-13,,19.853307723999023,48.20851516723633,14.742753982543945,97.86
2011-01-14,,19.768762588500977,49.130645751953125,14.695862770080566,97.86
2011-01-18,,19.87836265563965,49.54194641113281,14.559881210327148,97.83
2011-01-19,,19.85957145690918,49.98640060424805,14.62083911895752,98.42
2011-01-20,,19.706132888793945,49.86037063598633,14.644278526306152,96.27
2011-01-21,,19.656038284301758,49.76085662841797,14.700552940368652,96.84
2011-01-24,,19.806331634521484,50.00630187988281,14.738067626953125,96.76
2011-01-25,,19.71552848815918,50.07265090942383,14.62083911895752,96.76
2011-01-26,,19.71552848815918,49.86700439453125,14.55050277709961,96.04
2011-01-27,,19.634113311767578,49.32301712036133,14.320731163024902,96.48
2011-01-28,,19.48067283630371,48.61319351196289,14.316039085388184,97.06
2011-01-31,,19.68108367919922,48.87190628051758,14.334797859191895,98.97
2011-02-01,,19.743711471557617,48.73926544189453,14.381689071655273,100.4
2011-02-02,,19.684215545654297,48.85202407836914,14.330109596252441,101.3
2011-02-03,,19.593408584594727,48.97807312011719,14.414512634277344,101.69
2011-02-04,,19.590269088745117,49.12401580810547,14.625527381896973,99.43
2011-02-07,,19.577749252319336,48.72596740722656,14.475475311279297,99.44
2011-02-08,,19.687339782714844,49.99305725097656,14.597393989562988,99.25
2011-02-09,,19.775028228759766,50.37117385864258,14.648971557617188,100.16
2011-02-10,,19.89714813232422,50.25840759277344,14.588011741638184,100.74
2011-02-11,,19.906545639038086,50.510498046875,14.37700080871582,99.93
2011-02-14,,19.771892547607422,50.57684326171875,14.297285079956055,103.12
2011-02-15,,19.787548065185547,50.51712417602539,14.381689071655273,102.48
2011-02-16,,19.853307723999023,50.43088912963867,14.44265079498291,102.78
2011-02-17,,20.213430404663086,50.40435791015625,14.461405754089355,103.45
2011-02-18,,20.213430404663086,50.503841400146484,14.494227409362793,102.2
2011-02-22,,19.96603775024414,50.21860122680664,14.756823539733887,106.82
2011-02-23,,20.013010025024414,49.880271911621094,14.85529899597168,109.77
2011-02-24,,20.003623962402344,49.89353942871094,14.902188301086426,113.91
2011-02-25,,20.138275146484375,49.78652572631836,14.86935806274414,111.47
2011-02-28,,20.016145706176758,50.61585998535156,14.930322647094727,112.27
2011-03-01,,20.326162338256836,50.0875129699707,14.794333457946777,113.34
2011-03-02,,20.175844192504883,49.953739166259766,14.76620101928711,116.89
2011-03-03,,20.532833099365234,50.99039840698242,14.916254043579102,114.42
2011-03-04,,20.420095443725586,50.84994125366211,14.808403968811035,115.71
2011-03-07,,20.423234939575195,51.023834228515625,14.691176414489746,116.58
2011-03-08,,20.554752349853516,50.52222442626953,14.747442245483398,112.32
2011-03-09,,20.548492431640625,50.682735443115234,14.850605010986328,115.19
2011-03-10,,20.445152282714844,51.284664154052734,14.770885467529297,114.07
2011-03-11,,20.441999435424805,51.31810760498047,14.864675521850586,114.07
2011-03-14,,20.167585372924805,50.60917663574219,14.705243110656738,112.95
2011-03-15,,19.88055992126465,50.2413215637207,14.597393989562988,111.11
2011-03-16,,19.429519653320312,49.07759094238281,14.466095924377441,110.96
2011-03-17,,19.643991470336914,49.09095764160156,14.423891067504883,114.18
2011-03-18,,19.77647590637207,48.816749572753906,14.531744956970215,114.13
2011-03-21,,20.050886154174805,49.33172607421875,14.484847068786621,114.92
2011-03-22,,20.031959533691406,49.40530776977539,14.55050277709961,115.63
2011-03-23,,20.27167320251465,49.84672546386719,14.588011741638184,115.65
2011-03-24,,20.404144287109375,50.114234924316406,14.66772747039795,115.41
2011-03-25,,20.57132339477539,50.32826232910156,14.658348083496094,115.45
2011-03-28,,20.51139259338379,50.161075592041016,14.756823539733887,115.95
2011-03-29,,20.729015350341797,50.40854263305664,14.799419403076172,115.58
2011-03-30,,20.8299560546875,50.702796936035156,14.898801803588867,115.35
2011-03-31,,20.92458152770996,50.890071868896484,14.842016220092773,116.94
2011-04-01,,21.2021427154541,50.82318878173828,14.960330963134766,118.63
2011-04-04,,21.340923309326172,51.0907096862793,14.913009643554688,120.07
2011-04-05,,21.281003952026367,51.23116683959961,14.903541564941406,122.87
2011-04-06,,21.331466674804688,51.31142807006836,15.026590347290039,123.01
2011-04-07,,21.271530151367188,50.83656692504883,15.040791511535645,122.9
2011-04-08,,21.217912673950195,50.85663604736328,14.988725662231445,126.3
2011-04-11,,21.258914947509766,50.9970588684082,15.15910816192627,126.46
2011-04-12,,21.10121726989746,51.27131652832031,15.211174011230469,121.33
2011-04-13,,21.221067428588867,51.42512893676758,15.334227561950684,122.7
2011-04-14,,21.54594612121582,51.54551696777344,15.594521522521973,122.74
2011-04-15,,21.45132827758789,51.75284194946289,15.78856372833252,124.63
2011-04-18,,21.23053741455078,51.498695373535156,15.72231674194336,121.69
2011-04-19,,21.16114044189453,51.23116683959961,15.807503700256348,121.35
2011-04-20,,21.40085792541504,52.435035705566406,15.883224487304688,124.26
2011-04-21,,21.41031837463379,51.438507080078125,15.798039436340332,123.64
2011-04-26,,21.110673904418945,51.45856475830078,15.80277156829834,124.55
2011-04-27,,21.132749557495117,52.08056640625,15.88795280456543,124.94
2011-04-28,,21.262081146240234,52.187557220458984,15.902149200439453,126.59
2011-05-02,,21.359851837158203,52.595550537109375,15.992079734802246,126.64
2011-05-03,,21.41031837463379,52.79619216918945,16.02994728088379,124.01
2011-05-04,,21.277849197387695,52.883140563964844,16.020475387573242,121.55
2011-05-05,,21.038127899169922,52.56879425048828,15.80277156829834,111.93
2011-05-06,,21.10121726989746,52.63568115234375,16.12932777404785,113.69
2011-05-09,,21.116987228393555,53.043643951416016,16.110403060913086,113.21
2011-05-10,,21.239994049072266,53.311187744140625,16.195587158203125,117.82
2011-05-11,,21.233684539794922,53.17744064331055,16.21925163269043,115.66
2011-05-12,,21.54594612121582,53.94654083251953,16.44642448425293,112.87
2011-05-13,,21.50493812561035,54.00007247924805,16.5126895904541,113.08
2011-05-16,,21.394554138183594,54.267578125,16.347043991088867,113.72
2011-05-17,,21.445022583007812,54.12713623046875,16.484289169311523,109.39
2011-05-18,,21.542795181274414,54.50836181640625,16.507957458496094,112.54
2011-05-19,,21.59326171875,55.18384552001953,16.560014724731445,113.2
2011-05-20,,21.542795181274414,55.06348419189453,16.673601150512695,111.25
2011-05-23,,21.287311553955078,55.17717742919922,16.555282592773438,110.13
2011-05-24,,21.281003952026367,55.270782470703125,16.503225326538086,112.52
2011-05-25,,21.104372024536133,55.32432556152344,16.294973373413086,114.47
2011-05-26,,21.038127899169922,55.13033676147461,16.384897232055664,115.06
2011-05-27,,20.978206634521484,54.99561309814453,16.44642448425293,114.85
2011-05-31,,21.072826385498047,54.94169235229492,16.55055046081543,117.18
2011-06-01,,21.057050704956055,54.56438446044922,16.436967849731445,116.15
2011-06-02,,20.8299560546875,54.409393310546875,16.290246963500977,114.3
2011-06-03,,20.669099807739258,54.26788330078125,16.138790130615234,115.09
2011-06-06,,20.6343994140625,54.375709533691406,16.119869232177734,115.4
2011-06-07,,20.565000534057617,54.67216873168945,16.110403060913086,116.14
2011-06-08,,20.62809181213379,54.67890930175781,16.119869232177734,118.43
2011-06-09,,20.782642364501953,54.75301742553711,16.195587158203125,119.95
2011-06-10,,20.62493896484375,54.14659118652344,15.992079734802246,118.71
2011-06-13,,20.688480377197266,54.39591979980469,16.148265838623047,120.49
2011-06-14,,20.844148635864258,54.894527435302734,16.214519500732422,120.35
2011-06-15,,20.64082908630371,54.73955535888672,16.100936889648438,114.67
2011-06-16,,20.8060302734375,55.12358856201172,16.233448028564453,114.69
2011-06-17,,20.84733009338379,55.60200500488281,16.318641662597656,113.74
2011-06-20,,20.914043426513672,55.716583251953125,16.470088958740234,112.21
2011-06-21,,21.0506534576416,55.79069137573242,16.474828720092773,112.02
2011-06-22,,21.09512710571289,55.68959426879883,16.403833389282227,113.59
2011-06-23,,20.644001007080078,55.447017669677734,16.214519500732422,108.27
2011-06-24,,20.62812042236328,55.143821716308594,16.375429153442383,104.79
2011-06-27,,20.717073440551758,55.467227935791016,16.32810401916504,104.57
2011-06-28,,20.977577209472656,56.835086822509766,16.48084259033203,107.57
2011-06-29,,21.193613052368164,56.983306884765625,16.624025344848633,111.49
2011-06-30,,21.37788963317871,56.81486892700195,16.814943313598633,111.71
2011-07-01,,21.63204002380371,57.71100997924805,16.929489135742188,109.82
2011-07-05,,21.698759078979492,57.704261779785156,17.001089096069336,113.21
2011-07-06,,21.77182388305664,57.85249328613281,17.110872268676758,113.55
2011-07-07,,21.84172821044922,57.987274169921875,17.149044036865234,117.4
2011-07-08,,21.819477081298828,57.67732238769531,17.04404067993164,117.4
2011-07-11,,21.63521385192871,57.50885772705078,16.94858741760254,117.35
2011-07-12,,21.555797576904297,57.26629638671875,16.896085739135742,117.36
2011-07-13,,21.622512817382812,57.24608612060547,16.876991271972656,118.46
2011-07-14,,21.498605728149414,57.81884002685547,16.88177490234375,117.38
2011-07-15,,21.45412826538086,57.596473693847656,16.88177490234375,118.06
2011-07-18,,21.323881149291992,57.54255676269531,16.79107666015625,117.05
2011-07-19,,22.02280616760254,58.08833312988281,16.824493408203125,118.18
2011-07-20,,21.879846572875977,58.12876510620117,16.829261779785156,118.52
2011-07-21,,22.029157638549805,58.31071472167969,16.929489135742188,118.25
2011-07-22,,22.1530704498291,59.67177200317383,16.910398483276367,118.99
2011-07-25,,22.003746032714844,59.37529373168945,16.7194881439209,118.27
2011-07-26,,21.981508255004883,59.30791091918945,16.662212371826172,118.14
2011-07-27,,21.82265281677246,58.681270599365234,16.48084259033203,117.99
2011-07-28,,21.86078643798828,58.47239685058594,16.50948143005371,118.16
2011-07-29,,21.606630325317383,58.270263671875,16.409244537353516,115.93
2011-08-01,,21.517663955688477,58.209598541259766,16.390155792236328,116.37
2011-08-02,,21.3079891204834,57.31345748901367,16.294692993164062,116.02
2011-08-03,,21.73052978515625,57.636898040771484,16.371061325073242,113.74
2011-08-04,,20.91086196899414,56.787906646728516,16.122875213623047,110.22
2011-08-05,,21.21268081665039,57.326942443847656,16.64311981201172,106.92
2011-08-08,,20.688480377197266,55.32576370239258,16.08946418762207,103.06
2011-08-09,,21.18408966064453,57.919883728027344,16.3328800201416,103.63
2011-08-10,,20.319948196411133,56.653160095214844,15.655135154724121,103.84
2011-08-11,,21.117366790771484,58.135501861572266,16.275606155395508,107.82
2011-08-12,,21.330232620239258,58.28373336791992,16.418794631958008,108.17
2011-08-15,,21.666976928710938,58.499359130859375,16.552433013916016,108.89
2011-08-16,,21.657459259033203,58.39828109741211,16.328107833862305,109.69
2011-08-17,,22.01009750366211,58.95754623413086,16.48084259033203,111.37
2011-08-18,,21.527204513549805,57.684059143066406,16.137191772460938,108.36
2011-08-19,,21.317520141601562,58.775604248046875,15.965371131896973,109.37
2011-08-22,,21.37152099609375,59.13273620605469,16.01310157775879,108.83
2011-08-23,,21.940208435058594,60.32535171508789,16.270830154418945,110.35
2011-08-24,,22.13718032836914,60.7296142578125,16.3328800201416,111.91
2011-08-25,,21.593917846679688,59.77284240722656,16.041728973388672,111.91
2011-08-26,,21.76230239868164,60.594844818115234,16.204011917114258,112.29
2011-08-30,,22.194364547729492,61.58135223388672,16.566757202148438,115.59
2011-08-31,,22.38180923461914,61.33036804199219,16.7147159576416,116.48
2011-09-01,,22.38180923461914,61.09972381591797,16.614486694335938,116.43
2011-09-02,,22.15623664855957,60.43495178222656,16.356740951538086,115.92
2011-09-06,,22.057756423950195,60.25179672241211,16.266054153442383,113.29
2011-09-07,,22.493003845214844,60.57062530517578,16.600162506103516,117.5
2011-09-08,,22.61054801940918,60.10934829711914,16.733806610107422,117.99
2011-09-09,,22.0386905670166,57.680809020996094,16.471294403076172,115.1
2011-09-12,,22.041872024536133,58.46770477294922,16.347198486328125,114.75
2011-09-13,,22.10264778137207,58.42020797729492,16.337650299072266,114.08
2011-09-14,,22.316957473754883,58.84756851196289,16.48084259033203,113.1
2011-09-15,,22.71678352355957,59.74298858642578,16.68129539489746,116.71
2011-09-16,,22.783954620361328,59.89224624633789,16.733806610107422,116.26
2011-09-19,,22.547258377075195,60.244991302490234,16.64311981201172,112.89
2011-09-20,,22.59843635559082,60.584171295166016,16.476064682006836,114.39
2011-09-21,,22.160219192504883,59.36989974975586,16.2899227142334,114.26
2011-09-22,,21.693214416503906,58.33201599121094,16.08946418762207,109.21
2011-09-23,,21.565271377563477,59.26814270019531,16.094240188598633,109.17
2011-09-26,,21.99388885498047,60.60451889038086,16.351970672607422,107.9
2011-09-27,,22.25298309326172,60.8758659362793,16.6717586517334,109.54
2011-09-28,,21.769989013671875,59.71587371826172,16.47442626953125,108.52
2011-09-29,,22.086654663085938,60.22465133666992,16.59474754333496,107.08
2011-09-30,,21.61005401611328,59.57341003417969,16.161592483520508,105.42
2011-10-03,,20.925548553466797,58.35236358642578,15.920950889587402,103.61
2011-10-04,,20.864774703979492,58.6644172668457,15.815067291259766,101.84
2011-10-05,,20.960729598999023,58.22346115112305,15.829505920410156,103.77
2011-10-06,,20.915952682495117,59.091800689697266,16.15196990966797,104.38
2011-10-07,,21.07908058166504,59.152854919433594,16.24822998046875,106.56
2011-10-10,,21.398941040039062,60.041500091552734,16.508113861083984,109.49
2011-10-11,,21.366960525512695,60.60451889038086,16.556249618530273,109.22
2011-10-12,,21.584463119506836,59.939727783203125,16.652503967285156,112.44
2011-10-13,,21.558870315551758,60.584171295166016,16.7728328704834,112.45
2011-10-14,,21.702816009521484,61.01153564453125,16.95571517944336,114.33
2011-10-17,,21.43092155456543,60.14324188232422,16.73432731628418,112.92
2011-10-18,,21.34776496887207,60.808048248291016,16.96053123474121,112.08
2011-10-19,,21.440526962280273,60.794464111328125,16.7728328704834,111.76
2011-10-20,,21.46932029724121,60.38065719604492,16.87389373779297,109.0
2011-10-21,,21.81157684326172,62.626033782958984,16.9412784576416,111.6
2011-10-24,,21.709211349487305,62.415740966796875,16.979782104492188,111.67
2011-10-25,,21.414934158325195,62.25292205810547,16.81133460998535,112.11
2011-10-26,,21.58127212524414,62.259708404541016,16.854652404785156,110.43
2011-10-27,,21.933124542236328,63.43331527709961,17.071226119995117,112.45
2011-10-28,,22.048274993896484,63.28403854370117,17.037532806396484,110.01
2011-10-31,,21.853151321411133,62.98556137084961,16.9316463470459,108.43
2011-11-01,,21.4437198638916,62.34791564941406,16.633258819580078,106.97
2011-11-02,,21.677228927612305,62.768489837646484,16.671762466430664,110.82
2011-11-03,,21.958707809448242,63.08732604980469,17.220422744750977,110.76
2011-11-04,,21.680423736572266,63.636775970458984,16.9316463470459,112.22
2011-11-07,,21.817964553833008,64.18622589111328,17.003847122192383,114.75
2011-11-08,,21.958707809448242,64.17268371582031,17.076040267944336,115.61
2011-11-09,,21.440526962280273,62.849910736083984,16.729516983032227,115.29
2011-11-10,,21.555673599243164,63.263710021972656,16.90758514404297,113.32
2011-11-11,,21.7891788482666,64.28123474121094,17.119346618652344,114.43
2011-11-14,,21.68362808227539,63.806373596191406,17.051973342895508,112.57
2011-11-15,,21.750797271728516,64.08453369140625,17.076040267944336,111.9
2011-11-16,,21.434133529663086,63.18906021118164,16.9316463470459,111.91
2011-11-17,,21.309383392333984,62.60567092895508,16.825769424438477,109.25
2011-11-18,,21.555673599243164,62.91094970703125,16.73432731628418,107.82
2011-11-21,,21.095064163208008,62.598915100097656,16.508113861083984,105.98
2011-11-22,,21.101469039916992,62.849910736083984,16.628440856933594,107.77
2011-11-23,,20.749614715576172,62.32077407836914,16.47442626953125,106.83
2011-11-25,,20.708036422729492,62.476783752441406,16.517745971679688,106.08
2011-11-28,,20.845579147338867,63.60285186767578,16.792078018188477,109.38
2011-11-29,,21.325639724731445,63.876258850097656,17.003847122192383,111.25
2011-11-30,,21.660717010498047,65.2841796875,17.39849853515625,111.22
2011-12-01,,21.531845092773438,65.27052307128906,17.56694984436035,108.83
2011-12-02,,21.386857986450195,65.4072036743164,17.56694984436035,109.59
2011-12-05,,21.364301681518555,65.16801452636719,17.57176399230957,110.18
2011-12-06,,21.483510971069336,65.61908721923828,17.57176399230957,110.16
2011-12-07,,21.51572608947754,65.91980743408203,17.494760513305664,110.07
2011-12-08,,21.499622344970703,66.24102020263672,17.39849853515625,108.23
2011-12-09,,21.770265579223633,66.99964141845703,17.663206100463867,107.91
2011-12-12,,21.551176071166992,67.3072280883789,17.5284481048584,107.82
2011-12-13,,21.419076919555664,66.97916412353516,17.461063385009766,109.25
2011-12-14,,21.348190307617188,66.71260833740234,17.403308868408203,105.72
2011-12-15,,21.551176071166992,67.07486724853516,17.54770278930664,104.52
2011-12-16,,21.728370666503906,66.63059997558594,17.5621280670166,104.0
2011-12-19,,21.70581817626953,66.4597396850586,17.43218421936035,104.55
2011-12-20,,22.037677764892578,67.53958129882812,17.764270782470703,107.8
2011-12-21,,22.414634704589844,67.7992935180664,17.976036071777344,108.0
2011-12-22,,22.292200088500977,67.38924407958984,17.956787109375,108.98
2011-12-23,,22.533842086791992,68.4486083984375,18.163742065429688,109.28
2011-12-28,,22.39530372619629,68.05902862548828,18.071731567382812,107.54
2011-12-29,,22.604721069335938,68.89971160888672,18.27545738220215,106.89
2011-12-30,,22.543506622314453,68.5716552734375,18.1202392578125,108.09
2012-01-03,,22.59827423095703,67.55327606201172,18.076587677001953,111.12
2012-01-04,,22.456512451171875,67.92918395996094,18.13479232788086,113.37
2012-01-05,,22.350200653076172,68.2298812866211,18.304553985595703,113.59
2012-01-06,,22.208438873291016,68.75616455078125,18.2123966217041,111.96
2012-01-09,,22.208438873291016,68.10005950927734,18.294851303100586,111.07
2012-01-10,,22.340524673461914,68.14104461669922,18.44035530090332,113.3
2012-01-11,,21.928133010864258,68.2982406616211,18.396703720092773,111.66
2012-01-12,,21.770265579223633,68.73566436767578,18.537357330322266,112.97
2012-01-13,,21.58338737487793,68.58531188964844,18.319103240966797,109.88
2012-01-17,,21.69938087463379,68.72197723388672,18.49370574951172,110.55
2012-01-18,,21.776695251464844,69.41227722167969,18.779863357543945,109.81
2012-01-19,,21.731595993041992,69.2072525024414,18.77016830444336,109.54
2012-01-20,,21.937793731689453,69.53531646728516,18.75560760498047,108.5
2012-01-23,,22.079553604125977,68.99537658691406,18.658611297607422,109.46
2012-01-24,,21.8765811920166,67.49175262451172,18.576152801513672,108.38
2012-01-25,,22.047334671020508,67.81982421875,18.61011505126953,108.48
2012-01-26,,21.912023544311523,67.78565216064453,18.72167205810547,109.08
2012-01-27,,21.728370666503906,67.45075225830078,18.658611297607422,110.5
2012-01-30,,21.734819412231445,67.45075225830078,18.517955780029297,110.24
2012-01-31,,21.757368087768555,67.69678497314453,18.576152801513672,110.26
2012-02-01,,21.8604736328125,67.25255584716797,18.658611297607422,111.96
2012-02-02,,21.854022979736328,67.40290832519531,18.711971282958984,110.96
2012-02-03,,21.9345703125,68.35291290283203,18.857467651367188,112.56
2012-02-06,,21.918468475341797,67.99750518798828,18.77016830444336,115.47
2012-02-07,,22.086009979248047,68.96805572509766,18.678020477294922,116.86
2012-02-08,,22.015119552612305,68.3802719116211,18.692567825317383,117.18
2012-02-09,,21.89913558959961,68.3392562866211,18.741064071655273,118.4
2012-02-10,,21.88947105407715,67.9838638305664,18.711971282958984,118.13
2012-02-13,,22.05056381225586,68.10687255859375,18.62466049194336,118.73
2012-02-14,,22.19876480102539,68.0385513305664,18.673158645629883,118.3
2012-02-15,,22.037677764892578,67.3960952758789,18.571308135986328,120.25
2012-02-16,,22.185880661010742,67.84033966064453,18.547061920166016,121.0
2012-02-17,,22.247095108032227,68.3392562866211,18.435503005981445,120.69
2012-02-21,,22.172992706298828,68.68096923828125,18.707117080688477,120.85
2012-02-22,,22.31153106689453,68.79719543457031,18.425806045532227,123.07
2012-02-23,,22.288984298706055,68.89971160888672,18.42095375061035,124.53
2012-02-24,,22.23098373413086,68.5647964477539,18.37245750427246,124.89
2012-02-27,,22.176219940185547,68.59210968017578,18.38700294494629,126.46
2012-02-28,,22.18265151977539,68.67473602294922,18.430652618408203,124.02
2012-02-29,,22.508071899414062,68.33058166503906,18.464609146118164,122.23
2012-03-01,,22.42430305480957,68.30992889404297,18.435503005981445,125.76
2012-03-02,,22.288984298706055,68.48200225830078,18.55190658569336,125.93
2012-03-05,,22.30508804321289,68.78485107421875,18.600406646728516,126.68
2012-03-06,,22.15365982055664,68.75041961669922,18.561616897583008,125.03
2012-03-07,,22.163331985473633,68.95003509521484,18.34819984436035,125.37
2012-03-08,,22.31797218322754,66.73383331298828,18.38700294494629,127.96
2012-03-09,,22.39530372619629,66.65120697021484,18.40641212463379,128.08
2012-03-12,,22.601511001586914,66.52735137939453,18.488859176635742,127.27
2012-03-13,,22.799474716186523,66.60993194580078,18.682861328125,128.14
2012-03-14,,22.789745330810547,66.9609603881836,18.513105392456055,126.98
2012-03-15,,22.825441360473633,67.47714233398438,18.576152801513672,123.63
2012-03-16,,22.770261764526367,67.21561431884766,18.614957809448242,125.09
2012-03-19,,22.84815788269043,67.2637939453125,18.600406646728516,125.76
2012-03-20,,22.909822463989258,67.20870971679688,18.600406646728516,124.38
2012-03-21,,23.08183479309082,66.56861877441406,18.581005096435547,123.89
2012-03-22,,23.179197311401367,65.93543243408203,18.53250503540039,122.49
2012-03-23,,23.201919555664062,65.76337432861328,18.55190658569336,125.21
2012-03-26,,23.334983825683594,66.74069213867188,18.736209869384766,125.85
2012-03-27,,23.32525062561035,66.995361328125,18.605255126953125,125.25
2012-03-28,,23.58164405822754,66.8164291381836,18.556394577026367,124.41
2012-03-29,,23.954870223999023,67.20183563232422,18.478193283081055,123.23
2012-03-30,,24.019779205322266,67.51847076416016,18.57594108581543,123.41
2012-04-02,,24.061967849731445,67.69742584228516,18.756755828857422,124.44
2012-04-04,,23.841276168823242,67.09174346923828,18.67856788635254,123.04
2012-04-05,,23.84452247619629,67.87633514404297,18.59059715270996,123.58
2012-04-10,,23.373924255371094,67.22249603271484,18.092117309570312,121.89
2012-04-11,,23.40638542175293,67.83507537841797,18.018810272216797,120.41
2012-04-12,,23.4388427734375,67.20183563232422,18.150754928588867,120.57
2012-04-13,,23.34796714782715,66.74069213867188,18.25338363647461,120.62
2012-04-16,,23.51024055480957,66.47227478027344,18.36578941345215,118.23
2012-04-17,,24.00029945373535,66.8370590209961,18.805633544921875,117.41
2012-04-18,,24.07170295715332,66.995361328125,18.68834114074707,115.18
2012-04-19,,23.958114624023438,65.57754516601562,18.668787002563477,117.0
2012-04-20,,24.058717727661133,66.03180694580078,18.83495330810547,118.08
2012-04-23,,23.91593360900879,65.5156021118164,18.566162109375,116.66
2012-04-24,,24.055479049682617,65.10265350341797,18.746978759765625,117.74
2012-04-25,,24.318355560302734,65.53624725341797,18.932697296142578,117.45
2012-04-26,,24.57151222229004,65.95611572265625,19.059764862060547,119.33
2012-04-27,,24.87009048461914,67.02289581298828,19.2552547454834,119.3
2012-04-30,,24.76948356628418,67.0710678100586,19.484935760498047,118.66
2012-05-01,,24.96746063232422,66.89899444580078,19.431184768676758,119.57
2012-05-02,,25.042098999023438,67.11238098144531,19.401853561401367,117.57
2012-05-03,,25.132976531982422,66.78889465332031,19.348102569580078,115.91
2012-05-04,,24.99017333984375,65.9836196899414,19.18194007873535,111.66
2012-05-08,,25.035612106323242,64.38685607910156,19.142839431762695,110.48
2012-05-09,,24.91877555847168,63.27186584472656,18.996219635009766,111.89
2012-05-10,,25.123226165771484,63.23058319091797,19.08908462524414,112.24
2012-05-11,,25.142704010009766,63.25123977661133,19.079309463500977,112.5
2012-05-14,,24.947988510131836,62.549190521240234,19.079309463500977,110.79
2012-05-15,,24.85061264038086,62.63865661621094,18.9717960357666,111.4
2012-05-16,,24.772722244262695,62.92772674560547,18.869165420532227,109.8
2012-05-17,,24.380023956298828,61.68198013305664,18.74209976196289,109.31
2012-05-18,,24.03276252746582,61.84028244018555,18.810523986816406,108.03
2012-05-21,,24.182052612304688,62.81760787963867,18.859384536743164,109.02
2012-05-22,,24.078195571899414,62.865814208984375,18.966917037963867,109.76
2012-05-23,,24.195039749145508,62.96217727661133,18.76652717590332,106.88
2012-05-24,,24.52281951904297,62.996551513671875,18.908266067504883,107.2
2012-05-25,,24.415735244750977,62.66620635986328,18.84961700439453,107.86
2012-05-29,,24.49036979675293,62.56296157836914,18.88871955871582,107.55
2012-05-30,,24.360553741455078,62.01923370361328,18.771425247192383,103.85
2012-05-31,,24.25345802307129,61.97067642211914,18.7030029296875,103.86
2012-06-01,,23.721202850341797,60.146366119384766,18.36090087890625,98.63
2012-06-04,,23.899694442749023,59.87582015991211,18.40000343322754,97.74
2012-06-05,,23.769880294799805,60.40304183959961,18.375560760498047,98.65
2012-06-06,,24.214515686035156,61.49900817871094,18.561277389526367,101.14
2012-06-07,,24.107404708862305,61.30475616455078,18.644357681274414,100.05
2012-06-08,,24.41896629333496,60.8677864074707,18.68834114074707,97.57
2012-06-11,,24.230731964111328,60.0631103515625,18.639463424682617,98.6
2012-06-12,,24.405994415283203,60.7013053894043,18.761653900146484,96.59
2012-06-13,,24.405994415283203,61.020381927490234,18.786083221435547,97.29
2012-06-14,,24.74909210205078,62.2342529296875,18.92291831970215,96.46
2012-06-15,,24.863445281982422,62.77532958984375,18.883825302124023,97.13
2012-06-18,,24.827518463134766,62.594970703125,19.04998779296875,95.21
2012-06-19,,24.74909210205078,62.15102767944336,19.059764862060547,95.14
2012-06-20,,24.690263748168945,61.49209213256836,19.06954002380371,93.5
2012-06-21,,24.39945411682129,60.79148864746094,18.96202850341797,89.22
2012-06-22,,24.487686157226562,61.28396987915039,18.986452102661133,89.22
2012-06-25,,24.432132720947266,61.124427795410156,18.869165420532227,88.69
2012-06-26,,24.533432006835938,61.8042106628418,18.45375633239746,90.19
2012-06-27,,24.945140838623047,61.27009582519531,18.424211502075195,92.06
2012-06-28,,25.020296096801758,61.166053771972656,18.567031860351562,91.02
2012-06-29,,25.549665451049805,61.40882873535156,19.020132064819336,94.17
2012-07-02,,25.788204193115234,61.096683502197266,19.148178100585938,95.28
2012-07-03,,25.86663055419922,61.44351577758789,19.310701370239258,99.89
2012-07-05,,25.634620666503906,61.94294738769531,19.24175262451172,101.54
2012-07-06,,25.53660011291504,62.1926383972168,19.19742774963379,98.5
2012-07-09,,25.481046676635742,62.289756774902344,19.222049713134766,99.94
2012-07-10,,25.481046676635742,62.60190963745117,19.409196853637695,99.15
2012-07-11,,25.311126708984375,62.102455139160156,19.38949203491211,99.23
2012-07-12,,25.043180465698242,63.767234802246094,19.261445999145508,99.18
2012-07-13,,25.252304077148438,64.01695251464844,19.55694580078125,101.91
2012-07-16,,24.990907669067383,63.57300567626953,19.4929256439209,102.1
2012-07-17,,25.38628387451172,63.73947525024414,19.60127067565918,104.21
2012-07-18,,25.304588317871094,63.96839141845703,19.684993743896484,105.92
2012-07-19,,25.340543746948242,64.34295654296875,19.79827117919922,107.79
2012-07-20,,25.170625686645508,63.524452209472656,19.7785701751709,106.98
2012-07-23,,25.121610641479492,61.69320297241211,19.3057804107666,103.91
2012-07-24,,25.049718856811523,61.08282470703125,19.217126846313477,103.57
2012-07-25,,25.16734504699707,61.06894302368164,19.128475189208984,102.35
2012-07-26,,25.76532554626465,61.73484420776367,19.394420623779297,104.77
2012-07-27,,26.144371032714844,61.86664581298828,19.41412925720215,106.3
2012-07-30,,26.507080078125,61.963748931884766,19.453519821166992,106.54
2012-07-31,,26.40251922607422,61.98456573486328,19.55694580078125,105.93
2012-08-01,,26.47113609313965,62.03310775756836,19.399354934692383,106.78
2012-08-02,,26.059417724609375,62.14408874511719,19.177722930908203,107.55
2012-08-03,,26.412322998046875,62.14408874511719,19.950929641723633,109.57
2012-08-06,,26.35023307800293,62.21347427368164,19.995275497436523,110.01
2012-08-07,,26.065950393676758,61.74178695678711,20.128238677978516,112.39
2012-08-08,,25.99733543395996,60.715152740478516,20.24150848388672,113.42
2012-08-09,,25.892770767211914,60.451576232910156,20.22673225402832,113.52
2012-08-10,,25.745723724365234,61.17988204956055,20.15286636352539,113.13
2012-08-13,,25.683639526367188,60.97182083129883,20.192258834838867,114.48
2012-08-14,,25.73592185974121,61.124427795410156,20.14301872253418,113.9
2012-08-15,,25.716312408447266,60.90941619873047,20.04451560974121,115.51
2012-08-16,,25.84702491760254,60.66660690307617,20.04451560974121,116.12
2012-08-17,,25.833946228027344,60.597251892089844,19.946025848388672,115.2
2012-08-20,,25.794736862182617,61.15912628173828,20.0789852142334,115.5
2012-08-21,,25.657489776611328,61.40187072753906,20.24643898010254,116.03
2012-08-22,,25.33726692199707,61.42271423339844,20.197195053100586,115.77
2012-08-23,,24.905929565429688,61.214603424072266,20.330162048339844,117.45
2012-08-24,,25.141202926635742,61.67934036254883,20.620731353759766,115.76
2012-08-27,,24.945140838623047,62.10942459106445,20.551782608032227,113.74
2012-08-28,,24.834047317504883,61.83195877075195,20.61580467224121,112.62
2012-08-29,,24.481143951416016,62.185699462890625,20.522232055664062,112.53
2012-08-30,,24.272014617919922,62.010902404785156,20.36463737487793,112.28
2012-08-31,,24.441940307617188,62.563262939453125,20.443439483642578,113.93
2012-09-04,,24.363513946533203,62.255615234375,20.605960845947266,114.98
2012-09-05,,24.513822555541992,62.26261520385742,20.522232055664062,113.32
2012-09-06,,24.932079315185547,63.38815689086914,20.83743667602539,114.5
2012-09-07,,24.768701553344727,63.63283920288086,19.694849014282227,113.64
2012-09-10,,24.611848831176758,63.8286247253418,19.803192138671875,113.84
2012-09-11,,24.683732986450195,63.758689880371094,19.58650016784668,114.86
2012-09-12,,24.706771850585938,63.49303436279297,19.4929256439209,114.86
2012-09-13,,25.233139038085938,64.01737213134766,19.7637996673584,116.0
2012-09-14,,25.081815719604492,64.1082534790039,19.665298461914062,117.48
2012-09-17,,25.233139038085938,64.41586303710938,19.69505500793457,116.7
2012-09-18,,25.410799026489258,65.07302856445312,20.05721092224121,113.29
2012-09-19,,25.345003128051758,64.89823913574219,20.260608673095703,108.49
2012-09-20,,25.423952102661133,65.12196350097656,20.637643814086914,109.41
2012-09-21,,25.02259635925293,65.51345825195312,20.72694206237793,111.27
2012-09-24,,25.081815719604492,65.51345825195312,20.65253448486328,109.2
2012-09-25,,24.79231071472168,64.9192123413086,20.51857566833496,110.77
2012-09-26,,24.844945907592773,65.15694427490234,20.47393226623535,108.99
2012-09-27,,25.206832885742188,65.20586395263672,20.439207077026367,111.45
2012-09-28,,24.95679473876953,64.14321899414062,20.51362419128418,111.36
2012-10-01,,25.25288200378418,64.3110122680664,21.09404945373535,112.58
2012-10-02,,25.226558685302734,63.56995391845703,20.84328269958496,112.49
2012-10-03,,25.1607723236084,63.164466857910156,20.70933723449707,109.32
2012-10-04,,25.219989776611328,63.63984298706055,20.8804931640625,110.48
2012-10-05,,25.384485244750977,63.61888122558594,20.6944522857666,112.17
2012-10-08,,25.384485244750977,63.996421813964844,20.500974655151367,112.6
2012-10-09,,25.371320724487305,64.3948974609375,20.359590530395508,114.32
2012-10-10,,25.062070846557617,64.59764862060547,20.27773666381836,116.11
2012-10-11,,25.075227737426758,64.56968688964844,20.270296096801758,116.18
2012-10-12,,25.154184341430664,64.674560546875,20.25541877746582,115.17
2012-10-15,,25.0883846282959,65.36665344238281,20.25541877746582,115.0
2012-10-16,,24.937061309814453,65.77912139892578,20.21820640563965,115.0
2012-10-17,,24.831783294677734,65.49249267578125,20.426559448242188,113.49
2012-10-18,,24.8975772857666,64.9192123413086,20.404239654541016,112.58
2012-10-19,,24.608078002929688,62.02491760253906,20.099140167236328,111.89
2012-10-22,,24.4962215423584,61.83614730834961,20.091705322265625,109.62
2012-10-23,,24.088281631469727,61.49357986450195,19.853580474853516,107.53
2012-10-24,,24.26593017578125,61.01820373535156,19.741960525512695,107.66
2012-10-25,,24.40410041809082,61.05314636230469,19.69731330871582,107.64
2012-10-26,,24.371206283569336,60.619712829589844,19.79404640197754,108.9
2012-10-31,,24.463321685791016,60.682640075683594,19.756837844848633,109.89
2012-11-01,,24.56201171875,60.682640075683594,19.942869186401367,108.84
2012-11-02,,24.39752769470215,60.72458267211914,19.555923461914062,106.79
2012-11-05,,24.193559646606445,61.14404296875,19.652660369873047,105.59
2012-11-06,,24.62123680114746,61.500587463378906,19.712200164794922,109.27
2012-11-07,,24.160654067993164,60.72458267211914,19.533597946166992,108.21
2012-11-08,,23.923786163330078,59.51511001586914,19.42942237854004,107.23
2012-11-09,,23.877729415893555,59.24246597290039,19.362455368041992,108.61
2012-11-12,,23.739561080932617,59.34033966064453,19.31780242919922,110.23
2012-11-13,,23.792192459106445,59.17253494262695,19.154096603393555,108.82
2012-11-14,,23.69349479675293,59.1585807800293,18.715051651000977,109.66
2012-11-15,,23.969844818115234,58.76010513305664,18.685287475585938,110.07
2012-11-16,,24.055377960205078,58.80900955200195,19.0201416015625,106.81
2012-11-19,,24.502805709838867,59.45219802856445,19.22106170654297,110.06
2012-11-20,,24.50937843322754,59.89963150024414,19.005268096923828,110.01
2012-11-21,,24.601497650146484,60.13032913208008,18.90852165222168,110.81
2012-11-23,,24.95679473876953,60.857418060302734,19.064796447753906,110.14
2012-11-26,,24.58174705505371,60.291107177734375,18.98294448852539,110.18
2012-11-27,,24.62123680114746,60.06739807128906,18.804346084594727,109.33
2012-11-28,,24.882915496826172,60.486873626708984,19.094560623168945,108.26
2012-11-29,,25.1545352935791,61.00886917114258,19.18385887145996,110.47
2012-11-30,,25.121410369873047,61.396820068359375,19.265708923339844,110.84
2012-12-03,,24.76366424560547,61.41091537475586,19.101999282836914,111.27
2012-12-04,,24.611295700073242,61.50968551635742,19.161535263061523,109.99
2012-12-05,,24.71729278564453,61.34744644165039,18.96805763244629,108.96
2012-12-06,,24.76366424560547,62.13747787475586,18.99037742614746,108.01
2012-12-07,,24.982288360595703,62.41259002685547,19.035022735595703,107.16
2012-12-10,,24.935914993286133,63.06857681274414,19.30292510986328,108.25
2012-12-11,,25.081661224365234,63.216739654541016,19.444297790527344,107.6
2012-12-12,,24.935914993286133,62.99802780151367,19.377328872680664,110.17
2012-12-13,,24.909412384033203,62.89928436279297,19.421974182128906,110.18
2012-12-14,,24.949161529541016,62.69472885131836,19.377328872680664,109.28
2012-12-17,,24.843158721923828,63.42128372192383,19.384769439697266,109.35
2012-12-18,,24.69742202758789,63.8515739440918,19.265708923339844,109.96
2012-12-19,,24.366172790527344,63.28017807006836,19.30292510986328,109.95
2012-12-20,,24.54505729675293,63.51299285888672,19.399656295776367,110.57
2012-12-21,,24.439048767089844,63.61174392700195,19.168970108032227,109.13
2012-12-24,,24.333053588867188,62.983951568603516,19.101999282836914,108.44
2012-12-26,,24.1276912689209,62.59598159790039,18.893644332885742,110.72
2012-12-27,,24.1276912689209,62.581878662109375,18.968429565429688,110.04
2012-12-28,,23.82956886291504,61.77773666381836,18.893644332885742,110.05
2012-12-31,,24.015058517456055,62.22212600708008,19.035751342773438,110.8
2013-01-02,,24.909412384033203,63.569393157958984,19.948272705078125,112.98
2013-01-03,,24.909412384033203,63.929161071777344,19.92583656311035,113.03
2013-01-04,,24.949161529541016,63.37897491455078,20.000635147094727,112.58
2013-01-07,,24.710664749145508,64.12669372558594,19.940792083740234,112.49
2013-01-08,,24.538427352905273,64.14784240722656,19.95575523376465,113.03
2013-01-09,,24.531795501708984,64.05611419677734,20.232500076293945,113.07
2013-01-10,,24.48542594909668,64.47230529785156,20.42697525024414,112.97
2013-01-11,,24.452302932739258,64.70508575439453,20.50925064086914,110.3
2013-01-14,,24.505298614501953,64.5639877319336,20.554126739501953,111.32
2013-01-15,,24.723918914794922,64.5499038696289,20.726158142089844,111.72
2013-01-16,,24.723918914794922,64.26069641113281,20.808435440063477,110.97
2013-01-17,,24.849794387817383,64.72626495361328,20.987951278686523,111.01
2013-01-18,,24.975662231445312,65.0789566040039,21.002906799316406,111.71
2013-01-22,,24.598051071166992,65.56565856933594,20.613964080810547,112.72
2013-01-23,,24.598051071166992,65.93952941894531,20.786001205444336,113.68
2013-01-24,,24.584796905517578,65.81961059570312,20.81591796875,114.59
2013-01-25,,24.54505729675293,66.10883331298828,20.778518676757812,113.88
2013-01-28,,24.518550872802734,66.56024932861328,20.80095672607422,113.92
2013-01-29,,24.79016876220703,66.95526885986328,20.81591796875,115.22
2013-01-30,,24.843158721923828,66.77892303466797,20.74111557006836,115.42
2013-01-31,,24.67092514038086,67.21627807617188,20.786001205444336,115.55
2013-02-01,,24.86966896057129,67.68179321289062,21.107620239257812,115.55
2013-02-04,,24.743793487548828,66.72952270507812,20.853317260742188,116.06
2013-02-05,,25.267154693603516,66.94821166992188,20.905672073364258,117.03
2013-02-06,,25.379785537719727,67.06107330322266,20.943077087402344,116.61
2013-02-07,,25.777267456054688,66.75070190429688,20.972990036010742,117.17
2013-02-08,,25.684518814086914,66.92001342773438,20.7635555267334,118.9
2013-02-11,,25.578523635864258,67.13162231445312,20.756072998046875,118.29
2013-02-12,,24.882915496826172,67.08223724365234,20.703720092773438,117.89
2013-02-13,,24.651037216186523,66.3062973022461,20.756072998046875,118.43
2013-02-14,,24.405925750732422,65.99596405029297,19.873477935791016,118.48
2013-02-15,,24.79016876220703,66.23577117919922,19.985671997070312,117.4
2013-02-19,,24.955780029296875,66.20053100585938,20.16518783569336,117.04
2013-02-20,,24.99553871154785,66.24282836914062,20.217540740966797,116.23
2013-02-21,,24.982288360595703,66.40509033203125,20.060470581054688,114.19
2013-02-22,,25.518901824951172,67.18803405761719,20.023073196411133,113.74
2013-02-25,,24.988903045654297,67.81584167480469,19.81364631652832,114.55
2013-02-26,,25.24728012084961,67.8722915649414,20.157703399658203,112.96
2013-02-27,,25.472524642944336,68.0713882446289,20.621444702148438,112.24
2013-02-28,,25.651390075683594,68.19225311279297,20.673805236816406,112.2
2013-03-01,,25.638147354125977,68.03583526611328,20.80095672607422,110.14
2013-03-04,,25.7176456451416,67.60205841064453,21.15250015258789,109.9
2013-03-05,,25.624897003173828,68.12825012207031,21.32452964782715,110.42
2013-03-06,,25.85013771057129,68.83932495117188,21.332012176513672,110.27
2013-03-07,,25.9163875579834,69.0384292602539,21.354450225830078,110.42
2013-03-08,,25.982643127441406,70.19037628173828,21.376893997192383,108.91
2013-03-11,,26.04227066040039,70.31837463378906,21.264694213867188,108.64
2013-03-12,,25.810392379760742,70.2259521484375,21.100139617919922,108.48
2013-03-13,,25.750337600708008,70.66678619384766,21.294614791870117,107.51
2013-03-14,,26.03726577758789,70.61702728271484,21.33949089050293,108.1
2013-03-15,,25.910484313964844,70.87303924560547,21.249731063842773,109.32
2013-03-18,,25.863771438598633,70.09083557128906,21.17494010925293,108.54
2013-03-19,,26.244131088256836,69.96994018554688,21.19738006591797,106.91
2013-03-20,,26.60445785522461,70.23303985595703,21.459171295166016,108.27
2013-03-21,,26.73790740966797,70.06239318847656,21.36193084716797,106.41
2013-03-22,,26.717885971069336,70.58854675292969,22.237051010131836,106.51
2013-03-25,,26.771276473999023,69.85614776611328,22.3492488861084,106.66
2013-03-26,,27.151622772216797,70.04104614257812,22.655914306640625,107.1
2013-03-27,,26.8380069732666,70.32546997070312,22.897335052490234,108.51
2013-03-28,,26.98480224609375,70.88723754882812,23.101036071777344,108.46
2013-04-01,,26.991474151611328,70.4321517944336,23.146297454833984,108.76
2013-04-02,,27.171634674072266,71.29256439208984,23.236833572387695,109.66
2013-04-03,,26.804637908935547,70.5743637084961,22.852069854736328,107.82
2013-04-04,,27.051528930664062,71.55565643310547,22.844524383544922,105.09
2013-04-05,,26.744592666625977,72.11738586425781,22.65591812133789,103.98
2013-04-08,,27.26506233215332,72.17430877685547,22.746444702148438,103.16
2013-04-09,,27.164976119995117,71.8614273071289,22.73135757446289,104.08
2013-04-10,,27.40519142150879,72.16716766357422,22.806798934936523,104.8
2013-04-11,,27.478588104248047,72.522705078125,22.897335052490234,103.62
2013-04-12,,27.4118709564209,73.66041564941406,23.04822540283203,100.58
2013-04-15,,26.75126075744629,72.63652038574219,22.776634216308594,99.32
2013-04-16,,28.27265739440918,73.26934051513672,23.108579635620117,97.88
2013-04-17,,28.392759323120117,72.9137954711914,22.497482299804688,96.84
2013-04-18,,28.09248924255371,72.4658203125,22.708724975585938,97.48
2013-04-19,,28.466167449951172,71.05079650878906,23.908294677734375,98.94
2013-04-22,,28.506206512451172,70.62416076660156,23.787580490112305,99.07
2013-04-23,,28.492849349975586,70.93701171875,24.036540985107422,99.25
2013-04-24,,28.125864028930664,71.8329849243164,23.73476219177246,100.71
2013-04-25,,28.259309768676758,71.77606964111328,23.900747299194336,101.62
2013-04-26,,28.09248924255371,71.74053955078125,23.810211181640625,102.39
2013-04-29,,28.185903549194336,72.65779876708984,23.8554744720459,102.88
2013-04-30,,28.2459659576416,72.62939453125,23.727218627929688,101.53
2013-05-01,,28.16588592529297,72.08893585205078,23.73476219177246,98.34
2013-05-02,,27.999065399169922,72.57249450683594,23.704591751098633,100.32
2013-05-03,,28.185903549194336,73.18402862548828,23.938467025756836,104.6
2013-05-06,,28.079139709472656,72.57958984375,23.500886917114258,105.0
2013-05-07,,28.492849349975586,72.73602294921875,23.697046279907227,105.18
2013-05-08,,28.332721710205078,71.78321075439453,23.327367782592773,103.79
2013-05-09,,28.105838775634766,70.88723754882812,23.070858001708984,103.59
2013-05-10,,28.125864028930664,71.2498550415039,23.108579635620117,101.31
2013-05-13,,28.152544021606445,71.37788391113281,23.25946617126465,102.17
2013-05-14,,28.372745513916016,71.96096801757812,23.523529052734375,102.7
2013-05-15,,28.63965606689453,72.49427795410156,23.764951705932617,101.57
2013-05-16,,28.753103256225586,71.90409088134766,23.73476219177246,104.27
2013-05-17,,28.673023223876953,72.20274353027344,23.764951705932617,103.83
2013-05-20,,28.279329299926758,72.20274353027344,23.236833572387695,104.55
2013-05-21,,28.252643585205078,72.62939453125,23.395261764526367,103.1
2013-05-22,,28.19257164001465,72.34493255615234,23.96864128112793,102.14
2013-05-23,,27.979049682617188,71.84009552001953,23.561246871948242,100.46
2013-05-24,,28.185903549194336,71.31388854980469,23.350000381469727,101.24
2013-05-28,,28.392759323120117,71.98938751220703,23.598966598510742,103.77
2013-05-29,,27.62540626525879,70.4321517944336,22.844524383544922,102.14
2013-05-30,,27.20500373840332,69.56501007080078,22.331501007080078,101.79
2013-05-31,,26.684524536132812,69.20667266845703,22.240968704223633,100.43
2013-06-03,,27.231704711914062,70.20282745361328,22.437124252319336,101.63
2013-06-04,,27.638742446899414,70.49662780761719,22.308868408203125,102.04
2013-06-05,,27.12493133544922,69.09918975830078,22.233417510986328,103.51
2013-06-06,,27.218351364135742,69.2855224609375,22.09762954711914,103.37
2013-06-07,,27.632061004638672,70.4321517944336,22.52765655517578,104.07
2013-06-10,,27.478588104248047,71.32797241210938,22.31640625,103.87
2013-06-11,,27.218351364135742,70.39633178710938,22.482389450073242,101.5
2013-06-12,,27.137723922729492,70.4034652709961,22.27869415283203,103.11
2013-06-13,,27.151166915893555,70.86214447021484,22.610647201538086,103.38
2013-06-14,,27.1041259765625,70.53248596191406,22.48993682861328,105.1
2013-06-17,,27.33257484436035,70.76181030273438,22.889789581298828,105.8
2013-06-18,,27.500551223754883,71.48564910888672,23.010496139526367,105.21
2013-06-19,,27.151166915893555,70.81196594238281,22.27869415283203,105.56
2013-06-20,,26.291139602661133,69.36437225341797,21.380908966064453,102.72
2013-06-21,,26.71442985534668,69.67969512939453,21.765670776367188,100.36
2013-06-24,,26.55990219116211,69.72265625,21.60724449157715,99.8
2013-06-25,,26.687551498413086,69.88753509521484,21.592151641845703,101.51
2013-06-26,,27.097412109375,70.83344268798828,21.765670776367188,100.62
2013-06-27,,27.050376892089844,71.41394805908203,22.091543197631836,102.74
2013-06-28,,26.94959831237793,70.9481430053711,21.621675491333008,102.49
2013-07-01,,27.184762954711914,71.53578186035156,22.015766143798828,103.19
2013-07-02,,27.124284744262695,71.61463165283203,21.811141967773438,103.96
2013-07-03,,27.204917907714844,71.91563415527344,21.659574508666992,106.12
2013-07-05,,27.225072860717773,71.56446075439453,21.811141967773438,107.46
2013-07-08,,27.23850440979004,71.57878112792969,21.788410186767578,107.75
2013-07-09,,27.433361053466797,71.65763092041016,22.008182525634766,107.9
2013-07-10,,27.33257484436035,71.65044403076172,22.091543197631836,108.43
2013-07-11,,27.56773567199707,72.23094177246094,22.864564895629883,108.18
2013-07-12,,27.56773567199707,72.7970962524414,23.00855255126953,109.03
2013-07-15,,27.554306030273438,72.2022705078125,22.872142791748047,109.05
2013-07-16,,27.030221939086914,72.29544830322266,22.63720703125,109.29
2013-07-17,,27.440080642700195,71.7364501953125,23.11465072631836,109.67
2013-07-18,,27.419921875,71.79376983642578,23.175283432006836,109.71
2013-07-19,,27.608043670654297,71.85829162597656,23.258647918701172,109.34
2013-07-22,,27.440080642700195,69.93051147460938,23.26622772216797,108.82
2013-07-23,,27.520700454711914,69.34284210205078,23.55421257019043,109.27
2013-07-24,,27.453521728515625,69.27117919921875,23.342008590698242,108.23
2013-07-25,,27.440080642700195,69.86599731445312,23.599685668945312,108.1
2013-07-26,,27.305707931518555,70.25296783447266,23.93313980102539,107.57
2013-07-29,,27.06380844116211,70.13834381103516,23.95587730407715,108.1
2013-07-30,,27.090700149536133,70.49662780761719,23.531476974487305,107.47
2013-07-31,,26.929445266723633,70.288818359375,23.698205947875977,107.89
2013-08-01,,27.2586669921875,70.9481430053711,24.03166961669922,109.94
2013-08-02,,27.023496627807617,71.09147644042969,24.20597267150879,109.63
2013-08-05,,27.070533752441406,71.1703109741211,24.077136993408203,109.81
2013-08-06,,27.124284744262695,70.72599792480469,24.145343780517578,108.77
2013-08-07,,26.976472854614258,70.46796417236328,23.690631866455078,108.39
2013-08-08,,27.010059356689453,70.26013946533203,24.781940460205078,107.32
2013-08-09,,26.98319435119629,69.95913696289062,24.37270164489746,108.49
2013-08-12,,26.761474609375,69.54351043701172,24.160497665405273,109.28
2013-08-13,,26.640527725219727,69.12069702148438,24.312076568603516,110.69
2013-08-14,,26.55990219116211,68.87702941894531,23.94830322265625,110.26
2013-08-15,,26.264263153076172,68.36105346679688,23.622426986694336,111.58
2013-08-16,,26.237390518188477,68.10303497314453,23.463272094726562,111.82
2013-08-19,,26.055980682373047,68.42555236816406,23.23591423034668,111.41
2013-08-20,,25.96863555908203,68.43987274169922,23.30412483215332,110.74
2013-08-21,,25.720033645629883,68.16036987304688,23.12981605529785,110.82
2013-08-22,,25.740182876586914,68.41119384765625,23.56937026977539,110.51
2013-08-23,,25.881277084350586,68.17471313476562,23.736099243164062,112.12
2013-08-26,,25.61252212524414,68.30370330810547,23.273805618286133,112.23
2013-08-27,,25.632692337036133,67.96688079833984,23.26622772216797,115.21
2013-08-28,,25.767061233520508,68.85551452636719,23.15255355834961,116.27
2013-08-29,,25.599096298217773,68.53044128417969,23.26622772216797,116.91
2013-08-30,,25.65284538269043,68.1692123413086,23.243492126464844,115.97
2013-09-03,,25.4647159576416,68.28477478027344,23.334442138671875,115.49
2013-09-04,,25.89471435546875,68.74715423583984,23.402639389038086,115.65
2013-09-05,,25.693157196044922,69.10839080810547,23.29654312133789,115.81
2013-09-06,,25.767061233520508,69.54183197021484,23.448118209838867,117.15
2013-09-09,,25.881277084350586,69.6791000366211,23.576946258544922,115.2
2013-09-10,,25.955202102661133,69.99699401855469,23.523902893066406,112.1
2013-09-11,,26.055980682373047,70.4087905883789,23.7133731842041,112.37
2013-09-12,,26.015371322631836,70.20648193359375,23.698205947875977,113.11
2013-09-13,,26.184555053710938,70.32928466796875,23.910409927368164,113.31
2013-09-16,,26.299619674682617,70.58939361572266,24.145343780517578,110.86
2013-09-17,,26.25224494934082,70.74110412597656,24.236286163330078,109.05
2013-09-18,,26.793670654296875,71.3045883178711,24.804677963256836,109.09
2013-09-19,,26.60417366027832,70.74110412597656,24.963830947875977,110.66
2013-09-20,,26.665082931518555,70.00418090820312,24.478797912597656,110.22
2013-09-23,,26.143966674804688,70.27871704101562,24.21355438232422,108.56
2013-09-24,,26.076282501220703,70.63993835449219,24.289339065551758,107.68
2013-09-25,,25.940927505493164,70.52434539794922,24.32723045349121,109.46
2013-09-26,,26.218408584594727,70.93614959716797,24.33484649658203,108.86
2013-09-27,,25.988306045532227,70.16312408447266,24.2054386138916,109.45
2013-09-30,,25.63638687133789,69.50574493408203,23.91619873046875,107.85
2013-10-01,,25.683746337890625,69.44790649414062,23.482324600219727,107.32
2013-10-02,,25.331829071044922,68.8338623046875,23.330087661743164,109.09
2013-10-03,,25.14909553527832,68.39315795898438,23.246356964111328,109.49
2013-10-04,,25.176166534423828,68.4148178100586,23.489933013916016,109.42
2013-10-07,,25.074649810791016,68.1692123413086,23.41381072998047,109.66
2013-10-08,,25.230314254760742,67.86576080322266,23.36052894592285,110.56
2013-10-09,,25.094953536987305,67.38175201416016,23.29963493347168,109.02
2013-10-10,,25.56869888305664,68.22699737548828,23.748737335205078,111.63
2013-10-11,,25.56192398071289,68.4437255859375,23.482324600219727,110.65
2013-10-14,,25.65668296813965,68.42927551269531,23.352924346923828,110.13
2013-10-15,,25.487491607666016,67.76466369628906,23.261579513549805,110.67
2013-10-16,,25.71759033203125,68.79049682617188,23.931411743164062,110.79
2013-10-17,,26.089818954467773,68.97110748291016,24.578418731689453,109.55
2013-10-18,,26.2454776763916,68.77603912353516,24.70020866394043,109.4
2013-10-21,,26.27254867553711,68.33534240722656,24.730655670166016,109.47
2013-10-22,,26.45527458190918,68.7182846069336,25.316761016845703,109.57
2013-10-23,,26.45527458190918,68.06085968017578,25.20258331298828,107.74
2013-10-24,,26.259008407592773,68.400390625,25.309146881103516,106.63
2013-10-25,,26.414663314819336,68.47262573242188,25.484214782714844,105.7
2013-10-28,,26.807205200195312,68.89885711669922,25.5527286529541,108.29
2013-10-29,,26.935787200927734,69.39013671875,25.803916931152344,108.04
2013-10-30,,26.813968658447266,69.37568664550781,25.758243560791016,108.41
2013-10-31,,26.780136108398438,69.72966766357422,25.613628387451172,107.53
2013-11-01,,26.807205200195312,70.24981689453125,25.567943572998047,105.78
2013-11-04,,26.73952865600586,70.30039978027344,25.58317756652832,104.85
2013-11-05,,26.732763290405273,70.37266540527344,25.45377540588379,105.01
2013-11-06,,27.10497283935547,70.72663879394531,25.45377540588379,105.46
2013-11-07,,26.956104278564453,70.22093200683594,24.426179885864258,103.08
2013-11-08,,27.10497283935547,70.08367919921875,24.87527847290039,104.29
2013-11-11,,26.983154296875,70.14144897460938,24.639307022094727,105.76
2013-11-12,,26.98993492126465,70.55323791503906,24.684986114501953,106.29
2013-11-13,,27.15235710144043,70.87835693359375,25.354822158813477,106.9
2013-11-14,,27.21327018737793,70.48099517822266,26.00182342529297,108.29
2013-11-15,,27.22003173828125,70.01863098144531,25.9180965423584,108.25
2013-11-18,,27.186208724975586,70.5460205078125,25.849592208862305,108.8
2013-11-19,,27.165895462036133,70.784423828125,25.666902542114258,108.29
2013-11-20,,27.11176872253418,70.466552734375,25.491830825805664,108.27
2013-11-21,,27.362157821655273,70.58212280273438,25.765859603881836,109.9
2013-11-22,,27.362157821655273,70.99393463134766,25.796302795410156,111.36
2013-11-25,,27.32155418395996,71.4635238647461,25.58317756652832,110.83
2013-11-26,,27.240345001220703,70.94337463378906,25.796302795410156,112.04
2013-11-27,,27.390268325805664,70.70298767089844,25.864803314208984,111.32
2013-11-29,,27.390268325805664,70.9288101196289,25.522274017333984,111.07
2013-12-02,,27.31532096862793,70.3023452758789,25.45377540588379,111.49
2013-12-03,,27.499319076538086,70.2076187133789,25.803916931152344,113.06
2013-12-04,,27.512950897216797,69.7195816040039,26.08554458618164,113.27
2013-12-05,,27.14493751525879,69.515625,26.184505462646484,112.07
2013-12-06,,27.574289321899414,70.51358032226562,26.709714889526367,111.5
2013-12-09,,27.53339958190918,69.72686767578125,26.405242919921875,110.07
2013-12-10,,27.15855598449707,69.515625,25.925703048706055,108.91
2013-12-11,,27.349380493164062,69.39179992675781,25.940927505493164,109.47
2013-12-12,,26.722389221191406,68.54679870605469,25.864803314208984,108.99
2013-12-13,,26.73600959777832,68.79444122314453,25.765859603881836,108.08
2013-12-16,,26.763273239135742,69.5301742553711,25.765859603881836,110.3
2013-12-17,,26.647417068481445,68.75074005126953,25.849592208862305,108.91
2013-12-18,,27.274417877197266,69.87985229492188,26.367189407348633,109.56
2013-12-19,,27.16536521911621,69.30435943603516,26.207334518432617,110.78
2013-12-20,,27.288043975830078,70.3023452758789,26.390018463134766,112.15
2013-12-23,,27.369829177856445,70.14935302734375,26.412858963012695,111.58
2013-12-24,,27.390268325805664,70.3241958618164,26.42807960510254,111.57
2013-12-26,,27.594738006591797,70.54271697998047,26.572711944580078,111.65
2013-12-27,,27.71058464050293,70.59374237060547,26.679706573486328,112.06
2013-12-30,,28.003637313842773,70.66655731201172,26.847827911376953,110.47
2013-12-31,,28.153581619262695,70.68113708496094,26.977758407592773,109.95
2014-01-02,,27.71058464050293,70.22950744628906,26.603271484375,107.94
2014-01-03,,27.574289321899414,70.3241958618164,26.557422637939453,106.57
2014-01-06,,27.444799423217773,69.821533203125,26.3892822265625,106.71
2014-01-07,,27.526582717895508,70.2076187133789,26.603271484375,107.01
2014-01-08,,27.21989631652832,69.50105285644531,26.610919952392578,107.42
2014-01-09,,27.076786041259766,69.53746795654297,27.023603439331055,107.49
2014-01-10,,27.349380493164062,69.7851333618164,27.359874725341797,106.44
2014-01-13,,26.940479278564453,69.07854461669922,26.901323318481445,108.02
2014-01-14,,27.049516677856445,69.36264038085938,27.05417251586914,107.12
2014-01-15,,27.097217559814453,69.53746795654297,27.283456802368164,108.09
2014-01-16,,27.06315040588379,69.97453308105469,27.283456802368164,107.46
2014-01-17,,26.770097732543945,69.1513900756836,26.939538955688477,108.45
2014-01-21,,27.206268310546875,69.2606430053711,26.328142166137695,109.17
2014-01-22,,27.19264030456543,69.114990234375,26.328142166137695,109.69
2014-01-23,,26.74283218383789,69.43547821044922,26.328142166137695,109.69
2014-01-24,,26.47022819519043,68.78716278076172,25.716760635375977,109.14
2014-01-27,,26.3952579498291,68.52491760253906,25.686187744140625,108.72
2014-01-28,,26.49066734313965,68.60506439208984,25.777889251708984,109.1
2014-01-29,,25.829599380493164,67.85477447509766,25.212352752685547,108.83
2014-01-30,,26.013607025146484,68.32826232910156,25.16649627685547,109.36
2014-01-31,,25.775070190429688,68.59776306152344,25.036575317382812,108.16
2014-02-03,,25.3525333404541,67.76005554199219,24.516891479492188,106.55
2014-02-04,,25.54336166381836,67.81106567382812,24.463390350341797,107.04
2014-02-05,,25.6319580078125,68.16798400878906,24.5245304107666,106.81
2014-02-06,,25.918184280395508,69.15868377685547,24.990726470947266,108.15
2014-02-07,,25.863670349121094,69.87255096435547,25.16649627685547,110.12
2014-02-10,,26.28621482849121,69.10041046142578,25.311708450317383,110.18
2014-02-11,,26.333925247192383,69.45005798339844,25.43398094177246,109.21
2014-02-12,,26.245323181152344,69.12228393554688,25.38048553466797,108.62
2014-02-13,,26.34073257446289,69.53746795654297,25.99186897277832,108.98
2014-02-14,,26.53155517578125,69.77056884765625,26.075942993164062,108.63
2014-02-18,,25.536542892456055,69.9454116821289,26.129446029663086,110.14
2014-02-19,,25.28437614440918,69.60302734375,26.182941436767578,110.37
2014-02-20,,25.42068099975586,69.74869537353516,26.35107421875,109.42
2014-02-21,,25.33890151977539,70.25865173339844,26.213510513305664,109.03
2014-02-24,,25.55698585510254,70.2950439453125,26.289939880371094,109.76
2014-02-25,,25.74099349975586,70.38245391845703,25.946025848388672,109.19
2014-02-26,,25.80914878845215,69.8506851196289,25.9231014251709,109.39
2014-02-27,,25.94545555114746,69.8506851196289,25.86960220336914,108.54
2014-02-28,,26.034046173095703,69.9021224975586,26.007171630859375,108.98
2014-03-03,,25.979520797729492,69.2923355102539,25.831390380859375,111.26
2014-03-04,,26.109018325805664,69.77723693847656,26.221162796020508,109.17
2014-03-05,,26.13627815246582,69.80662536621094,26.236434936523438,108.15
2014-03-06,,26.21807098388672,70.2180404663086,26.656770706176758,107.99
2014-03-07,,26.272581100463867,70.15926361083984,26.809621810913086,109.14
2014-03-10,,26.34073257446289,69.93885040283203,26.809621810913086,108.27
2014-03-11,,26.442956924438477,72.56890106201172,26.725557327270508,108.35
2014-03-12,,26.425792694091797,72.51748657226562,26.672048568725586,107.88
2014-03-13,,26.082332611083984,71.53304290771484,26.3892822265625,107.48
2014-03-14,,26.219696044921875,71.68734741210938,26.175281524658203,108.08
2014-03-17,,26.288414001464844,71.70201873779297,26.175281524658203,106.99
2014-03-18,,26.377702713012695,71.48895263671875,26.289939880371094,106.79
2014-03-19,,26.199106216430664,70.60005187988281,26.098875045776367,105.95
2014-03-20,,26.41205596923828,70.96739959716797,26.182941436767578,105.73
2014-03-21,,26.405183792114258,70.13722229003906,26.083587646484375,107.2
2014-03-24,,26.377702713012695,70.65879821777344,25.861955642700195,106.59
2014-03-25,,26.528831481933594,70.46046447753906,26.20586585998535,107.01
2014-03-26,,26.521963119506836,70.4090347290039,26.114164352416992,105.9
2014-03-27,,26.66621208190918,70.64411926269531,26.252290725708008,106.58
2014-03-28,,26.755516052246094,71.43753814697266,26.39809226989746,106.64
2014-03-31,,26.556304931640625,72.0179443359375,26.513202667236328,105.95
2014-04-01,,26.384580612182617,71.92242431640625,26.72039794921875,105.7
2014-04-02,,26.32962417602539,71.69465637207031,26.79713249206543,103.37
2014-04-03,,26.151025772094727,71.74610137939453,26.682025909423828,104.88
2014-04-04,,26.254064559936523,71.90037536621094,26.505525588989258,106.41
2014-04-07,,26.528831481933594,71.2685775756836,26.26763343811035,104.89
2014-04-08,,26.721172332763672,72.05467224121094,26.55156707763672,105.83
2014-04-09,,26.782991409301758,72.25299072265625,26.820158004760742,107.39
2014-04-10,,26.714292526245117,73.04641723632812,26.635976791381836,107.1
2014-04-11,,26.535688400268555,72.9435806274414,26.329029083251953,107.34
2014-04-14,,26.60439109802246,73.5459976196289,26.43645477294922,107.68
2014-04-15,,27.60042381286621,74.07495880126953,26.290651321411133,109.1
2014-04-16,,27.88205337524414,74.07495880126953,26.682025909423828,109.71
2014-04-17,,27.97136878967285,73.6488265991211,26.58994483947754,109.79
2014-04-21,,27.991966247558594,73.22274780273438,26.689687728881836,109.69
2014-04-22,,27.964487075805664,72.96564483642578,26.881540298461914,108.54
2014-04-23,,27.978227615356445,72.8260498046875,26.942935943603516,108.48
2014-04-24,,27.957618713378906,73.34764099121094,27.08875274658203,109.79
2014-04-25,,28.170570373535156,74.00151062011719,27.11943817138672,109.53
2014-04-28,,28.18430519104004,73.69291687011719,27.57986068725586,109.12
2014-04-29,,27.868324279785156,74.56717681884766,27.318952560424805,109.89
2014-04-30,,28.019445419311523,74.47900390625,27.357330322265625,108.63
2014-05-01,,28.012571334838867,74.17045593261719,27.34196662902832,108.63
2014-05-02,,28.12935447692871,74.51573944091797,27.226863861083984,109.48
2014-05-05,,27.99883270263672,74.30268096923828,27.326629638671875,109.48
2014-05-06,,27.813379287719727,74.16307830810547,27.027347564697266,108.3
2014-05-07,,28.10187530517578,74.90509796142578,29.237417221069336,108.17
2014-05-08,,27.978227615356445,74.89775848388672,28.999534606933594,108.19
2014-05-09,,28.074382781982422,75.61771392822266,29.129980087280273,108.26
2014-05-12,,28.0400447845459,75.56632232666016,28.846057891845703,108.37
2014-05-13,,28.2392635345459,76.05853271484375,29.04556655883789,108.78
2014-05-14,,28.088144302368164,75.69117736816406,28.85371971130371,109.87
2014-05-15,,27.83397102355957,75.30183410644531,28.577470779418945,109.74
2014-05-16,,28.088144302368164,75.77200317382812,28.78466796875,110.9
2014-05-19,,27.964487075805664,75.0006103515625,28.684890747070312,110.84
2014-05-20,,27.875194549560547,74.58921813964844,28.715591430664062,110.35
2014-05-21,,28.074382781982422,75.34589385986328,28.876745223999023,111.32
2014-05-22,,27.875194549560547,75.26508331298828,28.61583709716797,110.89
2014-05-23,,27.875194549560547,74.93449401855469,28.577470779418945,110.19
2014-05-27,,28.00570297241211,75.19898223876953,28.723268508911133,109.81
2014-05-28,,27.875194549560547,74.42022705078125,28.70024871826172,109.09
2014-05-29,,27.930145263671875,75.04972839355469,28.761634826660156,109.98
2014-05-30,,28.10187530517578,75.11637115478516,28.86907386779785,109.21
2014-06-02,,28.06753921508789,75.56072998046875,28.98418617248535,109.34
2014-06-03,,28.081266403198242,75.13118743896484,29.09929084777832,108.87
2014-06-04,,28.019445419311523,75.86434173583984,29.283470153808594,109.07
2014-06-05,,28.088144302368164,75.87174987792969,29.337175369262695,108.43
2014-06-06,,28.15683364868164,75.5088882446289,29.337175369262695,109.21
2014-06-09,,28.10187530517578,75.07933807373047,29.21439552307129,110.55
2014-06-10,,28.211780548095703,74.70906066894531,28.968835830688477,109.18
2014-06-11,,28.06753921508789,74.36837768554688,28.85371971130371,109.83
2014-06-12,,27.974098205566406,73.87962341308594,28.631183624267578,112.18
2014-06-13,,27.939491271972656,74.42021179199219,28.738615036010742,113.15
2014-06-16,,28.14020347595215,74.8719711303711,28.585140228271484,113.42
2014-06-17,,28.32014274597168,74.99786376953125,28.677227020263672,114.02
2014-06-18,,28.763071060180664,75.0571060180664,28.823036193847656,114.25
2014-06-19,,28.922250747680664,75.47184753417969,28.776987075805664,115.19
2014-06-20,,28.853036880493164,75.47925567626953,28.76931381225586,114.55
2014-06-23,,28.880733489990234,75.47184753417969,28.569795608520508,113.62
2014-06-24,,28.963777542114258,75.1459732055664,28.5007381439209,113.74
2014-06-25,,29.039905548095703,75.2496566772461,28.47770881652832,112.84
2014-06-26,,29.088361740112305,75.17560577392578,28.986095428466797,112.61
2014-06-27,,29.199085235595703,75.1385726928711,28.73190689086914,112.62
2014-06-30,,29.316734313964844,74.60538482666016,28.97068977355957,111.03
2014-07-01,,29.268299102783203,74.79793548583984,29.170969009399414,110.84
2014-07-02,,29.268299102783203,74.44986724853516,29.201778411865234,110.18
2014-07-03,,29.226770401000977,74.78311157226562,29.247987747192383,108.98
2014-07-07,,29.164487838745117,74.18325805664062,29.23259925842285,108.7
2014-07-08,,29.026063919067383,74.12400817871094,29.332733154296875,107.65
2014-07-09,,29.032987594604492,74.84974670410156,29.278797149658203,106.84
2014-07-10,,29.24752426147461,74.48687744140625,29.26340675354004,106.2
2014-07-11,,29.046829223632812,74.33134460449219,29.59461784362793,105.77
2014-07-14,,29.330591201782227,74.4054183959961,29.702465057373047,104.73
2014-07-15,,29.13680648803711,74.27953338623047,29.34813690185547,104.73
2014-07-16,,29.150650024414062,73.51673126220703,29.378948211669922,105.41
2014-07-17,,29.081438064575195,72.85023498535156,29.26340675354004,106.04
2014-07-18,,29.365192413330078,73.30936431884766,29.64085578918457,106.03
2014-07-21,,29.344423294067383,72.24295043945312,29.479089736938477,105.71
2014-07-22,,28.507009506225586,71.29501342773438,29.663965225219727,106.48
2014-07-23,,28.2440242767334,70.6136703491211,29.494495391845703,106.85
2014-07-24,,28.35474967956543,70.6136703491211,29.509897232055664,105.78
2014-07-25,,28.375513076782227,70.88768768310547,29.40976333618164,106.89
2014-07-28,,28.1540470123291,70.93213653564453,29.44058609008789,106.7
2014-07-29,,27.92565155029297,70.96173095703125,29.278797149658203,106.98
2014-07-30,,27.420429229736328,71.05803680419922,28.47770881652832,106.47
2014-07-31,,27.192041397094727,70.02864837646484,27.745925903320312,104.94
2014-08-01,,27.192041397094727,69.83605194091797,27.984718322753906,103.45
2014-08-04,,27.268173217773438,69.8434829711914,28.0771541595459,103.63
2014-08-05,,27.11591911315918,69.1917953491211,27.699708938598633,102.82
2014-08-06,,27.6280517578125,69.2214126586914,27.46862030029297,104.17
2014-08-07,,27.233558654785156,69.10289764404297,27.014156341552734,104.02
2014-08-08,,27.30278205871582,69.28065490722656,27.329971313476562,103.36
2014-08-11,,27.385826110839844,69.26582336425781,27.545656204223633,103.47
2014-08-12,,27.46195411682129,69.2880630493164,27.47632598876953,101.68
2014-08-13,,27.64189910888672,69.5842514038086,27.576457977294922,102.27
2014-08-14,,27.807992935180664,69.36211395263672,27.499441146850586,101.15
2014-08-15,,28.292457580566406,69.45838165283203,27.561073303222656,101.13
2014-08-18,,28.61773109436035,69.7990493774414,27.76134490966797,99.37
2014-08-19,,28.55544662475586,69.94715118408203,27.861473083496094,99.74
2014-08-20,,28.548521041870117,69.75462341308594,27.884586334228516,99.92
2014-08-21,,28.659259796142578,70.00641632080078,27.853761672973633,100.28
2014-08-22,,28.458560943603516,69.94715118408203,27.614973068237305,100.09
2014-08-25,,28.659259796142578,69.93975830078125,27.846065521240234,100.49
2014-08-26,,28.79075813293457,69.69535827636719,27.78444480895996,100.5
2014-08-27,,28.79075813293457,70.09526062011719,27.915401458740234,100.4
2014-08-28,,28.8115234375,70.31936645507812,27.953903198242188,100.71
2014-08-29,,28.87380599975586,70.00565338134766,27.87687873840332,101.12
2014-09-02,,28.818439483642578,69.31843566894531,27.530244827270508,100.21
2014-09-03,,28.915334701538086,69.5724105834961,27.591873168945312,100.88
2014-09-04,,28.97762680053711,69.47530364990234,27.34537696838379,101.21
2014-09-05,,28.956871032714844,69.52010345458984,27.49173355102539,99.51
2014-09-08,,28.915334701538086,69.09435272216797,27.20673179626465,99.53
2014-09-09,,29.026063919067383,68.04114532470703,27.36849594116211,98.08
2014-09-10,,29.185239791870117,69.46782684326172,27.42240333557129,96.26
2014-09-11,,29.244497299194336,69.43795013427734,27.537946701049805,96.42
2014-09-12,,28.902910232543945,69.72178649902344,27.20673179626465,96.31
2014-09-15,,28.93079376220703,69.81887817382812,27.291454315185547,96.43
2014-09-16,,29.028390884399414,70.02806091308594,27.376197814941406,97.39
2014-09-17,,29.007482528686523,69.86370849609375,27.28375244140625,97.7
2014-09-18,,29.13296127319336,69.82637023925781,27.584178924560547,96.82
2014-09-19,,29.314220428466797,70.48369598388672,27.47632598876953,96.75
2014-09-22,,29.43272590637207,70.16252136230469,26.983333587646484,95.37
2014-09-23,,29.202680587768555,69.84880065917969,26.675233840942383,94.87
2014-09-24,,29.467588424682617,70.96173858642578,27.168201446533203,94.53
2014-09-25,,29.125988006591797,70.33431243896484,26.759952545166016,95.2
2014-09-26,,29.418792724609375,70.73766326904297,26.651641845703125,95.08
2014-09-29,,29.453632354736328,71.87306213378906,26.458240509033203,95.7
2014-09-30,,29.73944854736328,70.8198471069336,26.512392044067383,94.67
2014-10-01,,29.79524040222168,70.35672760009766,26.110103607177734,94.57
2014-10-02,,29.73944854736328,70.30442810058594,26.179729461669922,91.29
2014-10-03,,29.976486206054688,70.8572006225586,26.496919631958008,90.8
2014-10-06,,30.39475440979004,70.09526062011719,26.628437042236328,90.65
2014-10-07,,30.617843627929688,69.32591247558594,26.241615295410156,90.9
2014-10-08,,31.057037353515625,70.08782196044922,26.6052303314209,90.25
2014-10-09,,30.582988739013672,69.2586898803711,26.03274154663086,90.47
2014-10-10,,31.00126838684082,68.94498443603516,25.90895652770996,88.66
2014-10-13,,30.722412109375,67.772216796875,25.514408111572266,87.82
2014-10-14,,30.42264747619629,68.048583984375,25.375150680541992,86.36
2014-10-15,,30.136825561523438,67.55561065673828,25.274581909179688,84.02
2014-10-16,,29.669754028320312,67.1596908569336,24.833608627319336,84.02
2014-10-17,,29.8928279876709,68.00379180908203,25.23589324951172,85.27
2014-10-20,,30.178647994995117,68.41461181640625,25.483463287353516,84.42
2014-10-21,,28.35915756225586,67.98136901855469,25.707807540893555,85.17
2014-10-22,,28.317317962646484,67.92906188964844,26.218416213989258,86.38
2014-10-23,,28.484643936157227,67.98883819580078,26.388612747192383,85.94
2014-10-24,,28.603145599365234,68.474365234375,26.589757919311523,86.0
2014-10-27,,28.414918899536133,68.72833251953125,26.868267059326172,85.64
2014-10-28,,28.27550506591797,69.16901397705078,27.301504135131836,85.57
2014-10-29,,28.55433464050293,69.26615905761719,27.022987365722656,86.91
2014-10-30,,28.861087799072266,69.75166320800781,27.200927734375,85.5
2014-10-31,,29.195707321166992,70.01309967041016,27.278295516967773,84.17
2014-11-03,,29.146913528442383,69.92350006103516,27.394332885742188,84.9
2014-11-04,,29.15387725830078,70.56587219238281,27.100351333618164,82.12
2014-11-05,,29.495466232299805,70.6928482055664,28.740453720092773,82.88
2014-11-06,,29.48152732849121,70.70783233642578,29.274269104003906,82.08
2014-11-07,,29.5024356842041,71.03643798828125,29.212360382080078,83.2
2014-11-10,,29.55123519897461,71.04391479492188,29.320676803588867,82.9
2014-11-11,,29.6348934173584,71.06636047363281,29.220115661621094,80.94
2014-11-12,,29.77432632446289,71.20826721191406,29.336156845092773,80.42
2014-11-13,,29.830080032348633,71.32030487060547,29.57598114013672,77.74
2014-11-14,,29.78825569152832,71.86558532714844,29.521814346313477,77.51
2014-11-17,,29.920717239379883,71.68632507324219,29.684276580810547,76.86
2014-11-18,,30.345964431762695,72.01499938964844,29.93958282470703,77.23
2014-11-19,,30.826984405517578,72.12702941894531,30.249040603637695,77.21
2014-11-20,,30.847900390625,72.18679809570312,30.117525100708008,77.61
2014-11-21,,31.022184371948242,72.2166519165039,30.17168426513672,79.2
2014-11-24,,30.861839294433594,72.58269500732422,30.1639404296875,79.62
2014-11-25,,30.973379135131836,72.45569610595703,29.986000061035156,77.62
2014-11-26,,31.089200973510742,72.50845336914062,30.17168426513672,77.39
2014-11-28,,31.468242645263672,72.95305633544922,30.326404571533203,71.89
2014-12-01,,31.271705627441406,72.17686462402344,30.156200408935547,70.87
2014-12-02,,31.264694213867188,71.67195129394531,30.086570739746094,71.13
2014-12-03,,30.74524688720703,71.96587371826172,29.91637420654297,70.13
2014-12-04,,30.534666061401367,72.08644104003906,29.71523666381836,68.48
2014-12-05,,30.555721282958984,72.57628631591797,29.78485870361328,68.0
2014-12-08,,30.28196907043457,69.78807067871094,29.58371353149414,65.64
2014-12-09,,29.509828567504883,68.84608459472656,29.83126449584961,66.11
2014-12-10,,29.200960159301758,67.82125091552734,29.483139038085938,63.32
2014-12-11,,29.151824951171875,68.55221557617188,29.49861717224121,63.65
2014-12-12,,28.716625213623047,68.28848266601562,28.802339553833008,61.67
2014-12-15,,28.47796058654785,66.66075897216797,28.369110107421875,61.09
2014-12-16,,28.351604461669922,66.85665893554688,27.866254806518555,60.26
2014-12-17,,29.165861129760742,69.06462097167969,27.850770950317383,59.84
2014-12-18,,29.7554988861084,70.58683013916016,28.299480438232422,58.81
2014-12-19,,29.44664192199707,70.24774169921875,28.85648536682129,58.87
2014-12-22,,29.727418899536133,70.75262451171875,29.011228561401367,58.31
2014-12-23,,30.16263198852539,71.00131225585938,29.073118209838867,59.07
2014-12-24,,30.141569137573242,70.70741271972656,29.111791610717773,58.67
2014-12-26,,30.155609130859375,71.42332458496094,29.212360382080078,58.72
2014-12-29,,30.085418701171875,71.61924743652344,29.002662658691406,57.86
2014-12-30,,30.015235900878906,71.02391815185547,28.754108428955078,55.6
2014-12-31,,29.636173248291016,70.60945892333984,28.21817398071289,55.27
2015-01-02,,29.580018997192383,70.27787017822266,28.575462341308594,55.38
2015-01-05,,29.580018997192383,69.501708984375,28.148265838623047,51.08
2015-01-06,,29.804637908935547,69.62983703613281,27.9540958404541,50.12
2015-01-07,,30.176685333251953,70.84307098388672,28.831783294677734,49.06
2015-01-08,,30.541677474975586,71.1068344116211,29.19683265686035,49.43
2015-01-09,,30.204748153686523,70.24019622802734,28.909456253051758,47.64
2015-01-12,,29.93099594116211,70.08949279785156,28.637592315673828,46.9
2015-01-13,,29.923967361450195,69.95384216308594,28.451181411743164,45.13
2015-01-14,,29.87483787536621,68.98172760009766,28.389049530029297,45.82
2015-01-15,,29.748485565185547,68.86116027832031,28.381288528442383,47.66
2015-01-16,,29.85378074645996,68.94405364990234,28.69196891784668,47.38
2015-01-20,,30.29598617553711,68.42411041259766,28.754108428955078,46.49
2015-01-21,,30.436382293701172,68.07743835449219,28.85508155822754,46.5
2015-01-22,,30.731218338012695,68.49193572998047,29.19683265686035,46.09
2015-01-23,,30.401302337646484,67.48967742919922,28.69196891784668,46.69
2015-01-26,,30.183691024780273,68.32613372802734,28.41234588623047,46.07
2015-01-27,,29.7554988861084,67.4972152709961,28.023983001708984,46.55
2015-01-28,,29.42557716369629,66.90190124511719,27.70553207397461,47.07
2015-01-29,,29.551942825317383,70.2854232788086,27.75990867614746,46.61
2015-01-30,,28.899120330810547,69.65995788574219,27.371559143066406,47.52
2015-02-02,,29.193944931030273,69.71269989013672,27.77544593811035,51.74
2015-02-03,,29.22202491760254,70.77523803710938,28.00846290588379,54.41
2015-02-04,,29.257118225097656,70.87320709228516,27.97739028930664,55.07
2015-02-05,,29.334333419799805,71.09174346923828,28.163803100585938,55.98
2015-02-06,,29.095678329467773,70.82798767089844,27.891950607299805,55.88
2015-02-09,,28.94124412536621,69.87094116210938,27.73659324645996,57.0
2015-02-10,,29.762521743774414,70.8505630493164,27.81427764892578,55.79
2015-02-11,,29.741466522216797,70.99378967285156,28.536619186401367,53.48
2015-02-12,,29.60106658935547,71.65690612792969,28.723033905029297,56.23
2015-02-13,,29.474721908569336,72.07891845703125,28.56769561767578,60.33
2015-02-17,,29.3483829498291,71.09925842285156,28.85508155822754,60.78
2015-02-18,,29.292217254638672,71.27259826660156,28.69196891784668,60.72
2015-02-19,,29.558956146240234,70.97869110107422,28.730802536010742,58.78
2015-02-20,,29.46068572998047,70.97869110107422,28.715269088745117,60.99
2015-02-23,,29.376453399658203,71.06912231445312,28.730802536010742,59.78
2015-02-24,,29.572994232177734,71.57401275634766,28.7463321685791,60.33
2015-02-25,,29.516845703125,74.34716796875,28.474489212036133,59.77
2015-02-26,,29.804637908935547,75.63935852050781,28.521080017089844,61.39
2015-02-27,,30.394277572631836,75.17570495605469,28.69196891784668,61.89
2015-03-02,,30.32408332824707,76.01182556152344,28.653133392333984,60.75
2015-03-03,,30.148609161376953,75.81416320800781,28.458951950073242,61.18
2015-03-04,,29.832712173461914,76.20185089111328,28.30361557006836,59.18
2015-03-05,,29.762521743774414,75.33531951904297,28.35798454284668,60.33
2015-03-06,,29.14480209350586,73.83029174804688,27.356008529663086,59.15
2015-03-09,,29.053558349609375,74.27113342285156,27.511356353759766,58.67
2015-03-10,,28.562185287475586,73.1917724609375,26.79677963256836,55.95
2015-03-11,,28.148048400878906,72.18082427978516,26.67250633239746,56.46
2015-03-12,,28.714265823364258,73.16136169433594,27.185142517089844,56.66
2015-03-13,,28.24713897705078,73.2374038696289,26.804536819458008,54.8
2015-03-16,,28.516088485717773,73.84550476074219,26.959882736206055,52.0
2015-03-17,,28.671789169311523,73.10054779052734,26.68804359436035,52.17
2015-03-18,,28.7354793548584,73.7314682006836,27.20067024230957,52.59
2015-03-19,,28.32499122619629,72.95613861083984,26.921058654785156,52.96
2015-03-20,,28.7708797454834,73.76944732666016,26.983186721801758,53.88
2015-03-23,,28.749645233154297,74.9628677368164,27.41815948486328,53.82
2015-03-24,,28.643491744995117,75.52534484863281,27.192899703979492,53.61
2015-03-25,,28.62932777404785,74.59800720214844,27.81427764892578,54.18
2015-03-26,,28.558555603027344,74.21796417236328,27.247283935546875,57.02
2015-03-27,,28.367450714111328,73.70105743408203,27.730913162231445,56.44
2015-03-30,,28.671789169311523,74.40034484863281,28.47195816040039,53.99
2015-03-31,,28.700111389160156,74.06591796875,28.152137756347656,53.69
2015-04-01,,28.792125701904297,73.1917724609375,28.31595802307129,55.73
2015-04-02,,28.792125701904297,72.84212493896484,28.5733642578125,55.73
2015-04-06,,29.138917922973633,73.18418884277344,28.861980438232422,55.73
2015-04-07,,29.02568817138672,73.2374038696289,28.861980438232422,57.55
2015-04-08,,28.940757751464844,73.61741638183594,29.166200637817383,56.42
2015-04-09,,29.053979873657227,73.38939666748047,29.158403396606445,56.04
2015-04-10,,28.93367576599121,74.33955383300781,29.174007415771484,56.82
2015-04-13,,28.806270599365234,74.06591796875,29.05699920654297,57.14
2015-04-14,,28.671789169311523,74.17233276367188,29.228609085083008,57.69
2015-04-15,,28.593942642211914,73.3058090209961,29.291011810302734,59.32
2015-04-16,,28.7354793548584,72.69011688232422,29.103809356689453,60.13
2015-04-17,,28.523160934448242,72.12002563476562,28.838571548461914,61.31
2015-04-20,,28.777963638305664,73.10814666748047,28.85417938232422,61.2
2015-04-21,,28.86288833618164,72.1124267578125,28.495357513427734,60.12
2015-04-22,,29.23801040649414,74.36996459960938,28.72938346862793,60.12
2015-04-23,,28.983219146728516,73.7314682006836,28.71378517150879,62.66
2015-04-24,,28.940757751464844,75.05406951904297,28.721574783325195,62.96
2015-04-27,,28.898279190063477,73.3058090209961,28.705965042114258,62.86
2015-04-28,,28.855815887451172,73.60224914550781,28.705965042114258,62.61
2015-04-29,,28.65764808654785,73.74664306640625,30.188068389892578,63.97
2015-04-30,,28.707191467285156,73.38939666748047,29.930648803710938,63.9
2015-05-01,,28.954906463623047,74.33955383300781,30.149080276489258,64.13
2015-05-04,,28.990276336669922,73.07012939453125,30.125667572021484,64.62
2015-05-05,,28.841659545898438,73.07012939453125,29.89164161682129,65.44
2015-05-06,,28.777963638305664,73.26780700683594,29.993061065673828,66.22
2015-05-07,,28.806270599365234,73.5642318725586,30.40648651123047,64.93
2015-05-08,,29.00444984436035,74.66639709472656,30.76531982421875,63.82
2015-05-11,,28.976125717163086,74.11911010742188,30.67949676513672,62.82
2015-05-12,,28.79918670654297,74.45357513427734,30.66391372680664,65.09
2015-05-13,,29.053979873657227,73.99751281738281,30.66391372680664,66.33
2015-05-14,,29.37248992919922,74.27113342285156,31.24114990234375,65.58
2015-05-15,,29.386640548706055,74.52198028564453,31.553180694580078,64.69
2015-05-18,,29.245086669921875,74.50679016113281,31.202138900756836,65.15
2015-05-19,,29.23801040649414,76.52871704101562,31.397146224975586,63.48
2015-05-20,,29.26631736755371,76.09542846679688,31.716983795166016,63.52
2015-05-21,,29.18138885498047,75.46453857421875,31.4439697265625,64.7
2015-05-22,,29.1672306060791,75.24407958984375,31.334754943847656,64.7
2015-05-26,,29.011531829833984,74.84123992919922,31.155330657958984,61.65
2015-05-27,,29.103540420532227,74.99325561523438,31.311357498168945,61.35
2015-05-28,,29.117687225341797,73.97351837158203,31.56875991821289,60.12
2015-05-29,,28.990276336669922,73.55181121826172,32.44244384765625,63.16
2015-06-01,,28.976125717163086,73.77416229248047,31.74037742614746,62.87
2015-06-02,,29.011531829833984,73.82782745361328,31.826189041137695,63.14
2015-06-03,,28.92658042907715,74.00418090820312,32.005592346191406,62.78
2015-06-04,,28.728412628173828,73.84317779541016,31.52975845336914,60.34
2015-06-05,,28.38161277770996,73.25279235839844,31.21775245666504,60.36
2015-06-08,,28.42407989501953,73.0841064453125,31.24114990234375,61.33
2015-06-09,,28.452383041381836,72.6317367553711,31.373762130737305,63.23
2015-06-10,,28.544403076171875,73.06877899169922,31.49075698852539,64.68
2015-06-11,,28.615753173828125,73.29109954833984,31.482967376708984,63.76
2015-06-12,,28.51585578918457,72.88475799560547,31.56875991821289,63.19
2015-06-15,,28.251815795898438,72.30204772949219,31.28794288635254,60.99
2015-06-16,,28.601491928100586,72.55506134033203,31.77939796447754,60.75
2015-06-17,,28.737079620361328,73.00743103027344,31.818397521972656,60.75
2015-06-18,,29.008241653442383,73.7358169555664,31.865188598632812,61.37
2015-06-19,,28.829832077026367,73.66681671142578,32.01339340209961,59.41
2015-06-22,,28.886930465698242,74.27252960205078,32.02119445800781,60.54
2015-06-23,,28.815570831298828,74.51023864746094,32.06019973754883,61.67
2015-06-24,,28.67997932434082,74.09618377685547,32.04460906982422,61.63
2015-06-25,,28.558671951293945,73.44447326660156,32.04460906982422,60.24
2015-06-26,,28.544401168823242,74.59456634521484,32.18552017211914,60.14
2015-06-29,,28.116230010986328,73.1761245727539,31.974136352539062,59.03
2015-06-30,,27.994916915893555,72.89242553710938,32.209014892578125,60.31
2015-07-01,,28.187599182128906,73.42149353027344,32.57698059082031,61.65
2015-07-02,,28.180448532104492,73.7358169555664,32.53000259399414,61.73
2015-07-06,45.20247268676758,28.130502700805664,73.33714294433594,32.30295944213867,57.19
2015-07-07,46.237144470214844,28.722789764404297,74.12686157226562,32.71006774902344,54.72
2015-07-08,46.71419906616211,28.44449234008789,73.48280334472656,32.42039489746094,55.7
2015-07-09,46.34246063232422,28.48729705810547,73.98118591308594,32.29513168334961,57.83
2015-07-10,47.89753341674805,28.822704315185547,74.87057495117188,32.42039489746094,57.72
2015-07-13,48.8392333984375,29.015378952026367,75.46862030029297,32.56916046142578,57.63
2015-07-14,48.32502365112305,29.379314422607422,75.73695373535156,32.78837966918945,57.2
2015-07-15,47.52580261230469,29.35077667236328,75.95931243896484,32.3656005859375,57.34
2015-07-16,48.789676666259766,29.600543975830078,75.03160095214844,32.85884475708008,57.31
2015-07-17,49.33489227294922,29.436403274536133,74.75557708740234,32.79621124267578,56.38
2015-07-20,49.63227462768555,29.529178619384766,74.74788665771484,32.73356246948242,56.42
2015-07-21,49.700439453125,29.393592834472656,74.61754608154297,32.93712615966797,55.94
2015-07-22,48.72153091430664,29.18665313720703,74.81690216064453,33.07804870605469,56.36
2015-07-23,47.8792610168457,29.14382553100586,74.4411849975586,32.97627639770508,55.76
2015-07-24,47.67335510253906,28.858383178710938,73.68212890625,32.90580749511719,54.29
2015-07-27,48.27855682373047,28.92974281311035,73.63614654541016,32.90580749511719,54.07
2015-07-28,48.86503601074219,28.93688201904297,74.625244140625,33.5086555480957,54.3
2015-07-29,48.6092414855957,28.96543312072754,75.2999267578125,33.74352264404297,54.73
2015-07-30,49.42033004760742,28.944026947021484,76.03599548339844,35.44245147705078,54.29
2015-07-31,49.5825309753418,29.31510353088379,76.5650405883789,35.332828521728516,53.29
2015-08-03,50.144073486328125,29.643356323242188,76.22769165039062,35.61470031738281,49.49
2015-08-04,49.7946662902832,29.864572525024414,76.01298522949219,35.7007942199707,49.08
2015-08-05,50.212711334228516,30.0572566986084,76.51904296875,36.24101257324219,49.04
2015-08-06,49.76347732543945,29.914522171020508,76.17399597167969,36.64812469482422,47.8
2015-08-07,48.952396392822266,29.80748748779297,75.84429931640625,36.100093841552734,47.54
2015-08-10,49.17075729370117,29.74325942993164,76.20468139648438,36.334964752197266,48.3
2015-08-11,48.64665603637695,29.600543975830078,75.75997924804688,36.09226608276367,47.33
2015-08-12,47.84807205200195,29.44354248046875,75.35360717773438,36.42890548706055,48.29
2015-08-13,47.411312103271484,29.329370498657227,76.1893310546875,36.02180099487305,48.01
2015-08-14,47.679588317871094,29.436403274536133,76.11265563964844,36.397605895996094,47.79
2015-08-17,47.292789459228516,29.507768630981445,77.17840576171875,36.17054748535156,47.77
2015-08-18,46.91218566894531,29.472087860107422,77.25511932373047,36.131404876708984,47.0
2015-08-19,46.65638732910156,29.101016998291016,77.51575469970703,35.39546203613281,45.75
2015-08-20,46.32569122314453,28.93688201904297,76.48835754394531,34.44813919067383,45.63
2015-08-21,45.09035110473633,28.208986282348633,74.47188568115234,33.82181167602539,43.84
2015-08-24,44.216880798339844,27.388343811035156,71.2056655883789,32.85101318359375,41.59
2015-08-25,43.805076599121094,27.110036849975586,69.9328842163086,32.34210968017578,41.86
2015-08-26,46.11357498168945,27.638111114501953,72.95377349853516,33.038902282714844,41.76
2015-08-27,46.90595626831055,28.02346420288086,74.625244140625,33.477325439453125,44.46
2015-08-28,46.6002311706543,28.151914596557617,74.44731140136719,33.5086555480957,47.97
2015-09-01,43.748939514160156,27.652379989624023,72.29704284667969,32.107242584228516,48.8
2015-09-02,44.965572357177734,27.759428024291992,74.28490447998047,33.09370040893555,47.67
2015-09-03,45.02172088623047,27.94495964050293,74.2616958618164,33.85313415527344,50.41
2015-09-04,44.02969741821289,27.488248825073242,73.36444854736328,33.32859420776367,48.59
2015-09-08,46.213409423828125,27.759428024291992,74.8572769165039,33.61042785644531,48.88
2015-09-09,45.0279655456543,27.331260681152344,73.81307220458984,32.87449645996094,48.04
2015-09-10,45.02172088623047,27.41689109802246,73.6738510131836,33.17981719970703,47.77
2015-09-11,46.01998519897461,27.445690155029297,75.34456634521484,33.414703369140625,46.87
2015-09-14,46.51288604736328,27.42408561706543,75.00423431396484,33.10152816772461,45.87
2015-09-15,47.0369758605957,27.712007522583008,75.9478759765625,33.65740966796875,45.91
2015-09-16,47.64841842651367,28.179874420166016,76.33460235595703,33.69655990600586,49.35
2015-09-17,47.685855865478516,28.345422744750977,75.67713165283203,34.22894287109375,48.27
2015-09-18,47.06814956665039,28.057504653930664,75.06611633300781,33.54779052734375,47.28
2015-09-21,46.91841506958008,28.208662033081055,75.72356414794922,33.54779052734375,47.64
2015-09-22,46.36314010620117,27.920743942260742,75.18212127685547,32.87449645996094,46.69
2015-09-23,45.73922348022461,27.899145126342773,75.32135009765625,33.10152816772461,48.0
2015-09-24,45.49589538574219,28.179874420166016,75.25175476074219,32.984100341796875,47.06
2015-09-25,45.76418685913086,28.5181827545166,75.48377990722656,33.5086555480957,47.28
2015-09-28,43.667842864990234,28.453384399414062,74.22301483154297,32.59685134887695,46.04
2015-09-29,43.17491912841797,28.546972274780273,75.39868927001953,32.07807159423828,47.58
2015-09-30,44.03593826293945,28.87807273864746,76.21086120605469,32.911258697509766,47.29
2015-10-01,44.1919059753418,28.64773178100586,76.40423583984375,33.178497314453125,47.48
2015-10-02,44.55378341674805,29.072412490844727,77.18545532226562,34.23965835571289,46.55
2015-10-05,45.071632385253906,29.518693923950195,78.25282287597656,34.81346893310547,49.45
2015-10-06,45.21514129638672,29.482694625854492,78.81748962402344,34.50690460205078,51.34
2015-10-07,45.639408111572266,29.885784149169922,78.7169418334961,34.84490966796875,51.66
2015-10-08,46.43800735473633,30.216869354248047,79.629638671875,35.6152229309082,52.13
2015-10-09,46.41305160522461,30.245676040649414,79.48269653320312,35.37155532836914,52.08
2015-10-12,45.995025634765625,30.231287002563477,79.85395812988281,35.410850524902344,50.95
2015-10-13,45.78289794921875,29.979339599609375,79.96221923828125,35.24577331542969,48.94
2015-10-14,46.02622604370117,30.000944137573242,79.5290756225586,35.167179107666016,48.25
2015-10-15,46.930904388427734,30.173686981201172,80.1788101196289,35.35582733154297,47.87
2015-10-16,48.284793853759766,30.245676040649414,81.07604217529297,36.03968048095703,48.96
2015-10-19,47.91669464111328,30.224090576171875,80.82079315185547,36.48771667480469,47.51
2015-10-20,47.96036911010742,30.44001579284668,80.31804656982422,35.95321273803711,46.93
2015-10-21,48.07267761230469,30.368051528930664,79.31250762939453,35.72526550292969,46.72
2015-10-22,49.87578201293945,31.123821258544922,85.75558471679688,36.896453857421875,46.59
2015-10-23,48.65290832519531,30.79991340637207,87.08595275878906,36.574180603027344,46.3
2015-10-26,47.92292404174805,30.65595817565918,86.76883697509766,36.786407470703125,46.57
2015-10-27,48.14752197265625,30.670345306396484,86.3511734008789,36.629215240478516,45.54
2015-10-28,49.401615142822266,30.756731033325195,87.356689453125,36.472007751464844,47.6
2015-10-29,49.07093048095703,30.79991340637207,87.10919189453125,36.37767791748047,48.04
2015-10-30,48.64665603637695,30.483200073242188,86.822998046875,36.283348083496094,48.0
2015-11-02,48.833839416503906,30.40403938293457,86.71471405029297,36.503448486328125,47.91
2015-11-03,47.685855865478516,30.346445083618164,86.69151306152344,36.472007751464844,48.0
2015-11-04,47.305240631103516,30.209684371948242,86.93898010253906,36.063262939453125,46.96
2015-11-05,47.05569076538086,30.46881103515625,87.28707122802734,36.063262939453125,47.19
2015-11-06,44.92815017700195,30.202489852905273,87.64286804199219,35.2772216796875,46.09
2015-11-09,44.447715759277344,29.90018081665039,87.34895324707031,34.89207458496094,45.38
2015-11-10,44.9717903137207,30.06572723388672,87.57324981689453,35.04927444458008,46.44
2015-11-11,44.990516662597656,30.260072708129883,88.06053924560547,34.954959869384766,44.98
2015-11-12,44.59113693237305,29.92896270751953,86.71471405029297,34.30253982543945,44.98
2015-11-13,44.5093879699707,29.78501319885254,85.05944061279297,34.01172637939453,41.98
2015-11-16,45.06599807739258,30.202489852905273,85.90254211425781,34.63267135620117,40.28
2015-11-17,44.937068939208984,29.993755340576172,85.80973052978516,34.44401550292969,41.28
2015-11-18,45.65091323852539,30.432815551757812,87.03956604003906,34.96282196044922,41.45
2015-11-19,46.125736236572266,31.03024673461914,87.6351547241211,35.04140853881836,42.22
2015-11-20,46.32072830200195,30.540796279907227,88.10697174072266,34.54621124267578,42.49
2015-11-23,46.584842681884766,30.922273635864258,88.54010009765625,34.64840316772461,43.7
2015-11-24,46.83644485473633,31.2101993560791,88.39315032958984,34.569786071777344,44.38
2015-11-25,46.943355560302734,31.2101993560791,88.48595428466797,34.53049087524414,43.56
2015-11-27,46.92448425292969,31.297231674194336,89.0472183227539,34.9156494140625,43.07
2015-11-30,46.345882415771484,30.912818908691406,88.99267578125,34.318267822265625,43.73
2015-12-01,46.83644485473633,31.10865592956543,89.21873474121094,34.83705139160156,42.97
2015-12-02,45.93706130981445,31.021617889404297,88.64965057373047,34.4754638671875,41.92
2015-12-03,44.94335174560547,30.796770095825195,88.39241027832031,33.49293899536133,42.0
2015-12-04,45.42133331298828,31.39877700805664,90.58293914794922,34.97852325439453,41.44
2015-12-07,44.92448806762695,31.3335018157959,90.75443267822266,34.60909652709961,39.69
2015-12-08,44.987369537353516,31.1956844329834,90.8401870727539,34.58551025390625,39.44
2015-12-09,44.59113693237305,30.941829681396484,90.879150390625,34.31040573120117,39.04
2015-12-10,44.55341720581055,31.014360427856445,91.36248016357422,34.569786071777344,38.65
2015-12-11,43.83014678955078,30.658960342407227,90.48939514160156,33.587249755859375,36.99
2015-12-14,44.63832092285156,30.78951072692871,90.62971496582031,34.05101776123047,36.51
2015-12-15,45.28926467895508,31.239212036132812,91.1519775390625,34.60123825073242,37.66
2015-12-16,45.91820526123047,31.797700881958008,91.86138153076172,35.2536506652832,36.96
2015-12-17,45.232666015625,31.543840408325195,91.59634399414062,34.868499755859375,36.29
2015-12-18,44.446510314941406,30.825767517089844,90.94152069091797,34.03529739379883,36.76
2015-12-21,45.26130294799805,31.028871536254883,91.74444580078125,34.93136978149414,35.34
2015-12-22,46.244136810302734,31.39877700805664,91.76787567138672,35.14360809326172,35.26
2015-12-23,47.24600601196289,31.674402236938477,92.6097640991211,35.82744216918945,35.79
2015-12-24,46.89726257324219,31.58011245727539,92.43046569824219,35.64665985107422,37.22
2015-12-28,46.55485534667969,31.543840408325195,92.57077026367188,35.426578521728516,37.08
2015-12-29,47.360145568847656,31.703407287597656,93.59976959228516,36.09722900390625,36.85
2015-12-30,46.764095306396484,31.601869583129883,93.10084533691406,35.907867431640625,35.65
2015-12-31,46.1363525390625,31.159425735473633,92.0952377319336,35.37922668457031,36.61
2016-01-04,46.098304748535156,30.75325584411621,91.6587142944336,34.550785064697266,36.28
2016-01-05,46.535831451416016,30.862041473388672,92.92154693603516,34.834815979003906,35.56
2016-01-06,46.62459945678711,30.69523048400879,92.29792785644531,34.70856857299805,33.89
2016-01-07,45.591041564941406,30.18750762939453,90.16199493408203,32.814945220947266,33.57
2016-01-08,45.134483337402344,30.107723236083984,90.02166748046875,32.34154510498047,31.67
2016-01-11,45.82566452026367,30.15848731994629,90.96491241455078,32.885955810546875,30.14
2016-01-12,46.43436813354492,30.55017852783203,91.54956817626953,33.23313522338867,29.14
2016-01-13,44.89986038208008,30.354331970214844,89.74103546142578,32.025936126708984,28.58
2016-01-14,44.8554801940918,30.376094818115234,90.91035461425781,32.63347244262695,28.84
2016-01-15,43.878971099853516,30.10047149658203,89.78780364990234,31.805011749267578,28.8
2016-01-19,44.49405288696289,30.405094146728516,91.59634399414062,32.71236801147461,27.36
2016-01-20,45.12813949584961,30.013439178466797,90.25550079345703,32.08905792236328,26.01
2016-01-21,46.320228576660156,30.02067756652832,91.86138153076172,31.8207950592041,27.59
2016-01-22,47.1699104309082,30.506637573242188,92.29792785644531,32.82284164428711,30.46
2016-01-25,46.94163131713867,30.57916831970215,92.92154693603516,31.718215942382812,29.82
2016-01-26,48.17811965942383,30.52115249633789,93.88040161132812,32.62557601928711,30.94
2016-01-27,48.171775817871094,30.52840232849121,94.22338104248047,32.44411849975586,31.83
2016-01-28,48.292259216308594,30.876562118530273,95.40052795410156,32.78337860107422,33.01
2016-01-29,49.49701690673828,31.130414962768555,96.49186706542969,34.00634765625,33.14
2016-02-01,48.83123016357422,31.188440322875977,97.13890075683594,33.71442413330078,32.45
2016-02-02,48.171775817871094,30.782272338867188,96.62440490722656,33.09899139404297,30.98
2016-02-03,47.48695373535156,30.985353469848633,94.6911392211914,30.952890396118164,32.38
2016-02-04,47.01774215698242,30.84755516052246,94.05973052978516,29.99817657470703,32.76
2016-02-05,46.14902877807617,30.782272338867188,89.95928192138672,29.745697021484375,32.35
2016-02-08,45.15985107421875,30.93457794189453,90.46601104736328,28.672643661499023,31.64
2016-02-09,45.343746185302734,31.406036376953125,91.21436309814453,29.232833862304688,30.15
2016-02-10,45.72418975830078,30.862041473388672,91.62751770019531,30.006074905395508,29.64
2016-02-11,45.29935073852539,30.760501861572266,90.99609375,29.72991180419922,28.82
2016-02-12,45.60371398925781,31.26822280883789,91.93156433105469,30.061302185058594,31.8
2016-02-16,45.851009368896484,31.449546813964844,92.90599060058594,30.866090774536133,31.09
2016-02-17,47.074806213378906,31.543840408325195,92.48504638671875,31.41050910949707,33.21
2016-02-18,46.5738639831543,31.630870819091797,91.33908081054688,31.52886199951172,33.2
2016-02-19,46.618255615234375,31.746923446655273,90.8401870727539,31.41050910949707,31.66
2016-02-22,46.497779846191406,31.8702335357666,91.72885131835938,31.323720932006836,33.59
2016-02-23,46.174400329589844,31.688907623291016,91.12861633300781,31.615663528442383,31.9
2016-02-24,46.28219985961914,31.848464965820312,91.25334167480469,32.16006851196289,31.5
2016-02-25,47.53134536743164,32.02981185913086,92.27455139160156,32.807064056396484,32.83
2016-02-26,49.357521057128906,31.289979934692383,91.94462585449219,32.1048469543457,35.76
2016-02-29,48.837554931640625,31.2827205657959,92.04676055908203,31.978599548339844,35.92
2016-03-01,49.24338912963867,31.688907623291016,93.3505859375,32.609806060791016,35.73
2016-03-02,49.13558578491211,31.746923446655273,93.06000518798828,32.52301025390625,36.38
2016-03-03,49.059513092041016,31.884733200073242,91.65404510498047,33.043766021728516,35.75
2016-03-04,48.95170593261719,31.993534088134766,92.03890228271484,33.241024017333984,37.61
2016-03-07,48.507843017578125,31.921005249023438,92.01532745361328,32.92540740966797,39.02
2016-03-08,48.37469482421875,32.14584732055664,93.01287841796875,32.649253845214844,39.16
2016-03-09,48.59028625488281,32.50124740600586,93.97113037109375,33.09899139404297,40.26
2016-03-10,48.33030700683594,32.80588912963867,94.23817443847656,32.87807846069336,38.63
2016-03-11,48.79316329956055,33.039794921875,95.47135162353516,33.42247772216797,39.41
2016-03-14,49.18631362915039,33.10558319091797,96.53168487548828,33.32780838012695,38.06
2016-03-15,49.319480895996094,33.06903839111328,96.94793701171875,32.85438919067383,37.49
2016-03-16,49.84650421142578,32.93014907836914,97.0186538696289,32.91752624511719,38.38
2016-03-17,49.833717346191406,33.456451416015625,96.73587799072266,32.17584991455078,39.29
2016-03-18,49.38655471801758,33.33218002319336,97.45848846435547,32.144283294677734,39.26
2016-03-21,48.92658996582031,33.38335037231445,97.24642944335938,32.1048469543457,39.91
2016-03-22,48.83079528808594,33.25908660888672,97.2542724609375,31.48941421508789,40.54
2016-03-23,49.067138671875,33.2298469543457,97.54491424560547,31.51308822631836,38.84
2016-03-24,48.84356689453125,33.317569732666016,96.83799743652344,31.173810958862305,38.33
2016-03-28,49.67402267456055,33.47837829589844,96.74374389648438,31.118587493896484,38.33
2016-03-29,50.3383903503418,33.97542953491211,97.3720932006836,31.776275634765625,36.75
2016-03-30,50.40227508544922,34.048526763916016,98.83304595947266,32.06156539916992,36.75
2016-03-31,50.185081481933594,33.90965270996094,98.71524047851562,31.792131423950195,36.75
2016-04-01,50.517250061035156,34.23127746582031,99.7677230834961,32.679664611816406,36.42
2016-04-04,50.37031936645508,34.27512741088867,100.19970703125,32.663814544677734,36.05
2016-04-05,49.833717346191406,34.011962890625,100.05047607421875,32.51324462890625,35.88
2016-04-06,50.057315826416016,34.143550872802734,100.16045379638672,33.186805725097656,37.77
2016-04-07,49.507938385009766,33.88772201538086,100.6474380493164,32.901527404785156,37.15
2016-04-08,50.127586364746094,34.260498046875,100.50605773925781,33.535491943359375,40.71
2016-04-11,49.769840240478516,33.946197509765625,100.1918716430664,33.4086799621582,41.58
2016-04-12,50.03813552856445,34.099700927734375,100.23114013671875,33.59886169433594,43.02
2016-04-13,49.44404220581055,33.65381622314453,99.66563415527344,33.836585998535156,42.81
2016-04-14,49.29711151123047,33.500308990478516,100.15261840820312,33.4086799621582,43.02
2016-04-15,49.8592643737793,33.69766616821289,100.36466217041016,34.090171813964844,41.32
2016-04-18,50.04452896118164,33.78538131713867,101.20511627197266,34.272422790527344,41.64
2016-04-19,50.01897430419922,34.06314468383789,101.21295166015625,34.28034973144531,43.02
2016-04-20,49.776222229003906,32.43309783935547,100.9694595336914,34.20903396606445,43.09
2016-04-21,49.02243423461914,31.91411018371582,98.80162811279297,33.20266342163086,43.48
2016-04-22,49.891212463378906,32.557350158691406,98.57383728027344,33.43246841430664,43.97
2016-04-25,50.29366683959961,32.68162155151367,100.1133041381836,33.487937927246094,42.97
2016-04-26,50.274497985839844,32.550045013427734,100.3096694946289,33.6781120300293,43.94
2016-04-27,50.5300178527832,32.659698486328125,100.77310180664062,34.77166748046875,44.17
2016-04-28,50.057315826416016,32.62314987182617,100.47461700439453,34.375450134277344,45.6
2016-04-29,49.872047424316406,32.74740219116211,99.3514175415039,34.04262924194336,45.64
2016-05-02,50.798316955566406,32.87897872924805,100.69454193115234,35.112403869628906,45.82
2016-05-03,50.26171875,32.77664566040039,100.85164642333984,34.60524368286133,43.09
2016-05-04,51.092193603515625,32.87897872924805,101.58212280273438,34.60524368286133,43.08
2016-05-05,53.00222396850586,32.937461853027344,101.54283142089844,34.8033561706543,44.39
2016-05-06,53.660213470458984,33.127506256103516,102.56392669677734,34.8112907409668,44.6
2016-05-09,53.8262825012207,33.06903839111328,102.76029205322266,35.0886344909668,42.43
2016-05-10,55.027259826660156,33.44182205200195,103.36507415771484,35.69087600708008,44.01
2016-05-11,54.42677307128906,33.2298469543457,101.43285369873047,35.1837272644043,46.08
2016-05-12,55.155025482177734,33.500308990478516,102.20259857177734,35.540313720703125,46.43
2016-05-13,54.382057189941406,33.149444580078125,101.18938446044922,35.15202713012695,47.05
2016-05-16,54.85477828979492,33.34680938720703,101.82559204101562,35.27882766723633,48.49
2016-05-17,52.48478317260742,32.710853576660156,100.29398345947266,34.272422790527344,48.71
2016-05-18,51.85874938964844,32.51349639892578,99.13148498535156,34.26450729370117,48.93
2016-05-19,53.02139663696289,32.39653778076172,98.4089126586914,34.28828048706055,47.01
2016-05-20,52.6508903503418,32.1260871887207,96.2646255493164,34.35961151123047,48.54
2016-05-23,52.9000129699707,32.14070129394531,96.46097564697266,34.22488021850586,47.77
2016-05-24,53.80072784423828,32.43309783935547,97.35639953613281,34.98561477661133,48.42
2016-05-25,54.20274353027344,32.44040298461914,96.814453125,35.04108428955078,48.87
2016-05-26,53.90687561035156,32.66699981689453,97.23072814941406,35.14410400390625,49.52
2016-05-27,54.09339904785156,32.732791900634766,96.80658721923828,35.48484420776367,49.09
2016-05-31,53.508094787597656,32.6012077331543,95.87191009521484,35.255043029785156,49.26
2016-06-01,53.996917724609375,32.67430114746094,95.80120849609375,35.524471282958984,48.81
2016-06-02,54.5307731628418,32.688934326171875,95.87242126464844,35.71464538574219,49.05
2016-06-03,54.86524200439453,32.922828674316406,96.01483917236328,35.849365234375,48.5
2016-06-06,54.665855407714844,33.1640510559082,96.52914428710938,35.75425338745117,48.94
2016-06-07,54.51146697998047,33.127506256103516,96.44998931884766,35.92068862915039,49.76
2016-06-08,54.78807067871094,33.29562759399414,96.61617279052734,35.69880676269531,50.73
2016-06-09,55.07107162475586,33.44913864135742,97.15420532226562,35.83351516723633,50.59
2016-06-10,54.89097213745117,33.617271423339844,96.81397247314453,35.675025939941406,49.7
2016-06-13,54.640113830566406,33.23423767089844,97.31244659423828,35.0014533996582,49.36
2016-06-14,54.59508514404297,33.17531204223633,96.93265533447266,34.882591247558594,47.88
2016-06-15,54.569366455078125,33.15321350097656,96.72694396972656,34.73204803466797,47.47
2016-06-16,54.85236740112305,33.37419509887695,96.90099334716797,35.04901123046875,45.66
2016-06-17,54.5565071105957,32.99116516113281,96.74274444580078,34.8984375,46.57
2016-06-20,54.99388885498047,33.13113021850586,97.65267181396484,35.04901123046875,48.68
2016-06-21,55.11606979370117,33.241615295410156,97.027587890625,35.24712371826172,48.18
2016-06-22,54.80735397338867,33.0427360534668,95.43724060058594,35.00938415527344,48.43
2016-06-23,55.5534782409668,33.204776763916016,95.90406799316406,35.540313720703125,48.63
2016-06-24,53.855411529541016,32.357723236083984,94.50361633300781,33.495853424072266,46.69
2016-06-27,53.79109191894531,32.247215270996094,92.0191879272461,32.790584564208984,45.07
2016-06-28,54.52435302734375,32.541873931884766,93.75985717773438,33.29983139038086,46.29
2016-06-29,55.37981033325195,32.733367919921875,94.54316711425781,34.191009521484375,48.4
2016-06-30,56.9106330871582,33.38892364501953,95.21570587158203,36.21208953857422,48.05
2016-07-01,56.756256103515625,33.23423767089844,95.26317596435547,35.893802642822266,47.65
2016-07-05,57.07786560058594,33.462581634521484,95.54801940917969,35.72671890258789,45.64
2016-07-06,57.72105407714844,33.3447265625,95.44515228271484,35.96541976928711,45.7
2016-07-07,57.444480895996094,33.212135314941406,95.67460632324219,35.94154739379883,45.93
2016-07-08,57.791812896728516,33.425743103027344,95.98318481445312,36.681549072265625,44.53
2016-07-11,57.785377502441406,33.56570053100586,96.52914428710938,36.482608795166016,44.04
2016-07-12,56.473243713378906,33.573055267333984,96.72694396972656,36.38713455200195,46.72
2016-07-13,57.25795364379883,33.69091796875,97.17794036865234,36.283695220947266,44.67
2016-07-14,56.820587158203125,33.65407943725586,98.05619049072266,36.347347259521484,46.01
2016-07-15,57.15504837036133,33.609901428222656,97.80299377441406,36.116600036621094,46.25
2016-07-18,57.30942153930664,33.609901428222656,97.95333099365234,36.140472412109375,45.35
2016-07-19,57.225807189941406,33.609901428222656,100.0896224975586,36.267791748046875,45.7
2016-07-20,56.71123123168945,33.52149963378906,99.74149322509766,35.94154739379883,45.82
2016-07-21,56.37034606933594,33.4773063659668,100.62765502929688,35.94950485229492,44.99
2016-07-22,56.70480728149414,33.7572021484375,101.482177734375,35.909725189208984,44.24
2016-07-25,56.8656120300293,33.56570053100586,100.8017349243164,36.41100311279297,43.76
2016-07-26,55.99729537963867,33.05746078491211,96.2996597290039,36.005191802978516,43.56
2016-07-27,55.07749938964844,31.967329025268555,94.53524017333984,34.96284866333008,42.78
2016-07-28,55.289756774902344,32.151485443115234,94.48778533935547,35.153804779052734,41.87
2016-07-29,55.56633758544922,32.13676071166992,93.08731079101562,34.99467468261719,40.76
2016-08-01,55.29619216918945,32.004173278808594,93.3721694946289,34.596824645996094,40.17
2016-08-02,54.76877212524414,32.06308364868164,93.12687683105469,34.238765716552734,40.0
2016-08-03,54.607967376708984,32.14411926269531,92.98444366455078,34.294471740722656,40.45
2016-08-04,55.01963806152344,32.0483512878418,93.60160064697266,33.817047119140625,41.33
2016-08-05,57.11002731323242,32.0262565612793,94.32162475585938,34.42972946166992,42.47
2016-08-08,57.08430480957031,31.996793746948242,93.59371185302734,34.54909133911133,43.24
2016-08-09,57.74679183959961,32.018898010253906,93.60951232910156,34.628662109375,43.37
2016-08-10,57.47022247314453,32.12201690673828,93.99722290039062,34.5888671875,42.19
2016-08-11,57.52812957763672,32.22513198852539,94.45611572265625,34.326290130615234,44.23
2016-08-12,57.60527420043945,32.431365966796875,94.56689453125,34.350154876708984,45.12
2016-08-15,57.29656219482422,32.58604431152344,93.77568054199219,34.18305969238281,47.31
2016-08-16,57.21936798095703,32.28404998779297,93.3167724609375,33.97618103027344,48.27
2016-08-17,57.508811950683594,32.453460693359375,92.65215301513672,34.222843170166016,48.58
2016-08-18,57.733917236328125,32.482933044433594,92.67585754394531,34.39790344238281,49.46
2016-08-19,57.83685302734375,32.35034942626953,90.99849700927734,34.26264190673828,49.39
2016-08-22,57.869014739990234,32.2177734375,91.32288360595703,34.374027252197266,48.1
2016-08-23,57.54739761352539,32.29877853393555,91.14090728759766,34.381980895996094,48.7
2016-08-24,57.59920120239258,32.29877853393555,90.88772583007812,34.21488952636719,47.56
2016-08-25,57.56684494018555,32.16621017456055,91.330810546875,34.27854537963867,49.25
2016-08-26,57.09412384033203,31.908405303955078,90.54747009277344,34.26264190673828,49.66
2016-08-29,57.353145599365234,32.07046127319336,91.31497955322266,34.24671173095703,49.66
2016-08-30,56.96461868286133,31.8494815826416,91.9847640991211,35.59941482543945,47.94
2016-08-31,57.94886779785156,31.98942756652832,92.22399139404297,35.82218551635742,47.94
2016-09-01,57.9423942565918,31.930503845214844,92.01667022705078,34.970802307128906,45.05
2016-09-02,58.02658462524414,32.15883255004883,92.35954284667969,35.16177749633789,45.96
2016-09-06,58.11075973510742,32.254600524902344,93.49178314208984,35.344783782958984,46.21
2016-09-07,58.143150329589844,32.14411926269531,93.2286605834961,34.692298889160156,47.0
2016-09-08,57.75461196899414,32.13676071166992,92.63066101074219,34.72412872314453,49.23
2016-09-09,55.66952896118164,31.13500213623047,91.36283874511719,33.49080276489258,48.37
2016-09-12,57.346649169921875,31.812646865844727,92.4552001953125,34.65251541137695,47.82
2016-09-13,57.15888595581055,31.39678955078125,91.482421875,33.96821975708008,46.48
2016-09-14,56.776817321777344,31.27056121826172,91.84123992919922,33.84886932373047,45.65
2016-09-15,57.741661071777344,31.45621109008789,92.6067123413086,34.230796813964844,45.83
2016-09-16,57.59273147583008,31.29283905029297,91.92097473144531,34.143280029296875,45.26
2016-09-19,56.31706237792969,31.26313018798828,91.86515808105469,34.11145782470703,46.04
2016-09-20,56.41420364379883,31.441362380981445,92.85388946533203,34.08757781982422,45.24
2016-09-21,56.925758361816406,31.582443237304688,93.23663330078125,34.159183502197266,45.99
2016-09-22,57.663970947265625,31.90176773071289,93.57951354980469,34.5092887878418,47.21
2016-09-23,57.52151107788086,31.73838996887207,93.42799377441406,34.34219741821289,46.71
2016-09-26,57.32724380493164,31.226003646850586,92.91769409179688,33.99209976196289,46.61
2016-09-27,57.78050231933594,31.627010345458984,93.19678497314453,34.34219741821289,44.95
2016-09-28,57.987728118896484,31.300256729125977,91.84123992919922,34.68586349487305,45.49
2016-09-29,57.353145599365234,31.211151123046875,91.5302734375,34.47807312011719,48.43
2016-09-30,57.96182632446289,31.42650604248047,91.9847640991211,35.085472106933594,48.24
2016-10-03,57.68337631225586,31.211151123046875,91.4106674194336,34.98956298828125,48.61
2016-10-04,56.99698257446289,31.070056915283203,90.50164794921875,34.49405288696289,48.81
2016-10-05,56.582576751708984,31.047780990600586,90.42990112304688,34.390159606933594,49.57
2016-10-06,56.653785705566406,30.9735164642334,90.83654022216797,34.37417221069336,50.14
2016-10-07,56.595516204833984,30.988378524780273,90.46177673339844,34.1184196472168,50.49
2016-10-10,57.30780792236328,30.988378524780273,91.46648406982422,34.39813995361328,51.54
2016-10-11,56.491878509521484,30.84728240966797,90.64517974853516,33.83069610595703,50.48
2016-10-12,56.42715835571289,31.02550506591797,91.46648406982422,33.89463806152344,49.53
2016-10-13,56.36886215209961,31.01065444946289,92.02465057373047,33.46307373046875,49.29
2016-10-14,57.32724380493164,30.94381332397461,90.97210693359375,33.60692596435547,48.87
2016-10-17,57.52151107788086,30.89183807373047,89.63253784179688,33.55897521972656,49.31
2016-10-18,57.586238861083984,31.16658592224121,88.70759582519531,33.66286849975586,49.81
2016-10-19,57.03584671020508,31.226003646850586,88.71553802490234,33.670860290527344,51.85
2016-10-20,56.95812225341797,31.136898040771484,88.16536712646484,33.638885498046875,50.42
2016-10-21,56.93223571777344,31.285417556762695,90.84452819824219,33.73479461669922,50.28
2016-10-24,57.573307037353516,31.60472297668457,90.55748748779297,34.054481506347656,49.8
2016-10-25,57.21715545654297,31.58987045288086,89.87968444824219,34.17435073852539,49.08
2016-10-26,57.03584671020508,31.5156192779541,89.39329528808594,35.4211311340332,48.98
2016-10-27,56.78329086303711,31.277999877929688,89.36937713623047,35.085472106933594,49.13
2016-10-28,57.03584671020508,31.35967254638672,89.38532257080078,36.12444305419922,47.78
2016-10-31,57.59920120239258,31.485912322998047,89.76009368896484,35.916648864746094,46.2
2016-11-01,57.2236328125,31.277999877929688,89.50495147705078,35.485069274902344,45.77
2016-11-02,57.08115768432617,31.226003646850586,89.6165771484375,35.15740203857422,44.26
2016-11-03,55.85083770751953,31.211151123046875,89.08238220214844,34.61393737792969,43.84
2016-11-04,54.42623519897461,30.95867156982422,88.54012298583984,34.054481506347656,43.06
2016-11-07,55.70835876464844,31.530466079711914,89.9594497680664,35.34122848510742,42.83
2016-11-08,57.204200744628906,31.842363357543945,90.98807525634766,36.77180480957031,43.47
2016-11-09,55.00254440307617,31.389375686645508,91.68180084228516,35.17337417602539,43.88
2016-11-10,52.723175048828125,30.401718139648438,91.3070068359375,33.50302505493164,43.67
2016-11-11,52.587196350097656,30.46854591369629,91.07575225830078,32.91960525512695,41.61
2016-11-14,51.85548782348633,30.57251739501953,93.97819519042969,33.10340881347656,41.83
2016-11-15,52.5418701171875,30.77301788330078,94.34500885009766,33.86267852783203,44.15
2016-11-16,53.35778045654297,30.63935089111328,95.05464935302734,34.006526947021484,45.07
2016-11-17,53.642704010009766,30.535383224487305,95.24600219726562,34.35818862915039,44.57
2016-11-18,53.441951751708984,30.379444122314453,95.6845703125,34.302242279052734,44.41
2016-11-21,54.16072463989258,30.713624954223633,95.285888671875,34.35018539428711,45.96
2016-11-22,54.45212173461914,30.72104263305664,95.43739318847656,34.68586349487305,46.1
2016-11-23,53.383689880371094,30.535383224487305,95.79620361328125,33.9665641784668,46.54
2016-11-25,53.71392822265625,30.839847564697266,96.2108383178711,34.5899543762207,46.32
2016-11-28,53.88877487182617,31.00322723388672,97.13578033447266,34.302242279052734,46.64
2016-11-29,54.39385223388672,30.81600570678711,96.97505950927734,34.25428771972656,44.68
2016-11-30,53.25250244140625,30.21691131591797,95.8420181274414,32.95957565307617,47.95
2016-12-01,52.495941162109375,30.082109451293945,95.19918060302734,32.63987731933594,52.28
2016-12-02,52.76987075805664,30.224393844604492,95.01434326171875,32.90361404418945,52.35
2016-12-05,52.35896682739258,30.419105529785156,95.85808563232422,32.791725158691406,53.3
2016-12-06,52.15027618408203,30.381662368774414,95.82594299316406,32.488037109375,52.31
2016-12-07,54.1003532409668,30.92086410522461,96.3643798828125,33.51900863647461,51.9
2016-12-08,53.682952880859375,30.688701629638672,96.79025268554688,33.031490325927734,51.6
2016-12-09,54.641693115234375,31.452545166015625,97.44116973876953,33.527008056640625,52.19
2016-12-12,54.915626525878906,31.377662658691406,97.82685089111328,34.094444274902344,53.99
2016-12-13,55.39825439453125,31.27281951904297,98.58223724365234,34.430118560791016,53.28
2016-12-14,55.01998519897461,30.86093521118164,98.71080017089844,34.23031234741211,53.15
2016-12-15,55.678688049316406,31.115549087524414,98.32508850097656,35.73283386230469,51.72
2016-12-16,56.38960647583008,31.257841110229492,99.03223419189453,35.461097717285156,54.15
2016-12-19,56.48091506958008,31.205413818359375,98.8313217163086,35.636932373046875,53.53
2016-12-20,56.076541900634766,31.197940826416016,99.10453796386719,35.4211311340332,54.56
2016-12-21,56.487422943115234,31.130529403686523,98.9840087890625,35.860694885253906,53.01
2016-12-22,56.92443084716797,31.115549087524414,99.41793060302734,35.948631286621094,54.04
2016-12-23,57.113555908203125,31.152992248535156,98.95184326171875,35.97259521484375,53.93
2016-12-28,56.94396209716797,30.995729446411133,98.58223724365234,35.89224624633789,54.95
2016-12-29,57.348331451416016,31.152992248535156,98.67062377929688,35.98854446411133,54.97
2016-12-30,56.950504302978516,31.048154830932617,97.81078338623047,35.57921600341797,54.96
2017-01-03,57.08745574951172,31.302770614624023,96.123291015625,35.99656677246094,55.05
2017-01-04,56.7613639831543,31.190444946289062,96.01079559326172,35.95643997192383,54.57
2017-01-05,56.43525695800781,31.265329360961914,96.18756103515625,36.116966247558594,54.99
2017-01-06,56.29176712036133,31.257841110229492,97.03936767578125,36.16511535644531,55.9
2017-01-09,56.13523483276367,30.943309783935547,96.77417755126953,35.8681526184082,54.39
2017-01-10,56.03087615966797,30.73363494873047,96.62953186035156,35.450801849365234,53.2
2017-01-11,56.585262298583984,30.741107940673828,97.13578033447266,36.17313766479492,53.61
2017-01-12,57.015724182128906,30.666244506835938,98.11615753173828,36.0286750793457,54.51
2017-01-13,56.7613639831543,30.61380958557129,97.63400268554688,35.79592514038086,54.37
2017-01-17,57.34181594848633,30.868427276611328,98.63846588134766,36.036705017089844,54.68
2017-01-18,57.62226486206055,30.92086410522461,98.60633087158203,36.14102554321289,53.77
2017-01-19,57.2961540222168,30.808517456054688,98.18042755126953,35.78791046142578,53.18
2017-01-20,58.013580322265625,30.943309783935547,98.2447280883789,36.27748107910156,55.04
2017-01-23,57.915771484375,31.025693893432617,97.53759002685547,36.00459289550781,54.8
2017-01-24,57.84401321411133,31.377662658691406,97.27238464355469,36.06077194213867,54.7
2017-01-25,57.94184494018555,31.542421340942383,97.8670425415039,36.189186096191406,54.34
2017-01-26,58.31361389160156,31.310256958007812,97.9393539428711,35.80393981933594,55.89
2017-01-27,58.32663345336914,31.04067039489746,98.72683715820312,35.47488021850586,54.8
2017-01-30,58.098384857177734,30.98825454711914,98.85543060302734,35.65947341918945,54.77
2017-01-31,58.23531723022461,31.130529403686523,98.49382019042969,35.539093017578125,55.25
2017-02-01,57.661399841308594,30.89837646484375,98.373291015625,35.226070404052734,55.79
2017-02-02,57.79185104370117,31.003223419189453,99.0161361694336,35.322383880615234,55.94
2017-02-03,58.22227478027344,31.108074188232422,99.8357925415039,35.60329818725586,55.92
2017-02-06,57.85053253173828,31.123044967651367,100.00453186035156,35.322383880615234,55.02
2017-02-07,57.92228698730469,31.377662658691406,100.11701965332031,35.25818634033203,53.79
2017-02-08,58.17011642456055,31.467527389526367,100.18134307861328,35.69157791137695,54.42
2017-02-09,58.55491256713867,30.890901565551758,100.02864074707031,35.876182556152344,53.98
2017-02-10,58.82884216308594,30.38915252685547,101.10546112060547,36.10894775390625,55.2
2017-02-13,59.07667541503906,30.419105529785156,100.88042449951172,36.14102554321289,54.15
2017-02-14,59.226688385009766,30.351703643798828,101.0973892211914,36.10894775390625,54.96
2017-02-15,59.41257858276367,30.284305572509766,101.63579559326172,36.413917541503906,54.57
2017-02-16,56.92443084716797,30.853458404541016,101.81258392333984,34.67228317260742,54.16
2017-02-17,63.03556823730469,30.87592315673828,102.69650268554688,34.11046600341797,54.48
2017-02-21,61.8746337890625,31.048154830932617,102.88936614990234,36.09288024902344,56.34
2017-02-22,60.88981628417969,31.152992248535156,102.73666381835938,35.8360481262207,54.9
2017-02-23,60.61587142944336,31.197940826416016,103.0741958618164,36.0286750793457,55.82
2017-02-24,60.70720672607422,31.28779411315918,103.37953186035156,36.42195129394531,54.69
2017-02-27,59.096248626708984,31.205413818359375,102.79671478271484,35.129764556884766,54.65
2017-02-28,59.6832275390625,31.422590255737305,103.33097839355469,35.25015640258789,53.36
2017-03-01,60.02462387084961,31.572376251220703,104.46424865722656,35.34646224975586,55.72
2017-03-02,59.926143646240234,31.804508209228516,103.80046844482422,35.137786865234375,54.16
2017-03-03,60.07056427001953,31.812009811401367,103.5333251953125,35.097660064697266,54.12
2017-03-06,59.84737014770508,31.58734893798828,103.63855743408203,35.03346252441406,54.73
2017-03-07,59.611019134521484,31.445045471191406,103.67095947265625,34.69636154174805,54.61
2017-03-08,59.67667007446289,31.445045471191406,103.68714141845703,34.624122619628906,53.3
2017-03-09,60.09026336669922,31.47500991821289,103.72763061523438,35.15383529663086,50.65
2017-03-10,60.0771369934082,31.669710159301758,103.59809112548828,35.193965911865234,50.63
2017-03-13,59.86048126220703,31.752817153930664,103.29859924316406,35.482906341552734,50.1
2017-03-14,59.781715393066406,31.707508087158203,103.45238494873047,35.201995849609375,49.6
2017-03-15,60.29378890991211,31.820817947387695,103.51715850830078,35.75578689575195,50.63
2017-03-16,60.90432357788086,31.919021606445312,103.59809112548828,36.0206413269043,50.56
2017-03-17,60.38569641113281,31.752817153930664,104.1323471069336,35.91631317138672,50.58
2017-03-20,60.635169982910156,31.86614990234375,104.24568939208984,35.66749954223633,50.67
2017-03-21,60.33317947387695,32.10789489746094,104.03523254394531,35.394615173339844,50.14
2017-03-22,60.58921432495117,32.017242431640625,104.50471496582031,35.31436538696289,49.56
2017-03-23,60.40538787841797,31.85858726501465,104.42377471923828,35.33041000366211,50.17
2017-03-24,60.188743591308594,31.820817947387695,104.69898223876953,35.15383529663086,49.97
2017-03-27,59.906463623046875,31.97191619873047,104.82041931152344,34.937129974365234,50.12
2017-03-28,60.01148986816406,32.05502700805664,104.78803253173828,35.07359313964844,50.72
2017-03-29,60.064002990722656,32.047454833984375,104.29425811767578,35.26704788208008,51.36
2017-03-30,59.80796432495117,32.18343734741211,104.68281555175781,34.88817596435547,52.25
2017-03-31,59.617576599121094,32.06257247924805,104.91756439208984,34.72696304321289,52.2
2017-04-03,59.781715393066406,32.03989791870117,104.91756439208984,34.7027702331543,52.04
2017-04-04,59.88674545288086,32.24388122558594,104.65853118896484,35.03329086303711,53.08
2017-04-05,60.018070220947266,32.160789489746094,105.56515502929688,35.476627349853516,53.41
2017-04-06,59.709495544433594,32.23633575439453,105.35468292236328,35.5572395324707,53.62
2017-04-07,59.54536056518555,32.19099044799805,105.20088958740234,35.61366653442383,54.24
2017-04-10,59.67012023925781,32.251434326171875,105.21707153320312,35.79102325439453,54.79
2017-04-11,59.63071060180664,32.228782653808594,106.20466613769531,35.516937255859375,54.73
2017-04-12,60.352874755859375,32.44031524658203,106.25321197509766,35.782962799072266,54.75
2017-04-13,60.07056427001953,32.32698059082031,105.84846496582031,35.50080871582031,55.05
2017-04-17,60.12309646606445,32.53852462768555,106.32608795166016,35.581424713134766,54.79
2017-04-18,60.72708511352539,32.848262786865234,107.09508514404297,36.065086364746094,52.6
2017-04-19,60.300357818603516,32.65940475463867,107.37027740478516,35.96836853027344,52.43
2017-04-20,60.42507553100586,32.55363845825195,107.88028717041016,36.2585563659668,50.66
2017-04-21,60.1362190246582,32.53852462768555,107.99359893798828,36.2263069152832,49.93
2017-04-24,60.7664794921875,32.69717025756836,108.65739440917969,36.58906936645508,49.45
2017-04-25,60.58921432495117,32.56874465942383,114.7042465209961,36.68578338623047,49.37
2017-04-26,59.68979263305664,32.66695785522461,114.00808715820312,36.371402740478516,49.99
2017-04-27,59.63071060180664,32.493186950683594,114.03238677978516,36.27467727661133,49.46
2017-04-28,59.34185791015625,32.59896469116211,113.27149200439453,36.29884719848633,49.46
2017-05-01,58.73786163330078,32.65184783935547,114.2590560913086,35.516937255859375,50.41
2017-05-02,58.42929458618164,32.78028106689453,114.32377624511719,35.25897216796875,49.31
2017-05-03,58.52119827270508,32.727386474609375,115.448974609375,36.29884719848633,48.82
2017-05-04,58.888858795166016,32.98426818847656,116.1208724975586,36.314979553222656,47.53
2017-05-05,58.8428955078125,33.006927490234375,116.53369140625,36.13764190673828,47.45
2017-05-08,58.74443054199219,33.15801239013672,116.76036071777344,35.94418716430664,46.61
2017-05-09,58.56060028076172,32.87092590332031,116.85749053955078,35.71040344238281,47.06
2017-05-10,58.64594268798828,32.916263580322266,116.98699188232422,35.67009735107422,48.09
2017-05-11,58.61311340332031,32.99181365966797,116.7361068725586,36.0005989074707,49.18
2017-05-12,58.396461486816406,32.931373596191406,117.6669692993164,36.16987991333008,49.08
2017-05-15,58.724727630615234,33.037139892578125,118.41167449951172,36.92761993408203,51.29
2017-05-16,58.50151062011719,33.1277961730957,119.22933197021484,36.68578338623047,51.21
2017-05-17,59.1624755859375,33.188236236572266,118.5169677734375,36.16181945800781,51.76
2017-05-18,59.59209442138672,33.090030670166016,119.00260162353516,36.27467727661133,51.71
2017-05-19,59.671409606933594,33.16557312011719,119.9254150390625,36.863136291503906,52.78
2017-05-22,60.266258239746094,33.377098083496094,119.95785522460938,37.16944885253906,53.35
2017-05-23,60.72233581542969,33.535762786865234,119.6583023071289,37.12107467651367,53.19
2017-05-24,61.1982307434082,34.01926040649414,121.01824951171875,37.16944885253906,53.29
2017-05-25,61.34364318847656,34.30635452270508,121.24491882324219,37.50801467895508,52.25
2017-05-26,61.46259689331055,34.29124069213867,121.30967712402344,37.43547058105469,50.84
2017-05-30,61.112300872802734,34.32146072387695,121.36636352539062,37.370967864990234,50.65
2017-05-31,60.940460205078125,34.35166931152344,122.1434555053711,37.55638122558594,49.4
2017-06-01,61.29077911376953,34.59343338012695,124.13096618652344,37.84657287597656,50.41
2017-06-02,61.826148986816406,34.66897964477539,125.23062133789062,38.04003143310547,48.46
2017-06-05,61.76005554199219,34.74452590942383,124.45677185058594,37.88687515258789,48.25
2017-06-06,61.6080436706543,34.736976623535156,123.18603515625,37.73373031616211,48.11
2017-06-07,61.97815704345703,34.38189697265625,123.76445007324219,37.69341278076172,47.08
2017-06-08,61.185001373291016,34.09482192993164,123.34896850585938,37.3951530456543,46.3
2017-06-09,60.034934997558594,34.23834228515625,123.38971710205078,36.77445602416992,46.64
2017-06-12,60.31255340576172,34.245914459228516,120.93790435791016,36.572933197021484,47.18
2017-06-13,60.53726577758789,34.299224853515625,122.03755950927734,36.790584564208984,46.95
2017-06-14,60.451351165771484,34.504878997802734,122.73804473876953,36.863136291503906,45.47
2017-06-15,60.57694625854492,34.466800689697266,123.13720703125,36.98405075073242,45.61
2017-06-16,59.096405029296875,34.51251220703125,123.80516052246094,36.42783737182617,45.7
2017-06-19,59.38719940185547,34.565818786621094,124.74191284179688,36.66160202026367,45.93
2017-06-20,59.01045227050781,34.74102020263672,125.49943542480469,36.29884719848633,43.98
2017-06-21,59.089786529541016,34.4439582824707,125.22248077392578,36.2585563659668,44.62
2017-06-22,58.89148712158203,34.329689025878906,126.09404754638672,36.15375900268555,44.46
2017-06-23,58.72624206542969,34.466800689697266,125.96369171142578,36.194068908691406,44.14
2017-06-26,58.78572082519531,34.60391616821289,125.40987396240234,36.194068908691406,44.09
2017-06-27,57.84055709838867,34.31446838378906,125.21435546875,35.44438552856445,46.17
2017-06-28,58.04545211791992,34.520111083984375,125.68682861328125,35.65488815307617,46.45
2017-06-29,56.68387985229492,34.146881103515625,124.73373413085938,34.9100456237793,47.02
2017-06-30,56.604557037353516,34.16211700439453,124.7581787109375,34.96672821044922,47.08
2017-07-03,55.83124542236328,34.09356689453125,124.22059631347656,34.97481918334961,49.13
2017-07-05,55.38179397583008,34.13927459716797,124.68485260009766,34.9100456237793,47.58
2017-07-06,54.74065399169922,33.819374084472656,124.7011489868164,34.861480712890625,48.53
2017-07-07,54.886077880859375,33.81173324584961,127.29141998291016,34.99102020263672,46.47
2017-07-10,54.70759582519531,33.804115295410156,126.6805648803711,34.853370666503906,46.57
2017-07-11,55.355342864990234,33.76605224609375,126.18367004394531,34.80480194091797,46.68
2017-07-12,55.983245849609375,33.903133392333984,127.54396057128906,35.007198333740234,46.73
2017-07-13,56.08238983154297,33.842201232910156,126.2895278930664,35.04767608642578,47.65
2017-07-14,56.611183166503906,34.03262710571289,126.48505401611328,35.314842224121094,47.89
2017-07-17,56.57811737060547,34.07071304321289,126.4687728881836,35.371524810791016,47.66
2017-07-18,56.57811737060547,34.02501678466797,125.40987396240234,35.460575103759766,47.92
2017-07-19,56.637630462646484,34.146881103515625,125.35281372070312,35.73584747314453,48.34
2017-07-20,56.77640914916992,34.13927459716797,125.6135025024414,35.46868133544922,48.54
2017-07-21,56.948265075683594,34.299224853515625,125.37725067138672,35.646785736083984,47.47
2017-07-24,56.98792266845703,34.15449905395508,123.69109344482422,35.42009735107422,47.81
2017-07-25,57.781070709228516,34.45918273925781,129.57225036621094,35.81681442260742,49.19
2017-07-26,57.93970489501953,34.84003448486328,127.48692321777344,35.80061340332031,50.08
2017-07-27,58.29001235961914,35.12947082519531,127.84539794921875,35.81681442260742,50.67
2017-07-28,57.92647933959961,35.04568099975586,126.94937133789062,35.56583023071289,52.0
2017-07-31,57.8075065612793,34.91619873046875,126.37100219726562,35.638694763183594,51.99
2017-08-01,57.285362243652344,34.8095588684082,125.47502136230469,35.314842224121094,50.77
2017-08-02,57.417537689208984,34.72578811645508,127.5521240234375,35.703453063964844,52.09
2017-08-03,57.179588317871094,34.786712646484375,126.0289306640625,35.14482498168945,52.88
2017-08-04,57.27874755859375,34.6572265625,125.29581451416016,35.201507568359375,52.48
2017-08-07,57.51667785644531,34.76384735107422,126.2325210571289,35.61439514160156,51.42
2017-08-08,56.948265075683594,34.7333869934082,126.19182586669922,35.33103942871094,52.18
2017-08-09,57.14656066894531,34.72578811645508,126.19182586669922,35.193416595458984,52.16
2017-08-10,56.76979446411133,34.84003448486328,127.57655334472656,35.031490325927734,52.59
2017-08-11,57.15315628051758,34.72578811645508,128.13046264648438,35.29056930541992,51.47
2017-08-14,57.51667785644531,34.88572692871094,128.09791564941406,35.37962341308594,51.29
2017-08-15,57.33162307739258,35.18280029296875,128.39111328125,35.509159088134766,49.9
2017-08-16,57.587928771972656,35.19041442871094,129.43374633789062,35.776329040527344,50.39
2017-08-17,56.66254806518555,34.931434631347656,128.61105346679688,35.14482498168945,50.37
2017-08-18,56.24976348876953,34.786712646484375,128.50514221191406,34.764320373535156,50.96
2017-08-21,56.289695739746094,34.79433059692383,128.99391174316406,34.901954650878906,51.94
2017-08-22,56.62260437011719,34.7333869934082,130.0365447998047,35.16912841796875,52.29
2017-08-23,56.42286682128906,34.68768310546875,129.36044311523438,34.893856048583984,52.31
2017-08-24,55.124656677246094,34.58866882324219,129.0346221923828,33.90615463256836,51.73
2017-08-25,54.991485595703125,34.710540771484375,129.3686065673828,33.58230209350586,51.87
2017-08-28,54.68522644042969,34.596290588378906,130.0609588623047,33.43657684326172,51.87
2017-08-29,54.21922302246094,34.61914825439453,129.82479858398438,33.91424560546875,51.64
2017-08-30,54.5454216003418,34.57344436645508,130.71791076660156,33.70374298095703,51.91
2017-08-31,53.75983428955078,34.6953010559082,131.07843017578125,32.91843032836914,52.69
2017-09-01,53.826416015625,34.870506286621094,130.9473419189453,33.09653854370117,53.15
2017-09-05,54.0261344909668,34.97713851928711,130.3655548095703,32.97509765625,53.63
2017-09-06,54.14598846435547,35.007598876953125,129.64450073242188,32.861759185791016,54.48
2017-09-07,54.23251724243164,35.2513427734375,131.02105712890625,33.161312103271484,54.16
2017-09-08,54.405635833740234,35.26657485961914,130.86538696289062,32.89414596557617,54.55
2017-09-11,54.958187103271484,35.43415832519531,132.35667419433594,33.34751892089844,54.2
2017-09-12,54.71186065673828,35.58649826049805,128.09585571289062,33.17750549316406,55.06
2017-09-13,54.53211212158203,35.70074462890625,128.64483642578125,33.29084396362305,55.52
2017-09-14,54.112693786621094,35.40131378173828,128.64483642578125,32.93462371826172,56.76
2017-09-15,54.212554931640625,35.455074310302734,128.5792694091797,33.080352783203125,56.18
2017-09-18,54.192569732666016,35.40131378173828,128.38259887695312,32.95890426635742,55.5
2017-09-19,53.8130989074707,35.301509857177734,128.99716186523438,32.853668212890625,56.58
2017-09-20,53.173973083496094,35.147972106933594,131.00465393066406,32.71602249145508,57.2
2017-09-21,52.60142517089844,34.85622024536133,130.3081817626953,32.53791046142578,57.73
2017-09-22,51.60943603515625,34.925315856933594,130.20986938476562,32.424564361572266,58.16
2017-09-25,52.208614349365234,35.078853607177734,128.03848266601562,32.78888702392578,59.42
2017-09-26,52.32178497314453,34.986732482910156,125.65403747558594,32.89414596557617,59.77
2017-09-27,52.082130432128906,34.2727165222168,126.2276611328125,32.8455696105957,58.74
2017-09-28,51.90903091430664,34.480003356933594,129.0463409423828,32.98394775390625,58.8
2017-09-29,51.6294059753418,34.556793212890625,128.38259887695312,33.09791564941406,57.02
2017-10-02,51.829139709472656,34.39556121826172,128.612060546875,33.45608139038086,55.67
2017-10-03,51.80917739868164,34.69498062133789,128.53012084960938,33.32582473754883,56.12
2017-10-04,51.77587890625,34.93299865722656,128.81689453125,33.390960693359375,56.0
2017-10-05,52.095455169677734,34.94834899902344,130.1197509765625,33.45608139038086,57.09
2017-10-06,52.04884719848633,34.925315856933594,130.7752685546875,33.48049545288086,55.5
2017-10-09,51.482948303222656,34.863887786865234,131.2013397216797,33.22000503540039,55.29
2017-10-10,52.02220916748047,35.21705627441406,131.5782470703125,33.74098205566406,56.62
2017-10-11,52.05550003051758,35.39364242553711,133.68409729003906,33.9526252746582,56.13
2017-10-12,52.02886199951172,35.40131378173828,134.3068084716797,34.03402328491211,56.13
2017-10-13,51.75589370727539,35.455074310302734,135.50311279296875,33.92820739746094,56.86
2017-10-16,51.69599533081055,35.79288101196289,135.20819091796875,33.822391510009766,57.49
2017-10-17,51.62274932861328,35.71610641479492,135.52764892578125,33.48049545288086,57.63
2017-10-18,51.32981491088867,35.62397384643555,135.83091735839844,33.22000503540039,58.05
2017-10-19,50.910396575927734,35.769859313964844,136.42904663085938,33.1548957824707,57.82
2017-10-20,51.070186614990234,35.60862350463867,136.2652130126953,33.390960693359375,57.89
2017-10-23,51.30318832397461,35.562557220458984,133.83978271484375,33.4072265625,57.69
2017-10-24,51.40971374511719,35.455074310302734,134.28225708007812,33.447940826416016,57.84
2017-10-25,51.482948303222656,35.355262756347656,134.03646850585938,33.439788818359375,58.45
2017-10-26,51.462974548339844,35.493446350097656,134.3887481689453,33.30140686035156,58.75
2017-10-27,51.462974548339844,35.3706169128418,135.51954650878906,33.11418914794922,60.15
2017-10-30,50.111488342285156,35.20938491821289,136.2078399658203,31.99085235595703,60.65
2017-10-31,51.482948303222656,35.301509857177734,136.76502990722656,33.724700927734375,61.35
2017-11-01,51.729270935058594,35.1633186340332,136.32254028320312,33.594451904296875,60.98
2017-11-02,51.94898223876953,35.2247428894043,137.74009704589844,33.504920959472656,60.79
2017-11-03,51.92902374267578,35.2938346862793,138.19073486328125,33.35024642944336,61.42
2017-11-06,51.26322555541992,34.90996170043945,139.35430908203125,32.90254592895508,64.27
2017-11-07,52.04884719848633,35.27080154418945,139.92788696289062,33.54562759399414,64.36
2017-11-08,52.98089599609375,35.455074310302734,139.37890625,33.86308670043945,63.96
2017-11-09,52.86772155761719,35.493446350097656,136.8387908935547,33.65958023071289,64.49
2017-11-10,53.074119567871094,35.73146057128906,135.6834259033203,34.14799880981445,64.35
2017-11-13,53.16065216064453,35.869659423828125,137.14190673828125,34.2293815612793,62.94
2017-11-14,52.847747802734375,36.41476821899414,137.748291015625,34.6201171875,60.91
2017-11-15,52.44829177856445,35.93875503540039,137.10098266601562,34.14799880981445,61.25
2017-11-16,53.471683502197266,35.739131927490234,137.73190307617188,34.34334945678711,61.18
2017-11-17,53.438133239746094,35.094215393066406,136.60931396484375,34.43290710449219,61.34
2017-11-20,53.63946533203125,34.902278900146484,136.78140258789062,34.278228759765625,61.34
2017-11-21,53.69316101074219,35.147972106933594,137.90396118164062,34.449180603027344,62.28
2017-11-22,53.565643310546875,35.19403076171875,138.5185089111328,34.457313537597656,62.92
2017-11-24,53.525386810302734,35.2247428894043,138.5677032470703,34.310794830322266,63.58
2017-11-27,53.42472457885742,35.240089416503906,138.4447479248047,34.571285247802734,63.25
2017-11-28,53.001949310302734,35.18635559082031,140.39492797851562,34.685237884521484,63.56
2017-11-29,54.41792297363281,34.93299865722656,139.6492462158203,34.9538688659668,63.74
2017-11-30,54.6058235168457,35.428375244140625,141.75119018554688,34.9538688659668,63.53
2017-12-01,54.49843978881836,35.58319091796875,142.49301147460938,34.937591552734375,64.57
2017-12-04,54.97489547729492,35.78445053100586,140.66310119628906,35.092247009277344,63.45
2017-12-05,54.11593246459961,35.80767059326172,142.5919189453125,34.99456787109375,63.45
2017-12-06,54.015262603759766,35.95474624633789,142.99583435058594,35.271324157714844,62.25
2017-12-07,53.25695037841797,35.436134338378906,142.52601623535156,34.74222183227539,62.37
2017-12-08,52.6663932800293,35.072330474853516,142.72384643554688,34.71779251098633,63.86
2017-12-11,52.59258270263672,35.087806701660156,142.80625915527344,34.896888732910156,65.62
2017-12-12,52.98179626464844,35.05683898925781,141.96548461914062,34.90502166748047,64.96
2017-12-13,53.203250885009766,35.52901077270508,143.05355834960938,34.9538688659668,63.66
2017-12-14,53.001949310302734,35.62963104248047,142.7156219482422,34.81548309326172,63.72
2017-12-15,53.37774658203125,35.75349044799805,143.47393798828125,35.31203079223633,63.81
2017-12-18,53.26364517211914,35.55223846435547,143.58934020996094,35.092247009277344,64.45
2017-12-19,52.693233489990234,35.70705032348633,142.92164611816406,35.20622253417969,63.69
2017-12-20,51.92820358276367,35.6683464050293,141.9160614013672,34.96201705932617,64.43
2017-12-21,52.26375198364258,35.29679489135742,141.6522674560547,35.0841064453125,64.64
2017-12-22,52.505340576171875,35.2890625,141.29783630371094,35.29576110839844,64.61
2017-12-27,52.33086013793945,35.55223846435547,142.3282012939453,35.20622253417969,66.03
2017-12-28,52.29058837890625,35.389686584472656,142.6826171875,35.23076248168945,66.8
2017-12-29,52.1832160949707,35.51353454589844,141.87481689453125,35.018035888671875,66.73
2018-01-02,51.68661880493164,35.250343322753906,142.78155517578125,34.698936462402344,66.65
2018-01-03,51.67991638183594,35.17293167114258,142.17982482910156,34.83803176879883,67.85
2018-01-04,52.28388214111328,35.6683464050293,143.17718505859375,34.91984939575195,68.73
2018-01-05,52.23689270019531,35.66059875488281,143.4656982421875,35.369850158691406,68.01
2018-01-08,52.6663932800293,35.606407165527344,143.3667755126953,35.18985366821289,68.48
2018-01-09,52.760345458984375,35.78445053100586,143.0453338623047,35.17347717285156,69.08
2018-01-10,52.27045822143555,35.66059875488281,143.0205535888672,34.87893295288086,69.79
2018-01-11,51.76042938232422,35.63739013671875,142.92164611816406,34.780757904052734,70.36
2018-01-12,51.9080810546875,35.72252655029297,143.07008361816406,34.74803161621094,69.64
2018-01-16,52.773765563964844,36.016666412353516,143.1607666015625,35.17347717285156,69.4
2018-01-17,53.73342514038086,36.24113464355469,144.2322998046875,35.88531494140625,69.19
2018-01-18,53.1965446472168,36.2875862121582,143.8943634033203,35.7380256652832,69.48
2018-01-19,53.45827102661133,36.50431823730469,145.1719512939453,36.11439514160156,68.56
2018-01-22,53.80052185058594,36.67460250854492,145.2461700439453,36.22893524169922,69.32
2018-01-23,53.86761474609375,36.72879409790039,145.74069213867188,36.408935546875,69.81
2018-01-24,53.592491149902344,37.02293014526367,145.1719512939453,36.482582092285156,69.91
2018-01-25,53.464969635009766,37.030677795410156,144.79275512695312,36.3843994140625,71.08
2018-01-26,53.2770881652832,37.56476593017578,147.01832580566406,36.343475341796875,70.08
2018-01-29,52.62613296508789,36.922306060791016,146.5320281982422,36.441673278808594,68.41
2018-01-30,52.6798210144043,36.69783020019531,142.17156982421875,36.278018951416016,67.78
2018-01-31,52.60600280761719,36.837162017822266,141.06698608398438,36.32712936401367,67.78
2018-02-01,52.72679138183594,36.72879409790039,141.69346618652344,37.52983856201172,68.6
2018-02-02,51.80070495605469,36.171485900878906,139.61630249023438,37.22712326049805,67.45
2018-02-05,49.83443832397461,34.74720764160156,135.05809020996094,35.95076370239258,67.69
2018-02-06,49.86798858642578,34.576927185058594,136.15431213378906,36.4498405456543,66.75
2018-02-07,49.357967376708984,34.491790771484375,136.59120178222656,36.0407600402832,65.74
2018-02-08,48.03593444824219,33.361663818359375,131.03553771972656,34.91984939575195,64.26
2018-02-09,47.9017219543457,33.384883880615234,132.54405212402344,34.47802734375,63.04
2018-02-12,48.19029235839844,34.035091400146484,135.0992889404297,34.797119140625,62.2
2018-02-13,48.1231803894043,34.205379486083984,133.86282348632812,35.018035888671875,61.94
2018-02-14,48.26411437988281,34.135719299316406,131.87632751464844,35.14894104003906,62.29
2018-02-15,48.79425811767578,34.66206741333008,132.52755737304688,36.065303802490234,62.86
2018-02-16,47.51249694824219,34.81687545776367,130.0628662109375,36.11439514160156,64.3
2018-02-20,46.096519470214844,34.05058288574219,129.5436553955078,35.803489685058594,64.68
2018-02-21,45.277801513671875,33.54743194580078,130.76356506347656,35.688934326171875,64.81
2018-02-22,45.39188766479492,33.686771392822266,132.4285888671875,35.598941802978516,66.12
2018-02-23,46.31797409057617,34.08927917480469,134.40684509277344,35.79530715942383,67.04
2018-02-26,46.801151275634766,34.0815315246582,134.83554077148438,36.62983703613281,67.96
2018-02-27,45.546234130859375,33.76417922973633,132.4285888671875,36.00802993774414,67.59
2018-02-28,44.995948791503906,33.45453643798828,130.84422302246094,35.91802215576172,66.08
2018-03-01,44.888572692871094,33.617088317871094,129.1521453857422,35.688934326171875,64.23
2018-03-02,45.07646560668945,33.841583251953125,122.98898315429688,36.343475341796875,64.26
2018-03-05,45.2509651184082,33.973167419433594,125.27835845947266,36.86711120605469,65.78
2018-03-06,45.4791145324707,34.00413131713867,125.41938018798828,37.28438186645508,65.67
2018-03-07,45.27109146118164,33.918975830078125,126.39820861816406,35.65620803833008,65.09
2018-03-08,45.37607955932617,34.406639099121094,128.10694885253906,35.99985122680664,63.87
2018-03-09,45.53864669799805,34.69303512573242,130.42955017089844,36.22075271606445,65.19
2018-03-12,45.85700225830078,34.468563079833984,130.84422302246094,36.31893539428711,64.53
2018-03-13,45.63348388671875,34.49951934814453,131.242431640625,36.032569885253906,64.2
2018-03-14,45.09836959838867,34.187164306640625,131.25904846191406,35.901668548583984,63.61
2018-03-15,44.339725494384766,34.10126495361328,134.05441284179688,35.50075912475586,63.67
2018-03-16,44.271995544433594,33.937278747558594,134.67652893066406,35.337120056152344,64.68
2018-03-19,43.31691360473633,33.78110885620117,131.897705078125,34.64985275268555,64.82
2018-03-20,42.795352935791016,33.7030143737793,132.20462036132812,34.64985275268555,66.0
2018-03-21,41.98930740356445,33.57808303833008,131.607421875,34.38803482055664,68.15
2018-03-22,41.0003547668457,33.390663146972656,130.2635955810547,33.586212158203125,68.98
2018-03-23,40.661685943603516,33.05488204956055,128.55487060546875,33.1444091796875,69.03
2018-03-26,41.75900650024414,33.33600997924805,131.06822204589844,33.8153190612793,68.81
2018-03-27,41.11550521850586,33.4921875,130.62860107421875,33.4716682434082,68.63
2018-03-28,41.56934356689453,33.82796096801758,131.40003967285156,33.3894157409668,68.13
2018-03-29,42.192501068115234,33.91386032104492,129.71615600585938,34.327186584472656,69.02
2018-04-03,40.80392074584961,33.87480926513672,133.05075073242188,33.874755859375,69.02
2018-04-04,41.57611083984375,34.54637145996094,134.1539306640625,34.606868743896484,66.04
2018-04-05,41.52870559692383,34.67131805419922,135.99546813964844,34.71380615234375,66.54
2018-04-06,41.007137298583984,34.29648971557617,133.75579833984375,34.121524810791016,66.51
2018-04-09,41.08163833618164,34.226219177246094,133.7391815185547,34.286048889160156,68.19
2018-04-10,41.48805236816406,34.35115432739258,135.0166473388672,34.33541488647461,70.67
2018-04-11,41.684486389160156,34.35115432739258,135.4894256591797,34.40944290161133,72.74
2018-04-12,41.27806854248047,34.38238525390625,134.0626678466797,34.57395935058594,71.44
2018-04-13,41.264522552490234,34.75720977783203,134.1539306640625,34.62331008911133,73.18
2018-04-16,41.447418212890625,34.88996505737305,134.07101440429688,34.73848342895508,72.05
2018-04-17,41.786094665527344,35.0461311340332,134.83409118652344,34.47525405883789,71.71
2018-04-18,41.17647933959961,34.75720977783203,134.22032165527344,34.54106140136719,73.73
2018-04-19,40.458473205566406,34.60103988647461,132.3291015625,33.73490905761719,74.85
2018-04-20,39.4356689453125,34.15592956542969,131.69862365722656,32.99456787109375,74.62
2018-04-23,39.06990432739258,34.34334182739258,131.88108825683594,33.19198989868164,74.54
2018-04-24,38.29093551635742,33.63274002075195,130.49591064453125,32.714874267578125,75.86
2018-04-25,38.507694244384766,33.132965087890625,129.35116577148438,32.64085006713867,73.79
2018-04-26,38.83281326293945,33.38284683227539,131.80650329589844,32.714874267578125,75.39
2018-04-27,39.05635070800781,33.82014846801758,131.3087921142578,32.84649658203125,75.33
2018-04-30,38.1893310546875,33.7420654296875,138.89036560058594,32.49278259277344,75.92
2018-05-01,37.72872543334961,33.257911682128906,135.57237243652344,32.0732536315918,74.85
2018-05-02,36.71269989013672,32.844051361083984,133.28297424316406,31.16839027404785,73.14
2018-05-03,37.22071075439453,32.7112922668457,132.78529357910156,30.90516471862793,73.45
2018-05-04,39.293426513671875,33.07830810546875,136.89129638671875,31.99921989440918,74.75
2018-05-08,39.80143356323242,32.64882278442383,136.6756134033203,31.735986709594727,74.16
2018-05-09,39.61177062988281,32.625404357910156,136.23599243164062,31.892274856567383,77.6
2018-05-10,39.991092681884766,32.93775177001953,136.92446899414062,32.16373062133789,77.59
2018-05-11,40.12657165527344,32.90652084350586,137.1898651123047,32.27067184448242,77.37
2018-05-14,40.153663635253906,32.82841873168945,136.63414001464844,32.26245880126953,78.17
2018-05-15,39.991092681884766,32.57853698730469,135.25709533691406,32.41875076293945,78.94
2018-05-16,40.16043472290039,32.445777893066406,135.099609375,32.50923538208008,78.19
2018-05-17,39.74626922607422,33.031455993652344,133.80557250976562,32.50923538208008,80.09
2018-05-18,38.87685775756836,32.93775177001953,133.5318145751953,32.616172790527344,78.38
2018-05-21,38.64411926269531,33.11735153198242,133.94654846191406,32.36115646362305,78.34
2018-05-22,38.73310852050781,32.992408752441406,132.26268005371094,32.43519973754883,80.42
2018-05-23,39.006935119628906,33.10955047607422,134.0626678466797,32.45165252685547,78.69
2018-05-24,39.06169891357422,33.047080993652344,134.70143127441406,32.542144775390625,78.9
2018-05-25,39.5477409362793,33.10955047607422,135.38162231445312,32.558589935302734,76.6
2018-05-29,39.29445266723633,33.32819747924805,133.2332305908203,32.35293197631836,74.51
2018-05-30,40.28023147583008,33.67958068847656,134.2286376953125,32.64085006713867,75.89
2018-05-31,39.34922409057617,33.57808303833008,132.72723388671875,32.30358123779297,76.45
2018-06-01,39.465599060058594,33.67177200317383,132.8607940673828,32.542144775390625,74.54
2018-06-04,39.99272155761719,33.96072006225586,133.74563598632812,32.723106384277344,73.41
2018-06-05,39.65042495727539,33.66397476196289,133.12794494628906,32.295352935791016,72.91
2018-06-06,39.65042495727539,33.937278747558594,135.54873657226562,32.48455047607422,73.23
2018-06-07,39.479286193847656,33.921661376953125,141.47552490234375,32.34470748901367,75.23
2018-06-08,40.02694320678711,34.31991958618164,140.9997100830078,32.723106384277344,75.11
2018-06-11,40.9921989440918,34.46046829223633,138.97962951660156,33.09328079223633,74.58
2018-06-12,41.1564826965332,34.67912292480469,139.179931640625,33.25779724121094,74.86
2018-06-13,41.14280319213867,34.499515533447266,139.05471801757812,33.01924514770508,75.07
2018-06-14,41.532997131347656,34.334075927734375,139.4470672607422,33.23311996459961,74.77
2018-06-15,42.176490783691406,34.75950622558594,138.95457458496094,33.57861328125,72.02
2018-06-18,41.669918060302734,34.31044006347656,138.80430603027344,33.052146911621094,74.87
2018-06-19,42.539329528808594,34.349830627441406,137.71075439453125,33.183753967285156,74.92
2018-06-20,43.15543746948242,34.081974029541016,135.69898986816406,33.52926254272461,74.25
2018-06-21,42.83369827270508,33.94802474975586,134.00442504882812,33.51279830932617,72.87
2018-06-22,43.27182388305664,34.07408905029297,137.36012268066406,33.97345733642578,73.67
2018-06-25,43.34712219238281,34.334075927734375,133.40341186523438,34.09685516357422,72.82
2018-06-26,43.27182388305664,34.137107849121094,134.32164001464844,33.874755859375,73.58
2018-06-27,42.915836334228516,33.93226623535156,131.40829467773438,33.71846008300781,76.09
2018-06-28,42.88846206665039,34.24740982055664,130.49008178710938,33.82596969604492,76.26
2018-06-29,43.00483322143555,34.554664611816406,130.79896545410156,33.90867233276367,77.44
2018-07-02,42.50510025024414,34.46800231933594,130.94915771484375,33.79288864135742,76.71
2018-07-03,42.88160705566406,34.65708923339844,130.6236572265625,33.75152587890625,75.87
2018-07-05,43.77839660644531,35.1849479675293,131.3248291015625,34.619937896728516,77.09
2018-07-06,44.106998443603516,35.16917419433594,133.07781982421875,35.025184631347656,74.98
2018-07-09,43.792091369628906,34.980106353759766,133.5119171142578,34.876312255859375,77.08
2018-07-10,43.812625885009766,35.42917251586914,134.0795440673828,34.801883697509766,77.8
2018-07-11,43.63463592529297,35.287357330322266,132.4100341796875,34.94247817993164,75.35
2018-07-12,43.56617736816406,35.19282150268555,132.82737731933594,35.107887268066406,72.11
2018-07-13,43.7099494934082,35.24797439575195,132.3181610107422,35.422157287597656,74.11
2018-07-16,42.88160705566406,35.24008560180664,132.54359436035156,34.992103576660156,71.03
2018-07-17,43.162288665771484,35.64976119995117,133.35330200195312,35.422157287597656,70.87
2018-07-18,42.16281509399414,35.54735565185547,131.8340301513672,34.84323501586914,70.52
2018-07-19,41.991668701171875,35.539466857910156,131.39993286132812,34.934200286865234,71.94
2018-07-20,41.546688079833984,35.673404693603516,131.86744689941406,35.107887268066406,71.99
2018-07-23,41.27972412109375,35.41340637207031,132.5185546875,34.4710578918457,73.45
2018-07-24,40.84844207763672,35.65764236450195,131.8423309326172,34.3387451171875,73.53
2018-07-25,40.964805603027344,36.311553955078125,132.6354217529297,34.322200775146484,73.67
2018-07-26,41.40293884277344,36.429725646972656,130.3397979736328,35.78606414794922,74.51
2018-07-27,41.252315521240234,36.40609359741211,131.45838928222656,35.48004150390625,74.84
2018-07-30,41.266014099121094,36.42184829711914,132.42669677734375,35.562767028808594,74.99
2018-07-31,41.245487213134766,36.73698806762695,131.5084686279297,35.87702560424805,74.16
2018-08-01,40.58144760131836,36.547908782958984,130.99090576171875,35.422157287597656,72.28
2018-08-02,40.663597106933594,36.38246536254883,129.7304229736328,35.69509506225586,72.95
2018-08-03,44.141231536865234,36.72911071777344,130.39822387695312,36.1912956237793,72.48
2018-08-06,42.64885330200195,36.75274658203125,130.82395935058594,35.78606414794922,72.51
2018-08-07,41.97797775268555,36.63456344604492,130.25633239746094,35.513126373291016,72.31
2018-08-08,41.266014099121094,36.358829498291016,132.66041564941406,35.058265686035156,70.71
2018-08-09,41.074344635009766,36.51639175415039,132.97764587402344,34.868045806884766,70.55
2018-08-10,40.83473587036133,36.30366897583008,132.4600830078125,34.686100006103516,71.0
2018-08-13,40.58144760131836,36.10672378540039,132.00930786132812,34.65300750732422,70.62
2018-08-14,40.74574279785156,36.15398025512695,134.0628204345703,34.628196716308594,70.77
2018-08-15,40.45138168334961,36.30366897583008,133.46185302734375,34.578582763671875,68.38
2018-08-16,41.5341911315918,36.413970947265625,135.00611877441406,34.82668685913086,69.21
2018-08-17,42.21916580200195,36.713348388671875,134.52194213867188,35.322914123535156,70.14
2018-08-20,41.95624542236328,36.81578063964844,134.96438598632812,35.41388702392578,71.11
2018-08-21,41.402732849121094,36.413970947265625,134.4300994873047,35.19886016845703,71.65
2018-08-22,41.202083587646484,36.18550109863281,134.02114868164062,34.95073699951172,72.96
2018-08-23,40.68315887451172,36.00429916381836,132.7689971923828,34.81013488769531,73.73
2018-08-24,40.84230041503906,35.94913864135742,133.04443359375,35.058265686035156,74.41
2018-08-27,41.215911865234375,35.996421813964844,133.962646484375,35.14097595214844,74.41
2018-08-28,40.676246643066406,35.74430465698242,134.93104553222656,34.94247817993164,75.91
2018-08-29,41.029109954833984,35.71280288696289,136.1580810546875,35.18231201171875,76.07
2018-08-30,40.2818603515625,35.41340637207031,135.8993377685547,35.0996208190918,77.05
2018-08-31,40.316463470458984,35.11402893066406,136.2689208984375,35.33118438720703,76.94
2018-09-04,39.2025146484375,35.26372528076172,135.84051513671875,35.24848175048828,77.51
2018-09-05,39.43776321411133,35.75218963623047,137.11732482910156,35.9680061340332,76.68
2018-09-06,39.29939270019531,36.059452056884766,137.5373077392578,35.9680061340332,75.67
2018-09-07,39.15408706665039,36.02003860473633,137.67169189453125,35.16577911376953,75.55
2018-09-10,39.60380935668945,36.28792190551758,138.6544189453125,35.48004150390625,76.77
2018-09-11,39.963600158691406,36.256404876708984,138.27642822265625,35.44697570800781,78.22
2018-09-12,40.904563903808594,36.429725646972656,138.3772430419922,35.85220718383789,80.02
2018-09-13,41.16056442260742,36.41383361816406,136.41171264648438,36.282283782958984,77.66
2018-09-14,40.80078887939453,36.54096984863281,135.1013641357422,36.224388122558594,77.87
2018-09-17,40.37180709838867,36.803165435791016,132.83340454101562,36.14996337890625,78.22
2018-09-18,39.506954193115234,36.493289947509766,132.5226593017578,35.95146942138672,79.25
2018-09-19,39.36165237426758,36.51713180541992,133.70701599121094,35.92666244506836,79.43
2018-09-20,39.83213806152344,37.057411193847656,135.059326171875,36.282283782958984,79.03
2018-09-21,39.52077865600586,37.009735107421875,138.84759521484375,36.34017562866211,78.9
2018-09-24,39.105648040771484,36.604530334472656,137.17611694335938,35.93492126464844,80.89
2018-09-25,38.510623931884766,36.29465103149414,139.78004455566406,35.777793884277344,82.21
2018-09-26,38.171607971191406,36.42972946166992,139.23397827148438,35.7612419128418,81.87
2018-09-27,38.0816535949707,36.55685043334961,139.88082885742188,35.83611297607422,81.54
2018-09-28,38.13009262084961,36.69987869262695,140.51914978027344,35.744606018066406,82.72
2018-10-01,38.42760467529297,36.731651306152344,139.9983673095703,35.636451721191406,84.94
2018-10-02,38.697444915771484,36.954124450683594,138.7467803955078,35.96925354003906,85.63
2018-10-03,38.46910858154297,36.44562530517578,138.31004333496094,35.59484100341797,85.45
2018-10-04,38.41377639770508,36.42972946166992,139.26760864257812,35.25370407104492,86.07
2018-10-05,38.669769287109375,36.45357131958008,139.91441345214844,35.2952995300293,85.12
2018-10-08,39.47927474975586,36.930294036865234,140.92233276367188,35.71132278442383,84.22
2018-10-09,38.7943000793457,36.8587760925293,142.6527099609375,35.57819366455078,85.16
2018-10-10,38.56598663330078,36.29465103149414,141.4263458251953,35.17048645019531,83.82
2018-10-11,37.2375602722168,35.46833038330078,136.8905029296875,34.27188491821289,81.35
2018-10-12,37.52814483642578,35.500118255615234,137.60447692871094,34.2136344909668,80.71
2018-10-15,37.687286376953125,35.682861328125,137.47848510742188,34.14707565307617,80.91
2018-10-16,38.35840606689453,36.14369583129883,137.8144989013672,34.34676742553711,80.53
2018-10-17,39.02262878417969,36.43767547607422,140.0823974609375,34.246925354003906,79.91
2018-10-18,38.42760467529297,36.239036560058594,140.1160125732422,34.14707565307617,80.3
2018-10-19,39.82521438598633,36.81111145019531,140.68716430664062,34.77943420410156,80.38
2018-10-22,38.89116287231445,36.525062561035156,139.9647979736328,34.47990417480469,80.45
2018-10-23,39.16100311279297,36.8349494934082,148.8013153076172,34.330135345458984,78.67
2018-10-24,38.59365463256836,37.12892532348633,148.96932983398438,34.380062103271484,77.34
2018-10-25,38.73202896118164,36.954124450683594,147.25579833984375,34.11379623413086,77.3
2018-10-26,37.81181335449219,36.48533248901367,145.60101318359375,33.37328338623047,77.4
2018-10-29,38.41377639770508,36.914398193359375,145.50860595703125,33.37328338623047,77.56
2018-10-30,38.64208221435547,37.84400939941406,149.92686462402344,35.045684814453125,75.68
2018-10-31,38.033233642578125,38.04264831542969,148.59133911132812,34.9292106628418,74.84
2018-11-01,38.884246826171875,37.93141174316406,146.89459228515625,35.25370407104492,71.25
2018-11-02,35.099609375,38.137996673583984,148.46536254882812,34.9292106628418,71.11
2018-11-05,36.24814987182617,38.68622589111328,151.52284240722656,35.53658676147461,72.68
2018-11-06,36.98847198486328,39.019927978515625,153.47157287597656,36.152313232421875,70.64
2018-11-07,37.05073928833008,39.226505279541016,154.76516723632812,36.32703399658203,70.1
2018-11-08,36.88467788696289,39.19472885131836,155.79830932617188,36.56001663208008,69.29
2018-11-09,37.35517120361328,39.472816467285156,156.18467712402344,36.85955047607422,69.01
2018-11-12,37.13376998901367,39.623779296875,154.86595153808594,36.98434829711914,69.81
2018-11-13,36.93310546875,39.6158447265625,154.5635223388672,36.67649841308594,65.45
2018-11-14,36.421112060546875,39.536376953125,154.4291534423828,36.41022872924805,64.88
2018-11-15,36.40361404418945,39.520503997802734,154.18557739257812,36.56001663208008,65.61
2018-11-16,36.46663284301758,39.86215591430664,157.57061767578125,36.834590911865234,65.29
2018-11-19,36.33359909057617,40.13228988647461,156.83985900878906,36.96769714355469,64.14
2018-11-20,35.668399810791016,39.23444747924805,154.3115692138672,36.35200500488281,61.5
2018-11-21,35.82243347167969,38.718013763427734,153.47996520996094,36.17726516723633,61.65
2018-11-23,35.73842239379883,38.948429107666016,152.81640625,36.43519592285156,57.69
2018-11-26,35.759429931640625,38.82923889160156,154.46267700195312,36.568336486816406,59.7
2018-11-27,36.27057647705078,39.226505279541016,155.0843505859375,37.05923843383789,59.58
2018-11-28,35.836448669433594,39.49666213989258,157.7890625,36.959388732910156,57.97
2018-11-29,35.84346008300781,39.224369049072266,158.97337341308594,37.05091094970703,58.29
2018-11-30,35.79443359375,40.361541748046875,159.31991577148438,37.42533874511719,57.71
2018-12-03,36.00448989868164,39.7929573059082,156.66612243652344,37.46693420410156,60.17
2018-12-04,34.99620819091797,39.70487594604492,156.38722229003906,37.00099563598633,61.22
2018-12-06,34.674110412597656,39.544700622558594,156.7337646484375,36.81794738769531,57.83
2018-12-07,34.1069450378418,39.31247329711914,154.62933349609375,36.443519592285156,61.71
2018-12-10,33.798858642578125,39.43259811401367,156.05764770507812,36.55168151855469,60.29
2018-12-11,33.87588119506836,39.67284393310547,155.1617431640625,36.784664154052734,59.73
2018-12-12,33.79185485839844,39.41657257080078,155.06878662109375,36.66817855834961,59.94
2018-12-13,33.93889236450195,39.616783142089844,157.56199645996094,36.90114974975586,59.03
2018-12-14,33.231689453125,39.512672424316406,154.90821838378906,36.235511779785156,58.56
2018-12-17,32.7835578918457,38.7038459777832,152.79531860351562,35.61979675292969,57.59
2018-12-18,32.31441879272461,38.695838928222656,151.88259887695312,35.06233215332031,55.26
2018-12-19,31.572206497192383,38.3594856262207,151.41775512695312,34.454933166503906,55.6
2018-12-20,31.404159545898438,38.07118225097656,146.78631591796875,34.246925354003906,52.84
2018-12-21,30.8439884185791,38.095211029052734,147.18350219726562,33.847537994384766,51.93
2018-12-27,30.64093780517578,38.06318664550781,148.50193786621094,33.473121643066406,51.49
2018-12-28,30.507896423339844,37.79890441894531,148.37518310546875,33.406124114990234,50.57
2019-01-02,30.346845626831055,37.582679748535156,148.79774475097656,33.406124114990234,54.06
2019-01-03,30.325843811035156,37.350440979003906,147.81741333007812,33.280521392822266,53.23
2019-01-04,31.152088165283203,38.095211029052734,150.67401123046875,34.20170211791992,55.64
2019-01-07,31.740251541137695,37.59870529174805,152.31361389160156,34.43619155883789,57.1
2019-01-08,31.768253326416016,38.02314758300781,152.6347198486328,35.24016189575195,56.91
2019-01-09,31.600208282470703,37.29438781738281,152.37277221679688,35.11454391479492,59.46
2019-01-10,31.92930793762207,37.694801330566406,153.43763732910156,35.4578971862793,60.47
2019-01-11,31.936311721801758,37.91102600097656,154.13064575195312,35.36577224731445,59.24
2019-01-14,32.38444519042969,37.75886917114258,153.15879821777344,35.57513427734375,58.8
2019-01-15,32.8465690612793,38.095211029052734,152.98974609375,35.96037292480469,58.65
2019-01-16,32.79756164550781,37.574676513671875,151.5782928466797,35.734256744384766,59.81
2019-01-17,32.965606689453125,37.68679428100586,153.0657958984375,36.04411697387695,59.85
2019-01-18,33.28071212768555,38.127254486083984,154.29977416992188,36.31210708618164,62.04
2019-01-22,33.10565185546875,38.215335845947266,155.989990234375,36.11949157714844,60.9
2019-01-23,32.95160675048828,38.65578842163086,157.274658203125,36.437721252441406,61.05
2019-01-24,32.58749771118164,38.19131088256836,158.35646057128906,36.03573989868164,61.09
2019-01-25,32.73455047607422,37.93505096435547,155.50830078125,35.776126861572266,61.49
2019-01-28,32.83958053588867,37.77488327026367,155.17019653320312,36.111122131347656,59.71
2019-01-29,32.82556915283203,37.95907974243164,153.96163940429688,36.3707275390625,60.98
2019-01-30,32.73455047607422,38.32745361328125,153.6235809326172,36.68896484375,61.89
2019-01-31,33.65180969238281,38.54368209838867,151.09654235839844,38.74071502685547,62.46
2019-02-01,33.44175338745117,39.00013732910156,149.35556030273438,38.16288757324219,61.86
2019-02-04,33.420745849609375,39.44059753417969,150.05702209472656,38.615108489990234,62.26
2019-02-05,33.70783233642578,39.44860076904297,150.073974609375,38.50624465942383,61.67
2019-02-06,33.39273452758789,39.44860076904297,148.89915466308594,38.690486907958984,62.22
2019-02-07,33.07063674926758,39.57674026489258,148.13853454589844,38.941715240478516,61.01
2019-02-08,33.231689453125,39.640804290771484,147.69061279296875,39.276695251464844,61.37
2019-02-11,33.14065933227539,39.72889709472656,147.27645874023438,39.73729705810547,61.3
2019-02-12,33.68681335449219,39.76893615722656,147.0313720703125,39.82103729248047,62.58
2019-02-13,33.35772705078125,39.87303924560547,147.18350219726562,39.87128829956055,63.27
2019-02-14,33.147666931152344,36.50959396362305,148.63717651367188,39.62841796875,64.0
2019-02-15,33.343727111816406,36.22930145263672,152.10227966308594,40.33189010620117,65.65
2019-02-19,33.448753356933594,35.900962829589844,151.4938201904297,40.28164291381836,65.86
2019-02-20,33.79185485839844,36.11717987060547,152.54176330566406,40.18951416015625,66.82
2019-02-21,33.73583984375,36.725807189941406,154.50253295898438,40.541259765625,66.91
2019-02-22,24.47213363647461,36.26132583618164,154.80677795410156,39.96342086791992,66.91
2019-02-25,23.967988967895508,35.989051818847656,154.33349609375,39.536312103271484,64.02
2019-02-26,23.19076156616211,35.78883743286133,154.84063720703125,39.720542907714844,64.51
2019-02-27,22.546573638916016,35.989051818847656,154.96742248535156,39.469303131103516,65.55
2019-02-28,23.239770889282227,36.30937957763672,156.36224365234375,39.49443435668945,65.03
2019-03-01,22.686614990234375,36.34141159057617,157.3914337158203,39.55305862426758,63.71
2019-03-04,23.267780303955078,36.55763244628906,153.5980224609375,39.35206604003906,64.44
2019-03-05,23.134746551513672,36.517601013183594,154.24441528320312,39.30181121826172,64.24
2019-03-06,23.00870132446289,36.39746856689453,154.82276916503906,39.33531188964844,64.51
2019-03-07,22.60467529296875,36.26132583618164,153.53851318359375,39.20132064819336,64.82
2019-03-08,22.75353240966797,35.90896224975586,152.67092895507812,39.008705139160156,65.66
2019-03-11,22.80314826965332,36.98207473754883,154.01478576660156,39.460933685302734,65.06
2019-03-12,22.675556182861328,36.87796401977539,154.6527099609375,39.318572998046875,65.33
2019-03-13,22.895296096801758,37.014102935791016,154.8483428955078,39.59492874145508,65.89
2019-03-14,22.59049415588379,36.91716384887695,155.42665100097656,39.65355682373047,66.18
2019-03-15,22.746442794799805,36.59403610229492,157.62957763671875,40.03040313720703,66.11
2019-03-18,22.70391082763672,36.68288803100586,156.455810546875,40.231407165527344,66.65
2019-03-19,22.774795532226562,36.80406951904297,155.74134826660156,40.39888381958008,67.13
2019-03-20,22.696823120117188,36.77983474731445,157.32333374023438,40.34864044189453,68.35
2019-03-21,23.214271545410156,36.76367950439453,158.51412963867188,40.93485641479492,68.3
2019-03-22,22.888206481933594,37.102962493896484,158.8883514404297,41.14421844482422,66.29
2019-03-25,23.03706169128418,37.183746337890625,157.96124267578125,41.37871170043945,67.37
2019-03-26,23.32059669494629,37.67650604248047,159.45819091796875,41.69694900512695,67.51
2019-03-27,23.136301040649414,37.65227508544922,159.4837188720703,41.56293869018555,67.35
2019-03-28,23.313505172729492,37.6280403137207,161.082763671875,41.54610824584961,66.08
2019-03-29,23.143388748168945,37.85422897338867,161.5164794921875,42.02598190307617,67.93
2019-04-01,23.03706169128418,37.74113845825195,160.23219299316406,41.83234786987305,69.08
2019-04-02,22.73935317993164,37.61996078491211,160.19815063476562,41.79026412963867,69.68
2019-04-03,22.8598575592041,37.30491638183594,160.19815063476562,41.86602020263672,69.21
2019-04-04,23.171735763549805,37.547264099121094,161.490966796875,41.79868698120117,69.8
2019-04-05,23.51197624206543,37.539180755615234,162.20545959472656,41.823936462402344,69.93
2019-04-08,23.52615737915039,37.60380554199219,161.47396850585938,41.76499938964844,71.12
2019-04-09,23.356037139892578,37.700740814208984,161.66958618164062,41.79026412963867,71.02
2019-04-10,23.377302169799805,37.67650604248047,160.93812561035156,41.84077453613281,71.63
2019-04-11,23.38439178466797,37.733062744140625,160.64894104003906,41.81550598144531,71.3
2019-04-12,23.441099166870117,37.757293701171875,162.96237182617188,41.916534423828125,71.57
2019-04-15,23.49071502685547,37.96731948852539,163.17503356933594,42.32905960083008,70.9
2019-04-16,23.419837951660156,37.92694091796875,163.04745483398438,42.19435119628906,70.74
2019-04-17,23.313505172729492,38.19351577758789,162.97093200683594,42.28695297241211,71.14
2019-04-18,23.36312484741211,38.35508346557617,165.77764892578125,42.169090270996094,70.71
2019-04-22,23.32059669494629,38.29045867919922,164.93563842773438,42.244869232177734,70.71
2019-04-23,23.462360382080078,38.94477844238281,166.07533264160156,42.39640426635742,74.39
2019-04-24,23.221357345581055,38.75897979736328,168.0911407470703,42.41323471069336,73.59
2019-04-25,23.051240921020508,38.64589309692383,168.3462677001953,42.10174560546875,74.94
2019-04-26,23.43400764465332,38.985164642333984,167.91249084472656,42.33747100830078,71.03
2019-04-29,23.582862854003906,39.11442947387695,167.65737915039062,42.53950500488281,71.22
2019-04-30,23.561595916748047,39.63142395019531,168.04010009765625,42.80891799926758,72.19
2019-05-01,23.38439178466797,39.251747131347656,165.14825439453125,43.47399139404297,72.01
2019-05-02,22.810237884521484,39.09017562866211,165.52249145507812,43.33928680419922,70.56
2019-05-03,23.09377098083496,39.35676956176758,167.99754333496094,43.57500457763672,71.95
2019-05-06,23.22844696044922,39.154815673828125,169.1713104248047,43.44032669067383,71.95
2019-05-07,23.03706169128418,38.775142669677734,168.43983459472656,42.94361114501953,70.98
2019-05-08,22.987442016601562,38.65396499633789,168.43133544921875,42.94361114501953,71.09
2019-05-09,23.09377098083496,38.29045867919922,168.17620849609375,43.22985076904297,70.61
2019-05-10,23.143388748168945,38.92863082885742,170.09837341308594,43.66761779785156,71.63
2019-05-13,22.6613826751709,38.81553649902344,169.28187561035156,43.09514236450195,72.35
2019-05-14,22.874032974243164,39.3325309753418,168.414306640625,43.457149505615234,72.53
2019-05-15,22.9661808013916,39.72837448120117,169.31590270996094,43.633941650390625,73.09
2019-05-16,23.008705139160156,40.051490783691406,170.09837341308594,44.45054244995117,74.7
2019-05-17,23.05832862854004,39.74451446533203,169.4434814453125,43.97068405151367,73.94
2019-05-20,22.533790588378906,39.461788177490234,169.24783325195312,44.021209716796875,73.21
2019-05-21,22.668466567993164,39.259822845458984,169.97084045410156,43.92859649658203,72.94
2019-05-22,22.597583770751953,40.108036041259766,170.0728759765625,43.85282897949219,71.94
2019-05-23,22.29279327392578,40.269596099853516,169.2308349609375,43.81072998046875,68.37
2019-05-24,22.051786422729492,40.075721740722656,168.21018981933594,43.886505126953125,67.98
2019-05-28,20.598674774169922,39.663734436035156,167.27462768554688,42.90995407104492,70.19
2019-05-29,20.329322814941406,39.267913818359375,166.7217559814453,43.06989288330078,70.64
2019-05-30,19.696731567382812,39.784908294677734,169.46047973632812,43.14565658569336,69.55
2019-05-31,19.876441955566406,39.687965393066406,169.6230010986328,42.80891799926758,66.78
2019-06-03,20.429964065551758,40.374610900878906,170.05934143066406,43.40663528442383,63.16
2019-06-04,20.609683990478516,40.39077377319336,170.7865447998047,43.89491653442383,63.56
2019-06-05,20.46590232849121,41.02086639404297,171.21429443359375,44.568416595458984,62.14
2019-06-06,20.57373809814453,41.52171325683594,173.71238708496094,45.00618362426758,62.77
2019-06-07,20.659997940063477,41.594425201416016,175.7913055419922,45.47763442993164,64.1
2019-06-10,21.78860092163086,41.505558013916016,172.21522521972656,45.62074279785156,64.31
2019-06-11,21.7382869720459,41.46516799926758,173.8920440673828,45.45237731933594,63.56
2019-06-12,21.659208297729492,41.71559143066406,175.3207550048828,45.92382049560547,61.66
2019-06-13,21.860492706298828,41.626033782958984,174.9443359375,46.00802230834961,63.28
2019-06-14,21.78860092163086,41.772579193115234,175.62872314453125,46.344764709472656,63.13
2019-06-17,21.687963485717773,41.414363861083984,174.36256408691406,46.09218978881836,62.56
2019-06-18,21.759845733642578,41.22711181640625,174.96144104003906,45.9322395324707,63.35
2019-06-19,22.255861282348633,41.61788558959961,174.99566650390625,46.35316848754883,62.85
2019-06-20,22.378067016601562,42.05752944946289,175.48330688476562,46.68991470336914,65.44
2019-06-21,22.629667282104492,41.96796417236328,174.74757385253906,46.51312255859375,65.99
2019-06-24,21.939565658569336,42.269187927246094,174.45668029785156,46.580482482910156,65.16
2019-06-25,22.054582595825195,42.13893127441406,175.98805236816406,46.70675277709961,66.24
2019-06-26,22.169601440429688,41.61788558959961,174.99566650390625,45.84804916381836,66.85
2019-06-27,22.11928367614746,41.585330963134766,176.4671173095703,45.78037643432617,66.78
2019-06-28,22.313369750976562,41.4550666809082,177.65634155273438,45.59428787231445,67.52
2019-07-01,21.896432876586914,42.008670806884766,176.49282836914062,46.279457092285156,65.1
2019-07-02,21.939565658569336,42.31803512573242,179.2989044189453,46.48248291015625,62.72
2019-07-03,22.464330673217773,42.41572570800781,182.06224060058594,47.2099609375,63.53
2019-07-05,22.277427673339844,42.423885345458984,180.71908569335938,46.94772720336914,64.23
2019-07-08,22.0617733001709,42.334312438964844,181.5061492919922,46.8969841003418,64.89
2019-07-09,21.925186157226562,42.00053024291992,181.4462432861328,46.84621810913086,64.3
2019-07-10,22.500268936157227,42.18777847290039,182.22479248046875,46.97310256958008,66.41
2019-07-11,22.033018112182617,42.36688232421875,181.95953369140625,46.2117919921875,67.64
2019-07-12,22.14084243774414,42.43199920654297,182.21621704101562,46.13565444946289,66.65
2019-07-15,22.054582595825195,42.44015884399414,183.25999450683594,46.270999908447266,66.86
2019-07-16,21.79578971862793,42.448307037353516,182.8407440185547,46.33021926879883,65.87
2019-07-17,21.88205909729004,42.48085403442383,182.8321990966797,46.431732177734375,63.67
2019-07-18,22.320556640625,42.35873794555664,184.71434020996094,46.71932601928711,60.7
2019-07-19,22.672807693481445,41.837703704833984,182.96908569335938,46.431732177734375,61.04
2019-07-22,22.636857986450195,41.69929885864258,183.93576049804688,46.220245361328125,61.96
2019-07-23,22.967533111572266,44.23122024536133,183.345458984375,46.34714126586914,62.28
2019-07-24,23.053794860839844,43.78345489501953,182.0365753173828,46.03416061401367,63.83
2019-07-25,22.679988861083984,43.20541763305664,183.45668029785156,46.025691986083984,63.47
2019-07-26,22.895645141601562,44.100955963134766,184.43199157714844,46.36405563354492,62.46
2019-07-29,22.830951690673828,43.95441818237305,183.91873168945312,46.40635299682617,62.29
2019-07-30,22.88846206665039,43.7346076965332,181.66009521484375,46.36405563354492,62.55
2019-07-31,23.010658264160156,42.84721755981445,180.27423095703125,45.24746322631836,64.07
2019-08-01,23.384471893310547,42.35873794555664,180.72763061523438,45.36589050292969,62.9
2019-08-02,23.154434204101562,42.60298156738281,183.490966796875,45.475852966308594,61.12
2019-08-05,22.60091781616211,42.049381256103516,180.04319763183594,44.17315673828125,59.32
2019-08-06,21.982694625854492,42.55413055419922,183.14869689941406,44.68916702270508,58.63
2019-08-07,22.191162109375,43.29499053955078,185.50140380859375,45.1882438659668,55.03
2019-08-08,20.286190032958984,43.710174560546875,186.51095581054688,46.48248291015625,56.29
2019-08-09,19.049755096435547,43.490379333496094,189.1972198486328,46.262542724609375,57.37
2019-08-12,18.898792266845703,43.31126403808594,185.78370666503906,45.890350341796875,57.13
2019-08-13,18.661563873291016,43.55550765991211,187.98239135742188,46.16103744506836,59.9
2019-08-14,18.345273971557617,43.140296936035156,185.2019500732422,45.00214767456055,57.86
2019-08-15,18.01459503173828,43.856719970703125,186.73336791992188,45.492774963378906,57.37
2019-08-16,18.26619529724121,44.296348571777344,186.90443420410156,46.13565444946289,59.0
2019-08-19,18.481855392456055,44.5243034362793,187.169677734375,46.1525764465332,59.79
2019-08-20,18.357717514038086,43.8648681640625,186.90443420410156,45.67041778564453,59.03
2019-08-21,18.4526424407959,44.043968200683594,188.82078552246094,45.932647705078125,60.6
2019-08-22,18.708223342895508,44.36147689819336,187.77708435058594,46.11028289794922,59.81
2019-08-23,18.4964599609375,43.75089645385742,183.64491271972656,45.36589050292969,58.64
2019-08-26,18.67901039123535,44.40219497680664,185.56983947753906,46.067989349365234,58.64
2019-08-27,18.25548553466797,44.548736572265625,184.83407592773438,46.03416061401367,58.44
2019-08-28,18.379621505737305,44.866249084472656,186.56228637695312,46.42327117919922,60.42
2019-08-29,18.4964599609375,44.817386627197266,188.6753387451172,46.76163101196289,60.59
2019-08-30,18.635202407836914,44.80925369262695,187.4626922607422,46.710880279541016,61.04
2019-09-03,19.029516220092773,45.02091598510742,186.74026489257812,47.066158294677734,57.93
2019-09-04,19.175561904907227,45.40355682373047,187.91854858398438,47.53986358642578,60.68
2019-09-05,19.416532516479492,44.874366760253906,188.7699432373047,47.48910903930664,62.7
2019-09-06,19.920385360717773,44.963932037353516,189.23434448242188,47.90359878540039,61.28
2019-09-09,20.50456428527832,44.38589859008789,186.85206604003906,47.7767219543457,63.99
2019-09-10,21.14715576171875,44.28822326660156,180.3329620361328,45.9580192565918,64.67
2019-09-11,21.380826950073242,44.58943176269531,180.7801971435547,46.11028289794922,63.02
2019-09-12,21.19826889038086,44.866249084472656,182.457275390625,46.36405563354492,60.76
2019-09-13,21.358917236328125,44.4972038269043,180.4447784423828,45.746551513671875,61.25
2019-09-16,21.62910270690918,44.25119400024414,178.37205505371094,45.721168518066406,68.42
2019-09-17,20.70902442932129,44.48080825805664,180.4791717529297,46.270999908447266,65.59
2019-09-18,20.745532989501953,44.472599029541016,180.97801208496094,46.28792953491211,64.29
2019-09-19,20.55567741394043,44.71041488647461,181.055419921875,46.558616638183594,64.25
2019-09-20,20.54837417602539,44.21017074584961,180.0835723876953,46.228721618652344,65.23
2019-09-23,20.592187881469727,44.3988037109375,181.93264770507812,46.19487762451172,64.66
2019-09-24,20.395034790039062,44.53002166748047,182.345458984375,46.567081451416016,64.13
2019-09-25,20.54837417602539,44.423404693603516,182.87008666992188,46.68549346923828,62.41
2019-09-26,20.453447341918945,44.60381317138672,182.8442840576172,47.10844802856445,62.08
2019-09-27,20.329313278198242,44.538204193115234,183.3258819580078,47.09568786621094,62.48
2019-09-30,20.398679733276367,44.64482116699219,184.6589813232422,47.03617477416992,60.99
2019-10-01,19.964200973510742,44.81703567504883,179.765380859375,46.45800018310547,60.06
2019-10-02,19.387331008911133,43.52951431274414,177.4001922607422,45.89683151245117,57.92
2019-10-03,19.38002586364746,44.15277099609375,180.6339874267578,46.35597610473633,58.01
2019-10-04,19.697668075561523,44.726829528808594,182.06166076660156,47.59734344482422,59.13
2019-10-07,19.672115325927734,44.1773681640625,182.2594757080078,46.82361602783203,59.46
2019-10-08,19.50416374206543,43.9395637512207,181.56289672851562,46.389991760253906,58.14
2019-10-09,19.51876449584961,44.14457321166992,183.0421142578125,46.72159194946289,59.7
2019-10-10,19.672115325927734,44.005157470703125,182.12181091308594,47.112701416015625,59.08
2019-10-11,19.774341583251953,43.709930419921875,179.765380859375,46.611053466796875,60.59
2019-10-14,19.949596405029297,43.709930419921875,179.21493530273438,46.10090637207031,58.81
2019-10-15,20.073732376098633,43.88215637207031,178.21731567382812,45.94786071777344,59.19
2019-10-16,20.03721809387207,43.865745544433594,179.14613342285156,46.143409729003906,59.3
2019-10-17,20.278194427490234,44.11176681518555,177.8990936279297,46.44950485229492,59.35
2019-10-18,20.161359786987305,44.92362976074219,179.318115234375,46.32196044921875,59.96
2019-10-21,20.307401657104492,44.472599029541016,180.4791717529297,45.54822540283203,58.95
2019-10-22,20.811256408691406,44.16097640991211,171.3800048828125,44.81700897216797,60.5
2019-10-23,20.89157485961914,44.808837890625,171.32838439941406,44.76600646972656,60.52
2019-10-24,20.77474021911621,44.78423309326172,168.58485412597656,45.097599029541016,61.71
2019-10-25,20.723623275756836,44.0789680480957,167.3721923828125,44.8680305480957,62.06
2019-10-28,20.71632957458496,43.93135452270508,164.93829345703125,44.56193542480469,60.39
2019-10-29,20.54837417602539,43.800148010253906,165.66073608398438,44.919044494628906,61.05
2019-10-30,20.811256408691406,44.23478317260742,169.33311462402344,44.238834381103516,60.22
2019-10-31,23.60799789428711,44.636619567871094,169.1696319580078,44.595951080322266,59.3
2019-11-01,23.812458038330078,44.201988220214844,166.79598999023438,44.238834381103516,60.17
2019-11-04,24.338214874267578,43.57872772216797,162.2549591064453,43.99226760864258,62.52
2019-11-05,24.03152084350586,42.9882698059082,165.2822723388672,43.958251953125,62.72
2019-11-06,24.199472427368164,43.299888610839844,167.00238037109375,44.40038299560547,62.11
2019-11-07,23.892780303955078,42.88166809082031,166.05630493164062,43.99226760864258,62.6
2019-11-08,23.98771095275879,42.8160514831543,166.5121612548828,43.98375701904297,62.0
2019-11-11,23.92198944091797,42.51262664794922,165.67787170410156,44.043270111083984,62.58
2019-11-12,24.0826358795166,42.4060173034668,166.22833251953125,44.272850036621094,62.19
2019-11-13,24.316303253173828,42.98006820678711,167.70758056640625,44.808502197265625,62.27
2019-11-14,22.882455825805664,43.16048812866211,166.8475799560547,44.97856140136719,62.46
2019-11-15,23.133745193481445,43.19328689575195,166.82177734375,44.91054153442383,63.32
2019-11-18,22.919410705566406,43.4885139465332,167.08839416503906,45.13159942626953,62.82
2019-11-19,23.133745193481445,43.52951431274414,166.36595153808594,44.81700897216797,62.37
2019-11-20,22.97854232788086,43.64432907104492,166.95936584472656,44.56193542480469,63.8
2019-11-21,22.35030746459961,43.431114196777344,165.4285125732422,44.272850036621094,64.99
2019-11-22,22.572036743164062,43.4885139465332,166.10794067382812,44.043270111083984,64.83
2019-11-25,22.956363677978516,43.64432907104492,165.0328826904297,44.24734115600586,64.67
2019-11-26,22.520299911499023,44.201988220214844,166.8561248779297,44.740482330322266,64.82
2019-11-27,22.446393966674805,44.242977142333984,168.82569885253906,44.834014892578125,65.03
2019-11-29,22.5424747467041,44.11905288696289,168.332275390625,44.67245864868164,64.5
2019-12-02,22.875072479248047,44.40822219848633,168.93817138671875,44.92754364013672,63.2
2019-12-03,22.764205932617188,44.44953536987305,167.1551513671875,45.17412185668945,62.95
2019-12-04,22.93419647216797,44.854366302490234,168.18511962890625,45.35267639160156,65.25
2019-12-05,23.0967960357666,44.77174377441406,168.09860229492188,45.752296447753906,65.67
2019-12-06,22.97854232788086,44.961761474609375,169.0853729248047,45.777801513671875,66.5
2019-12-09,23.59937858581543,44.672607421875,168.50540161132812,46.05838394165039,66.44
2019-12-10,23.562427520751953,44.42475128173828,168.73910522460938,45.96485137939453,66.57
2019-12-11,23.355478286743164,44.573455810546875,168.5400390625,45.85432052612305,65.37
2019-12-12,23.606773376464844,44.73044204711914,169.91624450683594,45.04657745361328,66.67
2019-12-13,23.355478286743164,44.961761474609375,170.61732482910156,45.26763916015625,67.44
2019-12-16,23.458953857421875,44.961761474609375,171.27517700195312,45.667266845703125,68.04
2019-12-17,23.37026023864746,44.961761474609375,170.0980224609375,45.9903678894043,68.99
2019-12-18,23.46634864807129,44.540409088134766,169.32769775390625,46.364479064941406,69.12
2019-12-19,23.57720947265625,44.87915802001953,170.5653839111328,46.891632080078125,69.7
2019-12-20,23.813722610473633,45.41618728637695,170.63465881347656,47.10420608520508,68.66
2019-12-23,23.59199333190918,45.36662292480469,169.82106018066406,46.53452682495117,67.49
2019-12-24,23.63633918762207,45.201377868652344,170.2278594970703,46.75559997558594,69.26
2019-12-26,23.37765121459961,45.457496643066406,170.5653839111328,46.63655090332031,69.26
2019-12-27,23.37026023864746,45.73014450073242,171.5261993408203,47.00216293334961,68.91
2019-12-30,23.43678092956543,45.6640510559082,170.43560791015625,47.00644302368164,68.3
2019-12-31,23.747201919555664,45.73014450073242,171.0414581298828,47.0748176574707,67.77
2020-01-02,23.36287498474121,45.432708740234375,173.7938995361328,46.4338264465332,67.05
2020-01-03,23.08940887451172,45.18484115600586,173.17938232421875,46.356903076171875,69.08
2020-01-06,23.141141891479492,45.16831588745117,175.12684631347656,46.279972076416016,70.25
2020-01-07,22.734642028808594,44.821319580078125,175.3865509033203,46.08339309692383,68.74
2020-01-08,22.608993530273438,44.90393829345703,178.2255401611328,46.19449996948242,67.31
2020-01-09,22.60160255432129,45.72187805175781,180.33746337890625,46.31416320800781,66.58
2020-01-10,22.690292358398438,45.87885284423828,179.40269470214844,46.36544418334961,66.77
2020-01-13,23.0302791595459,46.374576568603516,178.74484252929688,46.65602493286133,64.14
2020-01-14,23.451562881469727,46.26716613769531,179.44598388671875,46.31416320800781,64.45
2020-01-15,23.355478286743164,46.845516204833984,181.56654357910156,46.78422927856445,63.29
2020-01-16,23.451562881469727,46.944664001464844,182.50137329101562,47.168827056884766,64.63
2020-01-17,22.93419647216797,47.04379653930664,183.4794464111328,47.143184661865234,64.05
2020-01-21,22.919410705566406,47.233829498291016,182.76968383789062,47.46795654296875,63.66
2020-01-22,22.66811752319336,47.597354888916016,183.01205444335938,47.408138275146484,62.11
2020-01-23,22.675514221191406,47.77911376953125,184.72581481933594,47.38249206542969,61.26
2020-01-24,22.475955963134766,47.65518569946289,182.8389434814453,47.083370208740234,59.34
2020-01-27,22.431610107421875,47.48994827270508,181.19439697265625,46.74150085449219,58.54
2020-01-28,22.269004821777344,47.101627349853516,182.1031951904297,46.87823486328125,59.37
2020-01-29,21.892066955566406,47.101627349853516,185.60870361328125,46.63039779663086,59.46
2020-01-30,22.12858009338379,48.630096435546875,187.11473083496094,50.25415802001953,57.72
2020-01-31,21.58165168762207,48.25005340576172,185.20188903808594,49.0405387878418,57.77
2020-02-03,21.544687271118164,48.39876174926758,186.2491455078125,49.185821533203125,54.0
2020-02-04,21.544687271118164,48.61357879638672,185.76451110839844,49.0832633972168,53.9
2020-02-05,21.707292556762695,48.62184143066406,185.54808044433594,49.502052307128906,55.36
2020-02-06,21.47817611694336,48.737510681152344,184.24977111816406,49.92938995361328,55.18
2020-02-07,21.832942962646484,48.90274429321289,183.1591796875,50.1345100402832,54.53
2020-02-10,21.943805694580078,49.365421295166016,184.5440673828125,50.39946365356445,53.39
2020-02-11,22.180316925048828,49.23323059082031,186.72523498535156,50.31398010253906,54.0
2020-02-12,22.202491760253906,49.08450698852539,188.22265625,50.382354736328125,55.54
2020-02-13,20.524736404418945,49.249759674072266,188.18801879882812,50.45073699951172,56.34
2020-02-14,19.866941452026367,49.53065872192383,187.9024200439453,51.00626754760742,57.37
2020-02-18,20.19953155517578,49.183650970458984,187.08880615234375,50.989166259765625,57.35
2020-02-19,20.18475341796875,49.3819465637207,186.63868713378906,50.681495666503906,59.72
2020-02-20,20.266050338745117,49.34063720703125,186.1626739501953,50.45928192138672,59.72
2020-02-21,20.147794723510742,49.67937088012695,186.84640502929688,50.21142578125,58.6
2020-02-24,19.68216323852539,48.45661163330078,184.8123779296875,49.34821701049805,56.04
2020-02-25,19.268272399902344,47.7708625793457,183.58328247070312,48.73286819458008,56.71
2020-02-26,18.950456619262695,47.58909606933594,181.85223388671875,48.59611892700195,54.96
2020-02-27,18.45526695251465,45.38313293457031,173.97569274902344,46.54492950439453,52.19
2020-02-28,18.30744743347168,44.19340515136719,169.11573791503906,45.12618637084961,51.31
2020-03-02,19.268272399902344,46.20106887817383,176.41441345214844,47.51924133300781,52.52
2020-03-03,18.846986770629883,46.31674575805664,173.7666473388672,46.826969146728516,52.24
2020-03-04,19.549131393432617,48.67967224121094,180.3075714111328,49.57897186279297,51.86
2020-03-05,19.69694709777832,46.87855529785156,172.7301788330078,48.59611892700195,51.29
2020-03-06,19.23870849609375,45.65577697753906,173.20053100585938,47.57052230834961,45.6
2020-03-09,17.708776473999023,42.84670639038086,162.74893188476562,46.10049819946289,35.33
2020-03-10,18.107885360717773,44.333866119384766,174.07150268554688,46.92952346801758,36.66
2020-03-11,17.487045288085938,43.13587188720703,163.95957946777344,44.73304748535156,34.45
2020-03-12,15.081257820129395,38.96356201171875,148.17764282226562,40.60501480102539,31.05
2020-03-13,18.020830154418945,40.3970947265625,154.27439880371094,43.519412994384766,33.0
2020-03-16,16.5548038482666,37.72173309326172,129.78282165527344,38.545284271240234,28.04
2020-03-17,17.915576934814453,39.32195281982422,128.5721893310547,41.72462463378906,28.04
2020-03-18,17.81032371520996,37.38002395629883,119.58379364013672,39.78453826904297,26.93
2020-03-19,16.750274658203125,34.863014221191406,130.2095947265625,38.861507415771484,23.3
2020-03-20,16.750274658203125,31.92095947265625,129.3298797607422,37.02397918701172,25.4
2020-03-23,15.615043640136719,31.30419921875,119.40959167480469,35.83600997924805,25.06
2020-03-24,17.2840576171875,32.8794059753418,141.05313110351562,39.8785514831543,23.75
2020-03-25,17.26150131225586,34.67966079711914,141.9501953125,39.40849685668945,25.62
2020-03-26,18.622272491455078,36.913299560546875,145.75636291503906,41.79299545288086,23.55
2020-03-27,18.22381591796875,35.679786682128906,142.84732055664062,40.92979049682617,22.39
2020-03-30,18.922998428344727,37.50503921508789,146.43572998046875,43.96051025390625,19.07
2020-03-31,18.599721908569336,36.87995529174805,144.014404296875,43.05775451660156,19.19
2020-04-01,17.80280303955078,35.10472106933594,137.76084899902344,41.85405349731445,14.97
2020-04-02,18.5245418548584,36.629920959472656,140.6612091064453,43.315673828125,20.24
2020-04-03,19.035770416259766,36.5299072265625,139.6421661376953,43.66819381713867,24.33
2020-04-06,19.47933578491211,38.89689636230469,154.19601440429688,44.73431396484375,22.58
2020-04-07,20.005605697631836,38.763545989990234,152.93312072753906,44.53656005859375,22.1
2020-04-08,20.53938102722168,39.8553581237793,154.58792114257812,44.52797317504883,25.22
2020-04-09,21.133316040039062,40.83881759643555,159.99667358398438,45.000850677490234,20.23
2020-04-14,21.388931274414062,40.77214813232422,160.24925231933594,46.8665657043457,21.74
2020-04-15,21.088205337524414,39.68033218383789,154.89279174804688,46.17874526977539,19.8
2020-04-16,21.975339889526367,39.255271911621094,156.33856201171875,45.938011169433594,18.69
2020-04-17,22.050521850585938,40.055389404296875,162.0869903564453,45.98099899291992,19.75
2020-04-20,21.93023109436035,38.78021240234375,158.21116638183594,45.98958969116211,17.36
2020-04-21,21.403963088989258,37.82175064086914,154.66635131835938,43.91752624511719,9.12
2020-04-22,21.621984481811523,38.07179260253906,162.4179229736328,44.897666931152344,13.77
2020-04-23,21.449073791503906,37.5633659362793,158.5508270263672,44.13247299194336,15.06
2020-04-24,21.975339889526367,37.863426208496094,160.27537536621094,44.201255798339844,15.87
2020-04-27,22.697072982788086,38.98857116699219,161.90408325195312,44.26144027709961,15.17
2020-04-28,22.87750244140625,38.955223083496094,161.9388885498047,43.994903564453125,15.6
2020-04-29,22.952688217163086,39.271942138671875,163.58505249023438,43.8917350769043,17.86
2020-04-30,22.802324295043945,38.246803283691406,163.35858154296875,44.227046966552734,18.11
2020-05-01,22.08810806274414,38.00510787963867,159.0908966064453,43.5908088684082,18.49
2020-05-04,21.74979591369629,37.6217155456543,158.4027862548828,43.040557861328125,20.4
2020-05-05,21.75731086730957,37.838409423828125,156.11215209960938,43.264095306396484,25.46
2020-05-06,22.103145599365234,37.29668045043945,154.13504028320312,43.10933303833008,24.2
2020-05-07,21.67461585998535,37.171661376953125,157.74954223632812,43.126522064208984,24.23
2020-05-11,22.050521850585938,37.95509338378906,157.54054260253906,43.66819381713867,25.53
2020-05-12,22.08810806274414,37.35502243041992,153.76052856445312,43.33287811279297,26.67
2020-05-13,21.621984481811523,36.62158203125,150.5205535888672,42.610660552978516,27.89
2020-05-14,21.65206527709961,36.421566009521484,152.77638244628906,42.576271057128906,29.87
2020-05-15,21.95278549194336,36.054840087890625,151.38279724121094,42.9545783996582,30.95
2020-05-18,23.20830535888672,37.480037689208984,156.62603759765625,43.82294845581055,33.3
2020-05-19,22.486568450927734,37.12165451049805,156.39955139160156,42.89438247680664,33.06
2020-05-20,22.73466682434082,38.246803283691406,160.34507751464844,42.774009704589844,34.76
2020-05-21,22.336204528808594,37.646724700927734,161.1986083984375,42.369930267333984,34.78
2020-05-22,22.516639709472656,37.53003692626953,160.6150665283203,42.73103332519531,33.8
2020-05-26,22.71587371826172,38.41349411010742,160.9895782470703,42.63644790649414,33.95
2020-05-27,23.328594207763672,38.9468994140625,163.49790954589844,43.289886474609375,32.73
2020-05-28,23.145803451538086,39.24694061279297,164.37762451171875,44.201255798339844,33.98
2020-05-29,23.20673370361328,38.905235290527344,163.36061096191406,44.81169509887695,34.15
2020-06-01,23.17245864868164,39.16360855102539,164.31626892089844,44.92346954345703,36.74
2020-06-02,23.937891006469727,39.088584899902344,164.47409057617188,44.897666931152344,37.72
2020-06-03,23.84649658203125,39.922027587890625,169.47166442871094,44.78590393066406,37.98
2020-06-04,23.983592987060547,39.938697814941406,169.42784118652344,44.098079681396484,38.41
2020-06-05,24.84422492980957,40.913841247558594,172.86480712890625,45.16420364379883,41.0
2020-06-08,25.87242317199707,41.547245025634766,177.6782989501953,46.09276580810547,39.66
2020-06-09,25.209802627563477,40.83881759643555,174.93402099609375,45.52531814575195,40.45
2020-06-10,24.75283432006836,40.52211380004883,171.67237854003906,45.662872314453125,41.18
2020-06-11,23.747488021850586,37.95509338378906,164.4039306640625,43.44464874267578,37.76
2020-06-12,24.219694137573242,38.350379943847656,165.85940551757812,43.61660385131836,38.54
2020-06-15,24.463411331176758,38.9390869140625,166.1399383544922,44.03789520263672,39.44
2020-06-16,24.92800521850586,39.3343620300293,166.86767578125,45.20718765258789,40.75
2020-06-17,24.981311798095703,39.17457580566406,167.27975463867188,45.318965911865234,40.47
2020-06-18,25.270732879638672,39.5193977355957,166.1399383544922,45.64567947387695,41.75
2020-06-19,25.49922752380371,38.70360565185547,163.57098388671875,45.189998626708984,42.33
2020-06-22,25.24789047241211,38.46812057495117,164.360107421875,45.009437561035156,43.2
2020-06-23,24.676668167114258,38.38401412963867,163.6236114501953,44.63973617553711,42.72
2020-06-24,24.471031188964844,37.55141830444336,161.58071899414062,43.53923416137695,40.4
2020-06-25,24.28062629699707,37.78689956665039,160.23924255371094,43.70258712768555,41.18
2020-06-26,23.53423500061035,36.64311218261719,157.59140014648438,43.05775451660156,40.97
2020-06-29,24.09783363342285,37.30751037597656,160.2743377685547,43.73653030395508,41.58
2020-06-30,24.288238525390625,37.57664108276367,161.73854064941406,44.212120056152344,41.64
2020-07-01,24.120681762695312,37.69438171386719,161.90513610839844,44.168888092041016,42.18
2020-07-02,24.227312088012695,37.74483871459961,160.9055938720703,44.52341842651367,43.19
2020-07-06,24.37201690673828,38.03920364379883,165.27195739746094,44.63581848144531,42.73
2020-07-07,24.410099029541016,38.02237319946289,162.9221954345703,44.53205871582031,43.28
2020-07-08,24.26539421081543,37.90463638305664,162.94851684570312,44.3072395324707,43.67
2020-07-09,23.892196655273438,36.9290657043457,161.61578369140625,43.45983123779297,42.35
2020-07-10,24.585275650024414,37.971920013427734,162.0980224609375,44.48018264770508,43.27
2020-07-13,24.76044464111328,38.05601119995117,162.13307189941406,44.66176223754883,42.85
2020-07-14,25.369752883911133,38.577449798583984,167.21835327148438,45.69940948486328,42.97
2020-07-15,25.24789047241211,39.023197174072266,168.1389923095703,45.4572868347168,43.96
2020-07-16,26.199922561645508,38.81293487548828,167.3937225341797,45.86370849609375,43.71
2020-07-17,26.66451072692871,39.37641525268555,167.88475036621094,46.75434112548828,43.53
2020-07-20,25.986665725708008,38.78770446777344,167.9987335205078,46.192283630371094,43.3
2020-07-21,26.298925399780273,39.696006774902344,169.1998748779297,46.72840118408203,44.31
2020-07-22,26.580734252929688,40.77250671386719,174.1448974609375,47.16939163208008,43.98
2020-07-23,26.550268173217773,40.604305267333984,173.2067108154297,47.45473861694336,42.96
2020-07-24,26.41318130493164,40.780921936035156,174.23257446289062,47.44610595703125,43.29
2020-07-27,26.53504180908203,40.77250671386719,176.4508056640625,48.060035705566406,43.39
2020-07-28,26.84729766845703,40.52021026611328,172.0581817626953,48.172447204589844,43.11
2020-07-29,27.09101676940918,40.38563537597656,172.03187561035156,49.106327056884766,43.51
2020-07-30,26.192302703857422,40.10810089111328,171.33045959472656,48.22433090209961,42.98
2020-07-31,26.18468475341797,39.72964859008789,170.33969116210938,47.98221206665039,43.13
2020-08-03,26.496959686279297,38.9390869140625,170.4449005126953,47.98221206665039,43.76
2020-08-04,26.717823028564453,39.267093658447266,174.79367065429688,48.060035705566406,43.99
2020-08-05,26.489337921142578,39.712825775146484,174.7060089111328,47.6882209777832,44.92
2020-08-06,26.870147705078125,39.93149185180664,178.14300537109375,47.98221206665039,45.04
2020-08-07,26.969161987304688,40.20060348510742,179.38795471191406,48.07732391357422,44.07
2020-08-10,26.496959686279297,40.13333511352539,178.9671173095703,47.98221206665039,44.19
2020-08-11,26.375099182128906,40.3099479675293,179.73873901367188,47.7314567565918,43.68
2020-08-12,26.908233642578125,40.7304573059082,180.63302612304688,48.44914245605469,45.09
2020-08-13,27.09101676940918,40.68842697143555,181.0450897216797,48.431846618652344,44.87
2020-08-14,27.10625648498535,40.74728012084961,181.51853942871094,48.52696228027344,44.86
2020-08-17,27.36520767211914,40.54543685913086,182.9564971923828,48.87284469604492,44.91
2020-08-18,27.15957260131836,40.7220458984375,184.40318298339844,49.52138137817383,45.34
2020-08-19,26.98439598083496,39.83898162841797,183.69296264648438,49.080379486083984,45.21
2020-08-20,26.542654037475586,39.8221549987793,184.01739501953125,49.49543380737305,44.56
2020-08-21,26.321786880493164,39.763282775878906,185.4991455078125,49.69431686401367,43.94
2020-08-24,26.725446701049805,40.343589782714844,186.41970825195312,50.135318756103516,44.43
2020-08-25,26.938697814941406,40.29313278198242,186.446044921875,50.057491302490234,46.01
2020-08-26,26.89299774169922,40.50338363647461,187.41925048828125,50.463897705078125,45.79
2020-08-27,26.777448654174805,40.56224822998047,186.04273986816406,50.265018463134766,44.84
2020-08-28,26.869890213012695,41.90787887573242,188.4275665283203,50.42066955566406,45.22
2020-09-01,26.299823760986328,41.310760498046875,187.57211303710938,50.32554626464844,45.72
2020-09-02,26.73893165588379,43.051658630371094,190.6940155029297,51.02595520019531,42.7
2020-09-03,25.845319747924805,42.45454406738281,188.55101013183594,50.00562286376953,42.72
2020-09-04,25.783687591552734,42.92551803588867,186.7254638671875,50.04884338378906,41.1
2020-09-08,24.46639060974121,41.891056060791016,188.35699462890625,48.76044464111328,38.53
2020-09-09,24.38164710998535,42.21064758300781,190.2354736328125,49.72026062011719,39.98
2020-09-10,24.273801803588867,42.05085754394531,191.58474731445312,49.37437438964844,39.27
2020-09-11,24.427873611450195,42.94233322143555,192.25498962402344,49.76348876953125,38.8
2020-09-14,24.55112648010254,42.99319839477539,194.51266479492188,50.1612548828125,38.57
2020-09-15,24.62816047668457,43.28145980834961,196.10891723632812,50.23042297363281,39.54
2020-09-16,24.158246994018555,43.06102752685547,198.26077270507812,50.12667465209961,41.23
2020-09-17,23.603591918945312,42.8575439453125,196.2941436767578,49.46949005126953,42.35
2020-09-18,22.910276412963867,42.772769927978516,194.25694274902344,48.87284469604492,42.16
2020-09-21,22.840951919555664,41.61972427368164,190.85279846191406,48.29350280761719,40.37
2020-09-22,22.517393112182617,42.10297775268555,190.85279846191406,48.25891876220703,40.84
2020-09-23,22.16303825378418,40.87363815307617,189.58285522460938,47.402862548828125,41.09
2020-09-24,22.21695899963379,41.289066314697266,190.59701538085938,48.085975646972656,41.24
2020-09-25,22.44036293029785,41.306034088134766,192.4136962890625,48.561561584472656,40.91
2020-09-28,22.979610443115234,41.78081512451172,194.2480926513672,49.29655456542969,41.59
2020-09-29,22.79472541809082,41.47559356689453,192.85472106933594,49.109619140625,40.33
2020-09-30,23.072050094604492,41.857112884521484,193.56903076171875,49.95304489135742,40.3
2020-10-01,23.39560317993164,41.69602584838867,193.6572265625,50.353004455566406,39.75
2020-10-02,23.47263526916504,41.848628997802734,196.37347412109375,49.440025329589844,38.0
2020-10-05,23.880924224853516,41.8655891418457,199.37200927734375,49.63131332397461,39.78
2020-10-06,23.6267032623291,41.492557525634766,197.62579345703125,48.770503997802734,41.27
2020-10-07,23.757665634155273,42.01820755004883,199.73355102539062,48.857452392578125,40.62
2020-10-08,24.050403594970703,42.78124237060547,199.13385009765625,49.12699890136719,42.0
2020-10-09,23.965662002563477,43.07799530029297,198.2783966064453,49.82260513305664,41.63
2020-10-12,24.38164710998535,43.31537628173828,199.40725708007812,50.99643325805664,40.5
2020-10-13,24.967121124267578,42.577754974365234,200.50082397460938,51.21381759643555,41.34
2020-10-14,24.766822814941406,42.492984771728516,200.73892211914062,50.944271087646484,41.81
2020-10-15,24.88237953186035,42.38277053833008,202.52037048339844,50.726898193359375,41.61
2020-10-16,24.774532318115234,42.41667175292969,202.28225708007812,50.40517807006836,41.34
2020-10-19,24.45868492126465,42.069068908691406,199.3102264404297,49.70956802368164,41.29
2020-10-20,24.64356803894043,42.60319900512695,200.5889892578125,49.54436492919922,41.62
2020-10-21,24.21988296508789,42.38277053833008,201.24160766601562,49.40523910522461,40.09
2020-10-22,24.058101654052734,42.9677619934082,202.0882110595703,49.40523910522461,41.28
2020-10-23,24.165952682495117,42.83211135864258,201.70021057128906,49.2226448059082,40.71
2020-10-26,23.557374954223633,42.2216796875,197.7845458984375,48.022743225097656,39.06
2020-10-27,23.634408950805664,42.30646896362305,196.63809204101562,47.8314323425293,39.72
2020-10-28,22.509693145751953,40.66168212890625,189.33587646484375,46.214168548583984,37.86
2020-10-29,23.141382217407227,40.712554931640625,189.56517028808594,46.24894332885742,36.56
2020-10-30,23.565078735351562,40.746463775634766,187.84547424316406,46.188079833984375,36.33
2020-11-02,24.39706039428711,41.221248626708984,187.4574432373047,47.24887466430664,37.78
2020-11-03,24.481796264648438,41.840152740478516,191.1967315673828,47.318443298339844,38.17
2020-11-04,24.512611389160156,41.68754577636719,189.49464416503906,47.770572662353516,39.68
2020-11-05,24.420166015625,41.91645812988281,190.76458740234375,48.379241943359375,39.47
2020-11-06,24.296911239624023,41.92494583129883,190.98507690429688,48.553131103515625,38.08
2020-11-09,23.58818817138672,44.57015609741211,188.0395050048828,48.6226921081543,40.93
2020-11-10,23.480342864990234,45.765586853027344,188.127685546875,49.640018463134766,42.25
2020-11-11,24.150545120239258,45.426456451416016,192.27264404296875,50.2051887512207,42.5
2020-11-12,23.957956314086914,44.94319534301758,187.90724182128906,49.970428466796875,42.16
2020-11-13,24.350839614868164,45.31624221801758,188.0924072265625,50.483428955078125,41.51
2020-11-16,24.766822814941406,45.65536117553711,191.13497924804688,51.022525787353516,42.71
2020-11-17,24.33542823791504,45.51123809814453,190.5000457763672,50.90079116821289,42.54
2020-11-18,24.366239547729492,44.60407257080078,190.06790161132812,50.22257995605469,42.91
2020-11-19,24.558834075927734,45.044944763183594,189.70628356933594,50.083457946777344,43.09
2020-11-20,24.851564407348633,44.65494155883789,188.80677795410156,49.68349075317383,43.79
2020-11-23,25.11348533630371,44.66341781616211,191.37307739257812,49.866092681884766,45.0
2020-11-24,26.06101417541504,45.12124252319336,193.76307678222656,50.274749755859375,46.63
2020-11-25,25.367202758789062,44.875370025634766,193.43678283691406,49.98781967163086,47.3
2020-11-27,25.601072311401367,44.68036651611328,192.54605102539062,49.96172332763672,46.88
2020-11-30,25.67902946472168,44.09078598022461,192.9009246826172,49.95304489135742,46.84
2020-12-01,25.83494758605957,44.46675491333008,191.7476043701172,50.83122634887695,47.03
2020-12-02,25.554298400878906,44.52656936645508,187.0634765625,50.55299377441406,47.8
2020-12-03,26.076610565185547,45.099063873291016,187.64012145996094,50.91818618774414,48.37
2020-12-04,26.598922729492188,46.013343811035156,186.95703125,51.326847076416016,49.1
2020-12-07,26.193544387817383,45.27850341796875,185.3157958984375,50.787757873535156,48.63
2020-12-08,26.770429611206055,45.440853118896484,184.87220764160156,50.68342971801758,48.84
2020-12-09,26.6768798828125,45.569026947021484,185.13841247558594,50.187801361083984,48.81
2020-12-10,26.583328247070312,45.329769134521484,184.5617218017578,49.718265533447266,50.33
2020-12-11,26.55994987487793,45.586116790771484,184.31333923339844,49.9095573425293,50.01
2020-12-14,26.832794189453125,45.51775360107422,188.00384521484375,49.813926696777344,50.27
2020-12-15,26.762632369995117,46.00480651855469,190.61207580566406,49.95304489135742,50.77
2020-12-16,26.840593338012695,45.33831787109375,189.671630859375,49.73565673828125,50.83
2020-12-17,26.988704681396484,45.51775360107422,190.07089233398438,50.37038803100586,51.2
2020-12-18,27.105642318725586,45.91935348510742,190.80723571777344,50.70949935913086,52.17
2020-12-21,26.949724197387695,45.12470626831055,187.78207397460938,50.153011322021484,50.61
2020-12-22,26.80940055847168,45.081966400146484,188.00384521484375,49.70087432861328,49.88
2020-12-23,27.1290283203125,45.35540008544922,188.0925750732422,49.866092681884766,51.05
2020-12-24,27.269351959228516,45.66300964355469,187.53367614746094,50.300838470458984,50.88
2020-12-28,27.448652267456055,46.278236389160156,189.86683654785156,50.6660270690918,50.88
2020-12-29,27.206987380981445,46.252601623535156,188.7046661376953,50.822540283203125,50.44
2020-12-30,27.02768325805664,46.517486572265625,187.6844940185547,50.704524993896484,50.74
2020-12-31,27.019886016845703,46.85927963256836,190.36370849609375,51.11539840698242,51.22
2021-01-04,26.684673309326172,45.081966400146484,186.4956817626953,50.634578704833984,50.37
2021-01-05,26.1701602935791,44.586387634277344,187.613525390625,50.687034606933594,53.16
2021-01-06,26.458602905273438,43.1679573059082,187.1876983642578,50.59086608886719,53.8
2021-01-07,26.26760482788086,42.689449310302734,188.05709838867188,50.49470901489258,53.7
2021-01-08,26.209136962890625,43.64645767211914,191.50808715820312,50.8706169128418,55.51
2021-01-11,25.608869552612305,42.89452362060547,190.0531463623047,49.90897750854492,54.84
2021-01-12,25.086563110351562,42.817623138427734,187.72000122070312,50.11005401611328,55.98
2021-01-13,24.954025268554688,42.86034393310547,188.1546630859375,50.15375518798828,55.52
2021-01-14,25.00860023498535,42.06568145751953,184.96983337402344,50.101318359375,55.76
2021-01-15,24.93843650817871,41.61281204223633,186.22064208984375,50.02263259887695,54.8
2021-01-19,25.22688102722168,41.45046615600586,185.49319458007812,49.95269012451172,55.38
2021-01-20,25.616666793823242,41.59572982788086,189.5208740234375,49.91770935058594,55.66
2021-01-21,25.554298400878906,41.826438903808594,189.4321746826172,49.060977935791016,55.68
2021-01-22,25.6556396484375,41.433380126953125,189.2991180419922,49.17464065551758,55.22
2021-01-25,26.310482025146484,41.68117904663086,189.2636260986328,49.71665573120117,55.44
2021-01-26,26.80940055847168,42.1169548034668,191.07334899902344,50.34608840942383,55.26
2021-01-27,27.08225440979004,41.46754837036133,183.6390838623047,49.323246002197266,55.07
2021-01-28,26.47418785095215,41.9973258972168,183.47943115234375,49.935203552246094,54.87
2021-01-29,26.123382568359375,41.14284896850586,184.38430786132812,48.46651840209961,55.25
2021-02-01,25.920696258544922,41.42483901977539,184.4641571044922,48.3004264831543,56.42
2021-02-02,25.850536346435547,41.8349723815918,186.0876007080078,49.09597396850586,57.62
2021-02-03,25.733598709106445,41.672630310058594,185.15611267089844,48.3266487121582,58.61
2021-02-04,25.66343879699707,41.87770080566406,187.21429443359375,48.956085205078125,58.98
2021-02-05,26.34946060180664,42.424560546875,188.58935546875,49.13966369628906,59.48
2021-02-08,26.435213088989258,42.655269622802734,187.70220947265625,48.97357177734375,60.17
2021-02-09,26.279293060302734,42.467288970947266,191.60565185546875,48.51898193359375,60.74
2021-02-10,26.41961669921875,42.3818473815918,190.20396423339844,48.3004264831543,61.17
2021-02-11,27.705909729003906,42.97996520996094,190.08863830566406,48.67633819580078,61.09
2021-02-12,27.588977813720703,43.31321716308594,189.76040649414062,48.24797439575195,62.47
2021-02-16,27.565587997436523,42.954341888427734,190.76290893554688,47.97695541381836,63.96
2021-02-17,28.859676361083984,42.834720611572266,189.36119079589844,48.011932373046875,65.02
2021-02-18,30.372047424316406,43.38157272338867,191.1177520751953,49.06973648071289,64.09
2021-02-19,29.218280792236328,42.817623138427734,188.28775024414062,47.47866439819336,62.84
2021-02-22,29.02338409423828,43.2619514465332,188.12803649902344,47.487396240234375,64.73
2021-02-23,28.937633514404297,43.18505096435547,187.4716033935547,47.90702438354492,65.16
2021-02-24,29.311824798583984,43.33030319213867,189.2014923095703,47.49614334106445,66.85
2021-02-25,29.0545711517334,42.868892669677734,187.143310546875,47.24262237548828,66.69
2021-02-26,28.36075210571289,41.860618591308594,184.0013427734375,46.47331237792969,65.86
2021-03-01,28.914241790771484,42.63819122314453,185.884765625,46.910423278808594,64.56
2021-03-02,29.093547821044922,42.80906677246094,186.25962829589844,46.92790603637695,63.17
2021-03-03,29.608060836791992,42.706539154052734,183.71572875976562,46.280982971191406,64.7
2021-03-04,29.007789611816406,42.67235565185547,182.8409423828125,47.17267990112305,67.32
2021-03-05,29.5067195892334,43.39866638183594,185.09925842285156,48.58890914916992,69.95
2021-03-08,30.145973205566406,44.12496566772461,186.65237426757812,48.21299743652344,68.0
2021-03-09,30.50457000732422,43.458473205566406,186.15252685546875,48.62388229370117,67.03
2021-03-10,30.800800323486328,43.954071044921875,190.40133666992188,49.1221923828125,67.53
2021-03-11,30.29677963256836,43.47557067871094,188.8481903076172,49.192134857177734,69.34
2021-03-12,30.013261795043945,43.389408111572266,189.53549194335938,49.71665573120117,68.87
2021-03-15,30.344026565551758,43.966670989990234,196.783447265625,50.031375885009766,68.78
2021-03-16,30.509410858154297,44.130367279052734,196.24789428710938,50.512184143066406,67.95
2021-03-17,30.777183532714844,44.14760208129883,200.0414581298828,50.634578704833984,67.73
2021-03-18,30.666919708251953,43.570343017578125,198.96136474609375,50.6258430480957,62.11
2021-03-19,30.824430465698242,43.77712631225586,198.5508270263672,50.79193878173828,64.0
2021-03-22,31.14732551574707,43.940826416015625,200.89834594726562,51.43885803222656,63.89
2021-03-23,30.65117645263672,44.276832580566406,200.27354431152344,51.22904968261719,59.96
2021-03-24,30.10776710510254,44.38884735107422,199.9879150390625,50.75697326660156,63.7
2021-03-25,30.871679306030273,44.81964111328125,200.12176513671875,51.19408416748047,61.21
2021-03-26,31.52535057067871,45.69845962524414,201.02328491210938,51.96338653564453,63.77
2021-03-29,32.116004943847656,46.396339416503906,202.93348693847656,52.61030578613281,64.06
2021-03-30,31.722230911254883,45.79323196411133,200.8179931640625,51.65678787231445,63.28
2021-03-31,31.501718521118164,45.41413116455078,200.0682373046875,51.43709182739258,63.52
2021-04-01,31.52535057067871,45.241817474365234,201.02328491210938,51.35799789428711,63.85
2021-04-06,32.05299377441406,45.827693939208984,207.00379943847656,51.929229736328125,61.47
2021-04-07,32.00574493408203,45.90523910522461,207.6285858154297,52.0171012878418,61.86
2021-04-08,32.139617919921875,45.76738739013672,205.5220184326172,51.832557678222656,62.09
2021-04-09,31.61197280883789,45.81907272338867,206.6199493408203,51.71831130981445,61.89
2021-04-12,32.05299377441406,45.965553283691406,206.15582275390625,51.50739288330078,62.38
2021-04-13,32.226253509521484,45.74153137207031,206.47714233398438,51.577701568603516,62.83
2021-04-14,31.714345932006836,45.7329216003418,205.57557678222656,51.25254440307617,66.11
2021-04-15,32.32863998413086,45.94832229614258,206.44140625,51.59528350830078,66.13
2021-04-16,32.28926086425781,46.24987030029297,208.04811096191406,51.648006439208984,65.98
2021-04-19,32.249881744384766,46.52557373046875,206.91452026367188,51.577701568603516,66.54
2021-04-20,32.31288146972656,46.67204666137695,207.98561096191406,52.0346794128418,65.34
2021-04-21,32.746036529541016,47.0511360168457,207.31614685058594,52.35105514526367,64.02
2021-04-22,32.2656364440918,46.90467071533203,207.9409942626953,52.3334846496582,65.07
2021-04-23,31.82460594177246,46.93052291870117,209.38697814941406,52.29832077026367,65.75
2021-04-26,31.604101181030273,46.232643127441406,207.3607635498047,51.648006439208984,65.5
2021-04-27,31.580472946166992,46.16370391845703,209.7440643310547,51.604068756103516,66.25
2021-04-28,31.596220016479492,46.172325134277344,207.4500732421875,53.50231170654297,67.08
2021-04-29,32.82872772216797,46.74958419799805,209.9493408203125,53.5286750793457,68.26
2021-04-30,32.51763916015625,46.508338928222656,210.72592163085938,53.440792083740234,67.73
2021-05-04,33.360321044921875,46.64619827270508,208.7443389892578,53.3792839050293,68.91
2021-05-05,33.44694900512695,46.52557373046875,209.79759216308594,53.73079299926758,69.71
2021-05-06,33.95885467529297,46.9908332824707,209.63694763183594,54.240509033203125,68.62
2021-05-07,34.24237060546875,46.96499252319336,209.6190643310547,54.354759216308594,68.73
2021-05-10,34.35261535644531,47.30961990356445,211.64532470703125,54.548095703125,68.61
2021-05-11,34.0651741027832,46.80126953125,208.7443389892578,54.44264221191406,68.83
2021-05-12,33.80134201049805,46.56004333496094,203.46011352539062,54.09989929199219,69.62
2021-05-13,34.510135650634766,46.96499252319336,205.09356689453125,54.829315185546875,67.36
2021-05-14,34.43925094604492,47.1545295715332,206.8341827392578,54.811744689941406,69.24
2021-05-17,34.494380950927734,47.076995849609375,206.79847717285156,54.899627685546875,69.62
2021-05-18,34.40380859375,46.81851577758789,207.02159118652344,54.64476776123047,69.01
2021-05-19,34.3132438659668,46.67204666137695,205.43276977539062,54.785377502441406,66.88
2021-05-20,34.54950714111328,47.085609436035156,207.24478149414062,55.462066650390625,65.18
2021-05-21,34.7542724609375,47.059757232666016,206.4057159423828,55.68177032470703,66.72
2021-05-24,35.06140899658203,47.21484375,207.00379943847656,55.96298599243164,68.59
2021-05-25,34.77002716064453,47.20623016357422,207.20901489257812,55.989356994628906,68.8
2021-05-26,34.79364776611328,47.41301345825195,207.396484375,55.91905212402344,68.93
2021-05-27,34.5154914855957,47.80934143066406,209.63694763183594,55.63783264160156,69.43
2021-05-28,34.64265823364258,47.637020111083984,209.92416381835938,55.831172943115234,69.36
2021-06-01,34.84927749633789,47.62840270996094,209.34072875976562,55.65541076660156,70.03
2021-06-02,35.040016174316406,47.817955017089844,209.82542419433594,55.91026306152344,70.6
2021-06-03,34.960548400878906,47.93857192993164,208.6317138671875,56.015708923339844,70.71
2021-06-04,34.93669891357422,48.455535888671875,209.46640014648438,56.261783599853516,71.3
2021-06-07,34.87311935424805,48.2832145690918,207.94956970214844,55.954200744628906,70.89
2021-06-08,34.79364776611328,47.94719314575195,208.8022003173828,55.62025451660156,71.39
2021-06-09,34.205543518066406,47.80070877075195,207.7521209716797,55.63783264160156,71.31
2021-06-10,34.13401412963867,48.171199798583984,210.55239868164062,55.91905212402344,71.65
2021-06-11,34.50753402709961,48.386600494384766,212.6526336669922,56.050865173339844,72.05
2021-06-14,34.03070068359375,48.2216682434082,212.69754028320312,56.05965805053711,72.27
2021-06-15,33.98300552368164,48.10013961791992,212.132080078125,55.94541549682617,73.38
2021-06-16,33.30748748779297,47.45775604248047,211.44097900390625,55.13690185546875,73.88
2021-06-17,32.84654235839844,47.70082092285156,209.91517639160156,55.53238296508789,72.92
2021-06-18,32.18690872192383,46.6765022277832,206.09165954589844,54.60961151123047,73.1
2021-06-21,32.44916915893555,47.18865203857422,209.03555297851562,55.06660461425781,74.49
2021-06-22,32.22664260864258,47.362266540527344,209.91517639160156,55.25115203857422,74.92
2021-06-23,31.900793075561523,46.980308532714844,209.34072875976562,54.776588439941406,75.22
2021-06-24,32.083595275878906,47.214691162109375,209.42152404785156,55.05781173706055,75.95
2021-06-25,32.337913513183594,47.1539192199707,208.60479736328125,55.52359390258789,76.45
2021-06-28,32.48890686035156,47.10184097290039,207.4110565185547,55.53238296508789,74.78
2021-06-29,32.250484466552734,46.75461959838867,206.76480102539062,55.05984878540039,75.38
2021-06-30,32.40943145751953,46.97163772583008,207.32130432128906,55.148170471191406,76.94
2021-07-01,32.17896270751953,46.841434478759766,208.47015380859375,55.1746711730957,76.69
2021-07-02,32.09153747558594,47.03239822387695,209.69082641601562,55.28948211669922,77.51
2021-07-06,31.511384963989258,46.771976470947266,208.9009552001953,55.05984878540039,75.81
2021-07-07,31.670320510864258,47.1539192199707,210.58831787109375,55.68693542480469,74.31
2021-07-08,31.471633911132812,46.98899841308594,208.9817352294922,55.598609924316406,75.07
2021-07-09,31.74980354309082,47.27546691894531,211.53074645996094,55.66043472290039,77.14
2021-07-12,31.622642517089844,47.292823791503906,211.46792602539062,55.598609924316406,76.77
2021-07-13,31.121959686279297,47.76158905029297,211.9705352783203,55.70459747314453,77.5
2021-07-14,30.986846923828125,48.8380012512207,212.83213806152344,56.09321594238281,75.74
2021-07-15,31.336530685424805,48.99425506591797,212.60775756835938,56.63198471069336,74.53
2021-07-16,31.233217239379883,48.959529876708984,210.69601440429688,56.7556266784668,74.46
2021-07-19,31.265010833740234,48.37791442871094,205.76856994628906,56.54364776611328,69.33
2021-07-20,31.312702178955078,48.46472930908203,210.26519775390625,56.88811492919922,70.03
2021-07-21,31.288850784301758,49.089744567871094,211.7550811767578,56.54364776611328,72.54
2021-07-22,30.83584976196289,49.020301818847656,214.2144012451172,56.38467788696289,74.25
2021-07-23,31.169639587402344,49.48905944824219,218.06478881835938,57.31206130981445,74.86
2021-07-26,31.408058166503906,49.53245544433594,218.98025512695312,57.26789474487305,74.79
2021-07-27,31.209373474121094,49.70606994628906,221.107421875,57.61235427856445,74.87
2021-07-28,30.931222915649414,49.25467300415039,217.00567626953125,55.99606704711914,75.09
2021-07-29,30.978906631469727,49.523780822753906,219.01617431640625,55.934242248535156,76.3
2021-07-30,30.573591232299805,49.506412506103516,217.84042358398438,55.872413635253906,77.72
2021-08-02,30.6610107421875,49.37621307373047,215.49783325195312,56.0490608215332,73.91
2021-08-03,30.947107315063477,49.41093444824219,212.67059326171875,55.97840118408203,73.24
2021-08-04,29.357633590698242,48.6990966796875,210.76783752441406,54.51226043701172,70.99
2021-08-05,29.357633590698242,49.04634475708008,212.19491577148438,54.63590621948242,72.14
2021-08-06,29.564268112182617,49.16786575317383,212.05130004882812,54.5564079284668,71.02
2021-08-09,29.651691436767578,49.176551818847656,210.63319396972656,54.7772216796875,69.65
2021-08-10,29.77884864807129,49.3067626953125,209.52923583984375,54.79488754272461,71.14
2021-08-11,30.017274856567383,49.246002197265625,211.4140625,55.1746711730957,71.99
2021-08-12,29.691425323486328,49.341487884521484,212.4192657470703,55.104007720947266,71.79
2021-08-13,30.09674072265625,49.68003845214844,214.3489990234375,55.96073532104492,70.9
2021-08-16,30.2080078125,49.89704895019531,216.2786865234375,56.252201080322266,70.07
2021-08-17,30.128522872924805,49.72343444824219,215.6593780517578,56.578975677490234,69.4
2021-08-18,29.365589141845703,49.04634475708008,213.684814453125,55.616275787353516,68.61
2021-08-19,29.270212173461914,49.358848571777344,212.92189025878906,56.24336242675781,66.8
2021-08-20,29.08742332458496,49.16786575317383,214.0527801513672,56.0755500793457,65.51
2021-08-23,29.11921501159668,48.99425506591797,215.10293579101562,55.73109436035156,69.07
2021-08-24,29.04768943786621,48.6209716796875,213.9989471435547,54.98036575317383,71.21
2021-08-25,29.20663833618164,48.67306137084961,214.3579559326172,54.64473342895508,72.12
2021-08-26,28.666213989257812,48.21297836303711,212.67059326171875,54.264957427978516,70.42
2021-08-27,28.912580490112305,48.3084716796875,213.14630126953125,54.66240692138672,72.26
2021-08-31,28.922937393188477,48.881404876708984,214.29681396484375,54.821372985839844,73.45
2021-09-01,29.011333465576172,49.211273193359375,214.9194793701172,55.05101776123047,71.99
2021-09-02,28.98722267150879,49.28071975708008,216.47169494628906,54.68888854980469,73.56
2021-09-03,28.794349670410156,49.246002197265625,215.52415466308594,54.51226043701172,73.07
2021-09-07,28.657732009887695,48.325836181640625,213.1506805419922,53.0284423828125,71.52
2021-09-08,29.782825469970703,48.976890563964844,215.34361267089844,53.752689361572266,72.36
2021-09-09,29.38100814819336,48.49076843261719,215.33462524414062,53.53188705444336,71.32
2021-09-10,29.196170806884766,48.27375030517578,215.8489990234375,53.196258544921875,72.44
2021-09-13,29.44529914855957,48.67306137084961,217.68101501464844,53.673194885253906,72.97
2021-09-14,29.0997314453125,48.70804214477539,217.60877990722656,53.302242279052734,73.05
2021-09-15,29.107772827148438,48.874237060546875,217.47341918945312,53.44356155395508,74.84
2021-09-16,29.364933013916016,48.410667419433594,219.48590087890625,53.62019729614258,75.14
2021-09-17,29.372968673706055,47.61476516723633,218.8361358642578,53.823333740234375,74.64
2021-09-20,29.0997314453125,47.28240966796875,215.7677764892578,53.37290954589844,73.59
2021-09-21,28.88274574279785,47.273658752441406,217.0402374267578,53.18742752075195,73.65
2021-09-22,29.035444259643555,47.3436279296875,219.41372680664062,53.48771667480469,75.5
2021-09-23,29.180099487304688,47.264915466308594,220.90274047851562,53.63786315917969,76.44
2021-09-24,29.244388580322266,47.13371658325195,222.38279724121094,53.31108474731445,77.42
2021-09-27,29.606027603149414,46.888824462890625,223.90794372558594,52.52500915527344,78.85
2021-09-28,29.42922592163086,46.04043960571289,219.9912567138672,51.84493637084961,78.3
2021-09-29,30.16053581237793,46.320308685302734,220.45152282714844,52.466896057128906,77.86
2021-09-30,29.589950561523438,45.89175796508789,217.59075927734375,51.69388198852539,77.81
2021-10-01,29.477447509765625,46.37279510498047,219.2332305908203,51.72053909301758,79.4
2021-10-04,29.64620590209961,46.34654998779297,219.3685760498047,51.59614944458008,81.44
2021-10-05,29.79086685180664,46.42527389526367,221.29983520507812,52.27142333984375,82.72
2021-10-06,30.015880584716797,46.97628402709961,222.99644470214844,53.48868942260742,81.39
2021-10-07,29.798898696899414,47.124969482421875,224.0974578857422,53.2132568359375,82.34
2021-10-08,29.55780029296875,47.33488082885742,223.53790283203125,52.90226364135742,82.17
2021-10-11,29.55780029296875,47.431095123291016,222.5271759033203,52.795650482177734,83.75
2021-10-12,29.55780029296875,47.431095123291016,220.66812133789062,53.01777648925781,83.53
2021-10-13,29.573881149291992,47.439842224121094,218.98052978515625,53.27545166015625,83.53
2021-10-14,29.943552017211914,47.763450622558594,220.6951904296875,53.87075424194336,83.86
2021-10-15,29.71853256225586,47.64974594116211,218.61952209472656,53.44426727294922,84.67
2021-10-18,29.638179779052734,47.177452087402344,218.6285858154297,53.0888557434082,84.13
2021-10-19,29.58191680908203,47.361122131347656,219.08883666992188,53.1244010925293,85.02
2021-10-20,29.670312881469727,47.78094482421875,216.33631896972656,53.56865310668945,85.76
2021-10-21,29.236347198486328,47.53605270385742,217.85243225097656,53.453147888183594,84.58
2021-10-22,29.236347198486328,47.62351989746094,215.1811981201172,53.77301788330078,85.43
2021-10-25,29.107772827148438,47.431095123291016,214.1885223388672,53.613094329833984,84.85
2021-10-26,29.284574508666992,47.64101028442383,213.35826110839844,54.04845428466797,85.11
2021-10-27,29.25242042541504,48.559364318847656,219.05274963378906,53.657501220703125,84.12
2021-10-28,29.31671905517578,49.01417541503906,221.55250549316406,54.15508270263672,83.4
2021-10-29,28.84256935119629,49.30279541015625,221.59762573242188,53.9684944152832,83.1
2021-11-01,29.517627716064453,49.127872467041016,226.13699340820312,54.119537353515625,84.51
2021-11-02,29.798898696899414,49.06664276123047,224.92771911621094,54.519371032714844,84.42
2021-11-03,30.072126388549805,49.232826232910156,225.9745330810547,55.390113830566406,81.1
2021-11-04,29.88730239868164,49.50395965576172,228.7360382080078,55.16798782348633,80.15
2021-11-05,30.409658432006836,49.71387481689453,229.8641357421875,55.31903076171875,82.43
2021-11-08,29.89533805847168,49.267818450927734,228.4112091064453,54.98141098022461,83.22
2021-11-09,30.015880584716797,49.407752990722656,228.0050506591797,55.30126190185547,84.52
2021-11-10,30.128389358520508,49.608924865722656,228.4382781982422,55.736637115478516,82.91
2021-11-11,29.959627151489258,49.62641143798828,225.7579803466797,55.5056266784668,83.4
2021-11-12,29.911405563354492,49.51271057128906,226.2181854248047,55.78105545043945,82.9
2021-11-15,30.23285675048828,49.52145767211914,228.26675415039062,55.84325408935547,81.94
2021-11-16,29.766754150390625,49.171600341796875,227.8336181640625,55.5056266784668,82.85
2021-11-17,29.38100814819336,48.90046691894531,228.04115295410156,55.239070892333984,80.67
2021-11-18,28.4246768951416,48.46316146850586,228.75405883789062,55.390113830566406,82.45
2021-11-19,28.40056800842285,48.21826934814453,227.3733673095703,53.77301788330078,80.24
2021-11-22,28.505048751831055,48.5156364440918,228.75405883789062,54.172847747802734,80.97
2021-11-23,28.786317825317383,48.874237060546875,230.71243286132812,54.56379699707031,83.43
2021-11-24,28.59939193725586,48.48064422607422,232.03001403808594,54.483829498291016,82.37
2021-11-26,28.30681610107422,46.99378204345703,225.62258911132812,53.53311538696289,72.37
2021-11-29,28.26618003845215,47.73721694946289,225.88429260253906,53.87963104248047,73.34
2021-11-30,27.3153018951416,46.22999954223633,221.96408081054688,52.36915969848633,70.86
2021-12-01,26.722021102905273,46.09778594970703,221.58291625976562,52.03152084350586,69.53
2021-12-02,27.02272605895996,46.77647399902344,225.77536010742188,52.8311882019043,70.56
2021-12-03,27.33968162536621,47.19074249267578,226.25636291503906,53.54199981689453,70.71
2021-12-06,27.851699829101562,48.398277282714844,232.1185302734375,54.572669982910156,73.38
2021-12-07,28.04674530029297,48.66270065307617,235.85726928710938,54.56379699707031,75.54
2021-12-08,26.941457748413086,48.47760009765625,235.5577850341797,54.09288024902344,75.94
2021-12-09,27.201522827148438,48.35420608520508,238.06231689453125,54.190616607666016,74.1
2021-12-10,27.754169464111328,49.60580062866211,240.448974609375,55.31903076171875,74.98
2021-12-13,28.02236557006836,50.9102897644043,238.74295043945312,56.12758255004883,74.12
2021-12-14,28.26618003845215,50.94554901123047,238.22572326660156,56.32307052612305,73.37
2021-12-15,28.34744644165039,51.17472457885742,240.0406036376953,57.56698226928711,73.71
2021-12-16,29.257686614990234,51.69475173950195,240.9752960205078,58.36665344238281,74.64
2021-12-17,28.859453201293945,50.883846282958984,237.48159790039062,57.7180290222168,72.97
2021-12-20,28.664409637451172,50.71638107299805,237.50888061523438,57.55809020996094,70.51
2021-12-21,28.444976806640625,50.91910171508789,239.92263793945312,57.149375915527344,72.85
2021-12-22,28.53437042236328,51.280487060546875,240.4217529296875,57.602516174316406,74.69
2021-12-23,28.64815330505371,51.31574630737305,241.33827209472656,57.700252532958984,76.26
2021-12-29,29.1032772064209,51.95917892456055,243.6432342529297,58.97084045410156,78.63
2021-12-30,28.981367111206055,51.809326171875,242.48170471191406,58.72966766357422,78.61
2021-12-31,29.17641830444336,52.18833541870117,243.26210021972656,59.229862213134766,77.24
2022-01-03,29.371463775634766,52.26766586303711,243.72488403320312,58.92617416381836,78.25
2022-01-04,29.99725914001465,53.140262603759766,243.66139221191406,59.354915618896484,79.39
2022-01-05,29.875343322753906,53.580970764160156,242.46353149414062,60.21242904663086,80.6
2022-01-06,29.93224334716797,53.29890823364258,244.73214721679688,60.18563461303711,81.99
2022-01-07,30.354856491088867,53.17552185058594,242.34556579589844,60.337486267089844,82.28
2022-01-10,30.362977981567383,53.26366424560547,239.94081115722656,59.872989654541016,81.56
2022-01-11,30.549903869628906,53.28129577636719,237.86273193359375,60.07843780517578,84.98
2022-01-12,30.314212799072266,53.3606071472168,236.7738037109375,60.176700592041016,85.83
2022-01-13,30.598670959472656,53.677921295166016,237.2184295654297,60.4178581237793,85.8
2022-01-14,30.899372100830078,54.10981750488281,233.86083984375,60.82875442504883,87.17
2022-01-18,30.419870376586914,53.677921295166016,232.7446746826172,60.176700592041016,88.83
2022-01-19,30.24919891357422,53.76606369018555,231.60125732421875,60.382137298583984,89.64
2022-01-20,30.119163513183594,53.545711517333984,229.7047119140625,60.525047302246094,89.75
2022-01-21,30.070402145385742,53.28129577636719,231.0296173095703,61.06099319458008,89.75
2022-01-24,29.57465171813965,52.849395751953125,230.14028930664062,60.39107131958008,87.74
2022-01-25,29.428359985351562,52.72600555419922,227.4813995361328,59.828330993652344,89.49
2022-01-26,29.290193557739258,52.53208541870117,226.7282257080078,59.50678634643555,91.22
2022-01-27,29.330829620361328,52.5761604309082,225.72096252441406,60.26601791381836,90.7
2022-01-28,29.29831886291504,53.625038146972656,232.39076232910156,59.328125,91.47
2022-01-31,29.09514617919922,53.774871826171875,235.4398193359375,59.872989654541016,92.35
2022-02-01,29.363340377807617,53.37824249267578,235.02244567871094,59.56035614013672,90.24
2022-02-02,29.5665225982666,53.92472457885742,238.0078887939453,60.65010452270508,91.43
2022-02-03,29.127660751342773,54.30373001098633,236.5196990966797,60.68583297729492,92.99
2022-02-04,28.241796493530273,53.730812072753906,235.9933624267578,59.86405563354492,96.86
2022-02-07,28.21741485595703,54.2949104309082,235.80279541015625,60.274959564208984,97.28
2022-02-08,28.396211624145508,54.64748764038086,236.0115203857422,60.784095764160156,96.07
2022-02-09,28.404340744018555,53.80131530761719,235.81187438964844,60.703697204589844,94.95
2022-02-10,27.86794662475586,54.10099792480469,233.09857177734375,59.6407470703125,96.37
2022-02-11,28.22554588317871,53.140262603759766,231.54685974121094,59.578224182128906,97.5
2022-02-14,28.11176109313965,53.48401641845703,229.94061279296875,59.078025817871094,101.66
2022-02-15,28.18490219116211,53.68674087524414,230.32174682617188,58.83685302734375,98.43
2022-02-16,29.76157569885254,53.677921295166016,229.66839599609375,58.693931579589844,97.44
2022-02-17,30.712446212768555,54.75325012207031,227.70826721191406,59.006568908691406,95.28
2022-02-18,31.256967544555664,55.123435974121094,227.4088592529297,58.952972412109375,96.18
2022-02-22,32.8336296081543,54.89427185058594,229.3144989013672,59.37279510498047,98.73
2022-02-23,32.589813232421875,54.28609085083008,224.85887145996094,59.20307922363281,99.29
2022-02-24,31.679580688476562,53.33417510986328,222.3542938232422,57.74711608886719,101.29
2022-02-25,32.28910446166992,55.39667892456055,226.36524963378906,59.63182067871094,98.56
2022-02-28,31.874622344970703,54.859012603759766,223.35398864746094,58.48850631713867,103.08
2022-03-01,31.43576431274414,54.621036529541016,218.6636962890625,57.47021484375,110.93
2022-03-02,31.752723693847656,55.0264778137207,219.8590850830078,57.79177474975586,118.94
2022-03-03,32.4679069519043,55.06173324584961,215.94442749023438,57.97935485839844,115.36
2022-03-04,32.378509521484375,55.149879455566406,215.1779327392578,57.014671325683594,123.86
2022-03-07,32.63045883178711,53.83658218383789,204.7023468017578,55.85346603393555,129.02
2022-03-08,31.419506072998047,51.70355987548828,203.297119140625,54.30820083618164,133.18
2022-03-09,31.029399871826172,51.96798324584961,203.005126953125,54.74587631225586,116.58
2022-03-10,30.83228874206543,51.01606369018555,202.5762176513672,53.73652648925781,114.54
2022-03-11,30.6844539642334,51.05131530761719,207.0201416015625,52.80757141113281,118.11
2022-03-14,30.955486297607422,51.992767333984375,206.3905029296875,53.00407409667969,110.39
2022-03-15,31.062255859375,52.95197677612305,212.221435546875,54.63868713378906,105.14
2022-03-16,30.947269439697266,52.80986404418945,217.30406188964844,55.33540725708008,104.61
2022-03-17,31.0047607421875,53.369415283203125,216.6927032470703,55.62123107910156,113.5
2022-03-18,30.897994995117188,53.3782844543457,218.0157928466797,54.942378997802734,114.32
2022-03-21,30.897994995117188,53.80460739135742,214.7307891845703,54.817325592041016,122.29
2022-03-22,31.169023513793945,54.000003814697266,217.28579711914062,54.99597930908203,121.53
2022-03-23,31.44005584716797,53.644744873046875,215.46078491210938,54.29032516479492,127.52
2022-03-24,31.72752571105957,54.15987014770508,219.2386016845703,54.35285186767578,123.98
2022-03-25,32.26960372924805,54.648353576660156,220.44308471679688,54.951316833496094,122.67
2022-03-28,32.35173034667969,54.9947395324707,221.68408203125,54.99597930908203,114.5
2022-03-29,32.335304260253906,55.20790100097656,226.4564971923828,56.32688522338867,112.79
2022-03-30,32.35993957519531,55.25230407714844,227.2412567138672,56.362815856933594,115.59
2022-03-31,32.35173034667969,55.0657958984375,225.64434814453125,56.3897590637207,107.29
2022-04-01,32.79523849487305,55.8384895324707,227.44198608398438,57.06342315673828,106.13
2022-04-04,32.762386322021484,55.5453987121582,225.2337188720703,56.6233024597168,108.15
2022-04-05,32.515995025634766,55.48322296142578,226.76675415039062,56.59635543823242,106.6
2022-04-06,32.88557815551758,56.04276657104492,229.45863342285156,56.77599334716797,100.81
2022-04-07,33.10734176635742,56.34474182128906,232.10491943359375,56.488563537597656,99.83
2022-04-08,33.62477111816406,56.691123962402344,229.45863342285156,56.9466552734375,101.26
2022-04-11,33.87937927246094,56.67335891723633,228.53701782226562,56.955631256103516,97.92
2022-04-12,33.77260971069336,57.33946990966797,227.36900329589844,57.18916702270508,104.42
2022-04-13,34.49536895751953,57.490474700927734,229.34002685546875,57.350852966308594,108.49
2022-04-14,34.73354721069336,57.74803161621094,228.5917510986328,57.23408508300781,110.83
2022-04-19,34.99637222290039,57.79244613647461,233.0539093017578,58.57241439819336,105.49
2022-04-20,35.604148864746094,58.582889556884766,233.46453857421875,59.03948974609375,105.05
2022-04-21,36.13800811767578,58.804931640625,232.91705322265625,59.138282775878906,107.2
2022-04-22,35.46452331542969,57.952301025390625,228.28147888183594,58.43768310546875,105.15
2022-04-25,35.34954071044922,58.56513214111328,230.75440979003906,59.08439254760742,99.27
2022-04-26,34.74998092651367,57.77467727661133,226.83062744140625,57.521507263183594,102.89
2022-04-27,35.21813201904297,58.227638244628906,225.51661682128906,57.53049087524414,103.3
2022-04-28,35.817691802978516,58.78718185424805,231.9497528076172,59.479610443115234,105.78
2022-04-29,35.01279830932617,57.383880615234375,227.35987854003906,57.916717529296875,108.36
2022-05-03,34.807472229003906,56.0250129699707,224.3577117919922,58.1053466796875,104.94
2022-05-04,35.579505920410156,57.75690841674805,232.0684051513672,59.45267105102539,110.53
2022-05-05,35.43166732788086,57.295074462890625,227.14088439941406,58.59038162231445,112.11
2022-05-06,35.80126190185547,57.49934387207031,228.83810424804688,59.03948974609375,113.86
2022-05-09,36.29405212402344,57.383880615234375,225.8359832763672,59.533504486083984,106.67
2022-05-10,35.694488525390625,56.85099411010742,224.1843719482422,59.210147857666016,102.61
2022-05-11,35.72734832763672,57.117435455322266,223.04371643066406,58.88678741455078,107.7
2022-05-12,35.357757568359375,57.295074462890625,222.82473754882812,58.994571685791016,108.06
2022-05-13,36.37618637084961,58.36974334716797,223.60035705566406,59.62331771850586,112.12
2022-05-16,36.20370864868164,58.582889556884766,222.68785095214844,59.398773193359375,114.86
2022-05-17,35.448097229003906,58.42302703857422,220.48870849609375,59.0305061340332,112.89
2022-05-18,32.06425857543945,54.35527801513672,210.83438110351562,54.73704528808594,110.04
2022-05-19,31.670042037963867,53.28947448730469,208.96376037597656,54.88975143432617,113.22
2022-05-20,31.51398277282715,54.15987014770508,213.4441680908203,54.96160125732422,113.63
2022-05-23,32.0232048034668,55.82960510253906,217.17633056640625,55.72508239746094,115.13
2022-05-24,32.532413482666016,56.85986328125,223.12586975097656,56.587371826171875,115.77
2022-05-25,32.754173278808594,56.90427780151367,222.6604461669922,56.021488189697266,116.41
2022-05-26,30.75473976135254,57.108558654785156,226.3834686279297,56.13826370239258,119.81
2022-05-27,31.385276794433594,57.4460563659668,229.83274841308594,57.2700080871582,121.19
2022-05-31,31.385276794433594,56.29145050048828,230.1430206298828,57.09036636352539,125.53
2022-06-01,30.904081344604492,56.016117095947266,227.46934509277344,56.50651931762695,122.2
2022-06-03,30.115922927856445,55.927303314208984,227.88589477539062,56.057430267333984,125.68
2022-06-06,30.439476013183594,55.8384895324707,227.61978149414062,56.09334945678711,124.99
2022-06-07,30.763032913208008,56.17599105834961,228.4180908203125,56.802940368652344,126.89
2022-06-08,31.028518676757812,55.85625076293945,225.3625946044922,56.24604797363281,129.2
2022-06-09,30.920671463012695,54.888160705566406,222.19700622558594,54.99752426147461,128.47
2022-06-10,31.07000160217285,54.541778564453125,217.81106567382812,54.61130905151367,127.44
2022-06-13,29.90021324157715,54.479610443115234,218.8112030029297,53.17416000366211,128.44
2022-06-14,29.983173370361328,52.98566436767578,219.0772705078125,52.51846694946289,127.02
2022-06-15,30.0163631439209,53.37928009033203,219.2057342529297,53.030452728271484,124.96
2022-06-16,29.89191246032715,52.842533111572266,215.80160522460938,52.64421081542969,125.78
2022-06-17,29.51858139038086,53.16458511352539,215.05838012695312,52.814884185791016,119.22
2022-06-21,30.373111724853516,54.300697326660156,219.83885192871094,53.731056213378906,118.51
2022-06-22,30.738149642944336,54.70325469970703,223.02279663085938,54.144229888916016,115.54
2022-06-23,31.401857376098633,55.35628890991211,223.4999542236328,54.82686996459961,114.5
2022-06-24,31.858163833618164,56.39399719238281,227.46380615234375,56.27299118041992,117.36
2022-06-27,32.07387161254883,56.27770233154297,226.66552734375,56.255035400390625,119.69
2022-06-28,31.302295684814453,55.71411895751953,222.811767578125,55.437652587890625,122.21
2022-06-29,31.50971031188965,56.116676330566406,227.31700134277344,56.051918029785156,120.8
2022-06-30,31.642454147338867,56.27770233154297,226.52792358398438,56.08805847167969,119.78
2022-07-01,32.05727767944336,57.59273147583008,232.106689453125,57.21722412109375,119.21
2022-07-05,31.625858306884766,56.60869216918945,231.49191284179688,56.44035720825195,110.49
2022-07-06,31.692237854003906,56.72499084472656,230.73033142089844,56.37712860107422,108.54
2022-07-07,31.592676162719727,56.27770233154297,232.08831787109375,56.34098815917969,113.4
2022-07-08,31.833269119262695,56.483455657958984,232.3636016845703,56.40422821044922,113.95
2022-07-11,32.03239059448242,56.30453872680664,232.4003143310547,56.25968933105469,114.85
2022-07-12,32.19001770019531,56.06300354003906,230.74868774414062,56.512630462646484,106.98
2022-07-13,32.50527572631836,55.8035774230957,231.84056091308594,55.97966003417969,107.17
2022-07-14,32.156829833984375,55.62466049194336,231.77638244628906,54.995025634765625,107.74
2022-07-15,31.53460121154785,55.910926818847656,233.98770141601562,54.868553161621094,112.26
2022-07-18,31.883045196533203,55.15053939819336,231.61119079589844,54.25429153442383,117.27
2022-07-19,32.14023971557617,55.937767028808594,235.35487365722656,55.482818603515625,114.96
2022-07-20,31.742015838623047,55.01634979248047,233.59315490722656,55.509925842285156,115.86
2022-07-21,31.48482322692871,54.89111328125,232.5746612548828,55.419593811035156,112.81
2022-07-22,31.79178810119629,55.096858978271484,233.05178833007812,55.99772644042969,106.77
2022-07-25,31.841569900512695,55.63360595703125,229.73934936523438,56.69328689575195,108.23
2022-07-26,32.05727767944336,56.54607391357422,235.89622497558594,56.85588836669922,107.32
2022-07-27,30.149105072021484,56.36715316772461,237.54783630371094,57.47919464111328,109.64
2022-07-28,30.854299545288086,57.306461334228516,241.74107360839844,57.99409103393555,109.68
2022-07-29,30.555627822875977,57.40486526489258,241.6584930419922,57.84955978393555,111.51
2022-08-01,31.05341148376465,57.71796798706055,242.44761657714844,58.617393493652344,106.09
2022-08-02,30.771331787109375,56.930747985839844,239.52975463867188,58.49995803833008,106.51
2022-08-03,30.978748321533203,57.18122482299805,240.48402404785156,58.834197998046875,101.82
2022-08-04,30.721559524536133,56.95758056640625,239.1536102294922,58.03925704956055,97.99
2022-08-05,31.1695556640625,56.698158264160156,237.8598175048828,57.60565948486328,100.31
2022-08-08,31.35207176208496,56.33137130737305,235.63009643554688,57.75922775268555,103.46
2022-08-09,31.858163833618164,56.4029426574707,238.62135314941406,57.75019454956055,103.81
2022-08-10,32.04898452758789,56.93968963623047,239.81422424316406,58.237998962402344,105.06
2022-08-11,32.1319465637207,56.55502700805664,237.90565490722656,58.07538604736328,107.19
2022-08-12,32.08216857910156,56.98441696166992,240.56661987304688,57.99409103393555,103.7
2022-08-15,31.990907669067383,57.70008087158203,243.5578155517578,58.87936019897461,98.25
2022-08-16,32.21491622924805,58.174198150634766,244.33782958984375,59.58395767211914,95.36
2022-08-17,31.692237854003906,58.04001998901367,244.8240966796875,59.17746353149414,97.22
2022-08-18,31.742015838623047,58.344173431396484,244.6038360595703,59.213600158691406,96.35
2022-08-19,31.96602439880371,58.29943084716797,244.56719970703125,59.04196548461914,96.45
2022-08-22,31.8664608001709,57.43170166015625,241.27316284179688,58.27412414550781,95.06
2022-08-23,32.12364959716797,57.494319915771484,239.0618133544922,57.56049346923828,99.49
2022-08-24,32.28128433227539,57.574832916259766,239.3553924560547,58.35542678833008,99.87
2022-08-25,32.36509704589844,57.852149963378906,240.91529846191406,58.22895812988281,98.81
2022-08-26,31.94597816467285,56.45661926269531,235.76776123046875,56.666194915771484,101.13
2022-08-30,31.359188079833984,55.59783172607422,232.59300231933594,55.871253967285156,99.34
2022-08-31,31.35081672668457,55.2042121887207,232.74981689453125,55.88029479980469,96.55
2022-09-01,31.6022891998291,55.46364212036133,236.61544799804688,55.97966003417969,92.24
2022-09-02,31.27536964416504,54.70325469970703,234.8072052001953,54.859519958496094,93.09
2022-09-06,31.375959396362305,54.73008728027344,234.69647216796875,54.2000846862793,91.43
2022-09-07,31.283754348754883,55.74095916748047,238.41448974609375,55.482818603515625,86.83
2022-09-08,30.2275447845459,55.570987701416016,239.9459991455078,55.058258056640625,87.99
2022-09-09,30.56285285949707,55.74990463256836,239.42933654785156,55.401527404785156,91.68
2022-09-12,30.78917121887207,55.910926818847656,240.2135467529297,55.916419982910156,93.45
2022-09-13,29.38928985595703,54.09494400024414,234.6411590576172,54.09168243408203,92.04
2022-09-14,29.305461883544922,54.381202697753906,235.9235076904297,54.416893005371094,92.83
2022-09-15,29.01207733154297,53.642303466796875,233.84771728515625,53.811649322509766,89.28
2022-09-16,29.095895767211914,53.65131378173828,235.17623901367188,54.47108840942383,89.43
2022-09-20,28.450443267822266,53.9757080078125,235.6282958984375,53.9742546081543,89.62
2022-09-21,28.869569778442383,53.52517318725586,231.6427459716797,53.9742546081543,89.86
2022-09-22,28.71868896484375,53.39900207519531,228.74581909179688,54.01941680908203,90.4
2022-09-23,28.433673858642578,52.80427551269531,226.90988159179688,53.251590728759766,84.29
2022-09-26,28.551036834716797,52.146484375,224.88941955566406,52.709590911865234,82.55
2022-09-27,27.62056541442871,50.80384826660156,218.37594604492188,52.01401901245117,85.97
2022-09-28,28.182201385498047,51.344505310058594,218.59738159179688,52.51988220214844,89.55
2022-09-29,28.131906509399414,50.975059509277344,216.2539825439453,51.53323745727539,89.41
2022-09-30,27.95587158203125,50.47945022583008,212.87738037109375,49.86001968383789,88.9
2022-10-03,28.46721076965332,51.04715347290039,217.12123107910156,51.24223709106445,90.68
2022-10-04,28.77736473083496,51.16428756713867,220.03662109375,52.31528091430664,93.74
2022-10-05,28.408527374267578,50.677696228027344,220.58090209960938,52.05155944824219,94.35
2022-10-06,28.014549255371094,49.58736801147461,216.57687377929688,50.93305206298828,95.65
2022-10-07,27.687623977661133,49.118797302246094,215.1376953125,50.25103759765625,98.88
2022-10-10,28.559410095214844,49.01066589355469,216.76141357421875,50.57841491699219,97.13
2022-10-11,29.288694381713867,49.09176254272461,218.69883728027344,51.17858123779297,95.17
2022-10-12,29.590473175048828,49.686485290527344,218.70806884765625,51.67873764038086,93.44
2022-10-13,29.99283790588379,50.34429168701172,227.64793395996094,52.45167922973633,95.16
2022-10-14,29.950925827026367,49.54231262207031,224.33584594726562,51.77875900268555,92.22
2022-10-17,29.74974250793457,50.18209457397461,227.39883422851562,52.233436584472656,91.04
2022-10-18,30.235937118530273,50.85791778564453,229.89906311035156,53.06094741821289,89.46
2022-10-19,30.42034339904785,50.425384521484375,231.33828735351562,52.46987533569336,91.34
2022-10-20,29.62400245666504,49.632423400878906,230.43417358398438,51.75148010253906,91.52
2022-10-21,29.515031814575195,50.425384521484375,234.84408569335938,52.1515998840332,91.82
2022-10-24,30.61314582824707,51.87615203857422,235.55450439453125,53.41560745239258,91.57
2022-10-25,31.065807342529297,53.11967086791992,235.9327392578125,53.93393325805664,91.76
2022-10-26,30.940065383911133,53.516151428222656,236.74459838867188,54.470462799072266,92.93
2022-10-27,31.87053108215332,53.642303466796875,244.58657836914062,54.843292236328125,94.17
2022-10-28,32.6417236328125,54.75065231323242,253.26812744140625,56.107295989990234,94.64
2022-10-31,32.24774932861328,53.9306526184082,251.55209350585938,55.9072380065918,93.3
2022-11-01,32.03818130493164,53.741424560546875,251.81961059570312,56.26188659667969,95.12
2022-11-02,31.95435905456543,52.99351501464844,249.43943786621094,56.90753173828125,96.07
2022-11-03,31.845386505126953,52.96648406982422,251.81961059570312,56.38010025024414,95.29
2022-11-04,31.87053108215332,53.39900207519531,253.3603515625,57.48951721191406,99.53
2022-11-07,31.99627113342285,53.60625457763672,255.0118408203125,58.553466796875,99.87
2022-11-08,31.93759536743164,53.705379486083984,256.8477783203125,58.126060485839844,96.85
2022-11-09,31.62743377685547,52.95746994018555,256.28497314453125,57.644107818603516,93.05
2022-11-10,31.744787216186523,54.85878372192383,254.52285766601562,59.08999252319336,94.25
2022-11-11,31.00712776184082,55.25526809692383,250.3804473876953,58.92630386352539,96.37
2022-11-14,30.86461639404297,54.72361755371094,251.1922607421875,58.28974914550781,93.59
